<?xml version="1.0" encoding="utf-8"?>
<COLLADA xmlns="http://www.collada.org/2005/11/COLLADASchema" version="1.4.1" xmlns:xsi="http://www.w3.org/2001/XMLSchema-instance">
  <asset>
    <contributor>
      <author>Blender User</author>
      <authoring_tool>Blender 4.4.1 commit date:2025-04-14, commit time:14:20, hash:d8845b3bb572</authoring_tool>
    </contributor>
    <created>2025-07-09T00:11:33</created>
    <modified>2025-07-09T00:11:33</modified>
    <unit name="meter" meter="1"/>
    <up_axis>Z_UP</up_axis>
  </asset>
  <library_effects>
    <effect id="Yellow-effect">
      <profile_COMMON>
        <technique sid="common">
          <lambert>
            <emission>
              <color sid="emission">0 0 0 1</color>
            </emission>
            <diffuse>
              <color sid="diffuse">0.5127721 0.4749476 0.009060239 1</color>
            </diffuse>
            <index_of_refraction>
              <float sid="ior">1.5</float>
            </index_of_refraction>
          </lambert>
        </technique>
      </profile_COMMON>
    </effect>
    <effect id="Pink-effect">
      <profile_COMMON>
        <technique sid="common">
          <lambert>
            <emission>
              <color sid="emission">0 0 0 1</color>
            </emission>
            <diffuse>
              <color sid="diffuse">0.8013581 0.005261878 0.2739176 1</color>
            </diffuse>
            <index_of_refraction>
              <float sid="ior">1.5</float>
            </index_of_refraction>
          </lambert>
        </technique>
      </profile_COMMON>
    </effect>
  </library_effects>
  <library_images/>
  <library_materials>
    <material id="Yellow-material" name="Yellow">
      <instance_effect url="#Yellow-effect"/>
    </material>
    <material id="Pink-material" name="Pink">
      <instance_effect url="#Pink-effect"/>
    </material>
  </library_materials>
  <library_geometries>
    <geometry id="Cube_004-mesh" name="Cube.004">
      <mesh>
        <source id="Cube_004-mesh-positions">
          <float_array id="Cube_004-mesh-positions-array" count="1614">-1 -1 -1 -1 1 -1 1 -1 -1 1 -1 1 1 1 -1 1 1 1 -0.9634958 -1 1 -0.9634958 1 1 -0.9634958 -1 1 -1 -1 -0.3668113 -1 1 -0.3668115 -0.9634958 1 1 -6.098873 3.895911 -72.68577 -6.098873 3.821052 -75.82395 -6.098873 3.239331 -81.62256 -6.366577 3.821052 -72.68577 -6.361433 3.747631 -75.82395 -6.346199 3.530192 -78.84154 -6.321461 3.177088 -81.62256 -6.288168 2.701892 -84.06015 -6.247601 2.122863 -86.06063 -6.201319 1.462253 -87.54711 -6.151099 0.7454503 -88.46249 -6.623993 3.599352 -72.68577 -6.613903 3.530192 -75.82395 -6.584021 3.325368 -78.84154 -6.535494 2.992752 -81.62256 -6.470189 2.545126 -84.06015 -6.390614 1.999693 -86.06063 -6.299828 1.377413 -87.54711 -6.201319 0.7021988 -88.46249 -6.861229 3.239331 -72.68577 -6.846581 3.177088 -75.82395 -6.803198 2.992752 -78.84154 -6.732749 2.693405 -81.62256 -6.63794 2.290553 -84.06015 -6.522415 1.799676 -86.06063 -6.390614 1.239639 -87.54711 -6.247601 0.6319622 -88.46249 -7.069169 2.754824 -72.68577 -7.050525 2.701891 -75.82395 -6.995309 2.545126 -78.84154 -6.905644 2.290553 -81.62256 -6.784976 1.947955 -84.06015 -6.63794 1.530498 -86.06063 -6.470189 1.054226 -87.54711 -6.288168 0.5374396 -88.46249 -7.23982 2.164451 -72.68577 -7.217897 2.122862 -75.82395 -7.15297 1.999693 -78.84154 -7.047536 1.799676 -81.62256 -6.905644 1.530499 -84.06015 -6.732749 1.202505 -86.06063 -6.535494 0.8282999 -87.54711 -6.32146 0.4222636 -88.46249 -7.366625 1.4909 -72.68577 -7.342266 1.462253 -75.82395 -7.270123 1.377413 -78.84154 -7.15297 1.239638 -81.62256 -6.995309 1.054226 -84.06015 -6.803198 0.8282997 -86.06063 -6.584021 0.5705429 -87.54711 -6.346199 0.2908602 -88.46249 -7.444712 0.7600538 -72.68577 -7.418852 0.7454499 -75.82395 -7.342266 0.702199 -78.84154 -7.217897 0.6319618 -81.62256 -7.050525 0.5374398 -84.06015 -6.846581 0.4222635 -86.06063 -6.613903 0.2908602 -87.54711 -6.361433 0.1482792 -88.46249 -7.471078 -6.3859e-7 -72.68577 -7.444712 -3.48322e-7 -75.82395 -7.366626 1.74161e-7 -78.84154 -7.23982 -3.48322e-7 -81.62256 -7.069169 0 -84.06015 -6.861229 -2.03188e-7 -86.06063 -6.623993 0 -87.54711 -6.366577 0 -88.46249 -7.444712 -0.760055 -72.68577 -7.418852 -0.7454505 -75.82395 -7.342266 -0.7021986 -78.84154 -7.217897 -0.6319625 -81.62256 -7.050525 -0.5374396 -84.06015 -6.846581 -0.4222638 -86.06063 -6.613903 -0.2908603 -87.54711 -6.361433 -0.1482793 -88.46249 -7.366625 -1.490901 -72.68577 -7.342266 -1.462253 -75.82395 -7.270123 -1.377412 -78.84154 -7.15297 -1.239639 -81.62256 -6.995309 -1.054226 -84.06015 -6.803198 -0.8283 -86.06063 -6.584021 -0.570543 -87.54711 -6.346199 -0.2908602 -88.46249 -7.23982 -2.164452 -72.68577 -7.217897 -2.122863 -75.82395 -7.15297 -1.999693 -78.84154 -7.047535 -1.799676 -81.62256 -6.905644 -1.530499 -84.06015 -6.732749 -1.202505 -86.06063 -6.535494 -0.8282999 -87.54711 -6.32146 -0.4222635 -88.46249 -7.069168 -2.754825 -72.68577 -7.050525 -2.701891 -75.82395 -6.995309 -2.545126 -78.84154 -6.905644 -2.290553 -81.62256 -6.784976 -1.947955 -84.06015 -6.63794 -1.530499 -86.06063 -6.470189 -1.054226 -87.54711 -6.288168 -0.5374395 -88.46249 -6.861229 -3.239331 -72.68577 -6.84658 -3.177088 -75.82395 -6.803198 -2.992751 -78.84154 -6.732749 -2.693405 -81.62256 -6.63794 -2.290553 -84.06015 -6.522415 -1.799676 -86.06063 -6.390614 -1.239638 -87.54711 -6.247601 -0.631962 -88.46249 -6.623992 -3.599351 -72.68577 -6.613903 -3.530191 -75.82395 -6.584021 -3.325367 -78.84154 -6.535494 -2.992751 -81.62256 -6.470189 -2.545126 -84.06015 -6.390614 -1.999692 -86.06063 -6.299828 -1.377412 -87.54711 -6.201319 -0.7021985 -88.46249 -6.366576 -3.82105 -72.68577 -6.361433 -3.747631 -75.82395 -6.346199 -3.530191 -78.84154 -6.32146 -3.177088 -81.62256 -6.288168 -2.701891 -84.06015 -6.247601 -2.122862 -86.06063 -6.201318 -1.462253 -87.54711 -6.151099 -0.7454499 -88.46249 -6.098872 -3.895908 -72.68577 -6.098873 -3.821051 -75.82395 -6.098873 -3.599351 -78.84154 -6.098873 -3.23933 -81.62256 -6.098873 -2.754825 -84.06015 -6.098873 -2.164451 -86.06063 -6.098873 -1.4909 -87.54711 -6.098873 -0.760054 -88.46249 -5.831168 -3.821049 -72.68577 -5.836312 -3.74763 -75.82395 -5.851546 -3.530191 -78.84154 -5.876285 -3.177087 -81.62256 -5.909577 -2.701891 -84.06015 -5.950144 -2.122862 -86.06063 -5.996427 -1.462253 -87.54711 -6.046646 -0.7454498 -88.46249 -5.573752 -3.599349 -72.68577 -5.583842 -3.53019 -75.82395 -5.613725 -3.325367 -78.84154 -5.662251 -2.992751 -81.62256 -5.727556 -2.545126 -84.06015 -5.807131 -1.999692 -86.06063 -5.897918 -1.377412 -87.54711 -5.996427 -0.7021983 -88.46249 -5.336516 -3.239328 -72.68577 -5.351164 -3.177087 -75.82395 -5.394547 -2.992751 -78.84154 -5.464996 -2.693404 -81.62256 -5.559805 -2.290553 -84.06015 -5.67533 -1.799675 -86.06063 -5.807131 -1.239638 -87.54711 -5.950144 -0.6319618 -88.46249 -5.128577 -2.754822 -72.68577 -5.147221 -2.70189 -75.82395 -5.202436 -2.545126 -78.84154 -5.292101 -2.290552 -81.62256 -5.41277 -1.947955 -84.06015 -5.559805 -1.530497 -86.06063 -5.727556 -1.054225 -87.54711 -5.909577 -0.5374392 -88.46249 -6.098873 0 -88.77157 -4.957926 -2.164449 -72.68577 -4.979848 -2.122861 -75.82395 -5.044775 -1.999692 -78.84154 -5.15021 -1.799675 -81.62256 -5.292101 -1.530498 -84.06015 -5.464996 -1.202504 -86.06063 -5.662251 -0.8282996 -87.54711 -5.876285 -0.4222633 -88.46249 -4.83112 -1.490898 -72.68577 -4.85548 -1.462252 -75.82395 -4.927622 -1.377412 -78.84154 -5.044775 -1.239637 -81.62256 -5.202436 -1.054226 -84.06015 -5.394547 -0.8282989 -86.06063 -5.613725 -0.5705426 -87.54711 -5.851546 -0.2908599 -88.46249 -4.753035 -0.7600521 -72.68577 -4.778893 -0.745449 -75.82395 -4.85548 -0.7021986 -78.84154 -4.979849 -0.6319613 -81.62256 -5.147221 -0.5374395 -84.06015 -5.351165 -0.4222628 -86.06063 -5.583842 -0.2908599 -87.54711 -5.836313 -0.148279 -88.46249 -4.726668 1.74161e-6 -72.68577 -4.753034 1.04496e-6 -75.82395 -4.83112 0 -78.84154 -4.957926 6.3859e-7 -81.62256 -5.128577 0 -84.06015 -5.336516 5.80536e-7 -86.06063 -5.573752 2.03188e-7 -87.54711 -5.831169 0 -88.46249 -4.753035 0.7600556 -72.68577 -4.778894 0.745451 -75.82395 -4.85548 0.7021986 -78.84154 -4.979849 0.6319626 -81.62256 -5.147221 0.5374397 -84.06015 -5.351165 0.4222639 -86.06063 -5.583842 0.2908603 -87.54711 -5.836313 0.1482792 -88.46249 -4.831121 1.490901 -72.68577 -4.85548 1.462254 -75.82395 -4.927622 1.377412 -78.84154 -5.044775 1.239638 -81.62256 -5.202436 1.054226 -84.06015 -5.394547 0.8282998 -86.06063 -5.613725 0.5705429 -87.54711 -5.851547 0.2908601 -88.46249 -4.957927 2.164452 -72.68577 -4.979849 2.122863 -75.82395 -5.044775 1.999692 -78.84154 -5.15021 1.799676 -81.62256 -5.292101 1.530498 -84.06015 -5.464997 1.202505 -86.06063 -5.662251 0.8282997 -87.54711 -5.876285 0.4222633 -88.46249 -5.128578 2.754823 -72.68577 -5.147221 2.701891 -75.82395 -5.202436 2.545125 -78.84154 -5.292102 2.290552 -81.62256 -5.41277 1.947955 -84.06015 -5.559806 1.530498 -86.06063 -5.727557 1.054225 -87.54711 -5.909577 0.5374392 -88.46249 -5.336517 3.239329 -72.68577 -5.351165 3.177087 -75.82395 -5.394547 2.992751 -78.84154 -5.464997 2.693404 -81.62256 -5.559805 2.290553 -84.06015 -5.675331 1.799675 -86.06063 -5.807132 1.239638 -87.54711 -5.950144 0.6319617 -88.46249 -5.573753 3.599349 -72.68577 -5.583843 3.53019 -75.82395 -5.613725 3.325366 -78.84154 -5.662251 2.99275 -81.62256 -5.727557 2.545126 -84.06015 -5.807132 1.999691 -86.06063 -5.897918 1.377412 -87.54711 -5.996427 0.7021981 -88.46249 -5.83117 3.821048 -72.68577 -5.836313 3.74763 -75.82395 -5.851546 3.53019 -78.84154 -5.876286 3.177086 -81.62256 -5.909577 2.701891 -84.06015 -5.950145 2.12286 -86.06063 -5.996427 1.462253 -87.54711 -6.046646 0.7454495 -88.46249 -6.098873 3.59935 -78.84154 -6.098873 2.754824 -84.06015 -6.098873 2.164449 -86.06063 -6.098873 1.4909 -87.54711 -6.098873 0.7600536 -88.46249 -6.098873 4.329693 -72.68577 -6.098873 4.246499 -76.17337 -6.098873 3.600008 -82.61761 -6.396384 4.246499 -72.68577 -6.390667 4.164904 -76.17337 -6.373737 3.923253 -79.52694 -6.346244 3.530835 -82.61761 -6.309245 3.002728 -85.3266 -6.264161 2.359229 -87.54982 -6.212725 1.625065 -89.20182 -6.156914 0.8284509 -90.21911 -6.682462 4.000114 -72.68577 -6.671248 3.923253 -76.17337 -6.638039 3.695624 -79.52694 -6.584109 3.325973 -82.61761 -6.511532 2.828508 -85.3266 -6.423097 2.222344 -87.54982 -6.322203 1.530778 -89.20182 -6.212725 0.7803837 -90.21911 -6.946113 3.600008 -72.68577 -6.929833 3.530835 -76.17337 -6.88162 3.325973 -79.52694 -6.803327 2.993297 -82.61761 -6.697962 2.54559 -85.3266 -6.569574 2.000057 -87.54982 -6.423097 1.377663 -89.20182 -6.264161 0.7023267 -90.21911 -7.177204 3.061554 -72.68577 -7.156485 3.002728 -76.17337 -7.095121 2.828508 -79.52694 -6.995472 2.54559 -82.61761 -6.861368 2.164846 -85.3266 -6.697962 1.700909 -87.54982 -6.511532 1.171606 -89.20182 -6.309245 0.5972797 -90.21911 -7.366857 2.405447 -72.68577 -7.342493 2.359228 -76.17337 -7.270337 2.222345 -79.52694 -7.153163 2.000057 -82.61761 -6.995473 1.700909 -85.3266 -6.803327 1.336395 -87.54982 -6.584109 0.9205253 -89.20182 -6.346244 0.4692796 -90.21911 -7.507781 1.656901 -72.68577 -7.480709 1.625064 -76.17337 -7.400534 1.530778 -79.52694 -7.270337 1.377663 -82.61761 -7.095121 1.171606 -85.3266 -6.88162 0.920525 -87.54982 -6.638039 0.6340688 -89.20182 -6.373737 0.3232454 -90.21911 -7.594562 0.8446804 -72.68577 -7.565823 0.8284505 -76.17337 -7.480709 0.7803839 -79.52694 -7.342492 0.7023263 -82.61761 -7.156485 0.5972799 -85.3266 -6.929833 0.4692795 -87.54982 -6.671248 0.3232454 -89.20182 -6.390667 0.164789 -90.21911 -7.623864 -7.09692e-7 -72.68577 -7.594562 -3.87105e-7 -76.17337 -7.507781 1.93552e-7 -79.52694 -7.366857 -3.87105e-7 -82.61761 -7.177204 0 -85.3266 -6.946112 -2.25811e-7 -87.54982 -6.682462 0 -89.20182 -6.396384 0 -90.21911 -7.594561 -0.8446816 -72.68577 -7.565822 -0.8284512 -76.17337 -7.480709 -0.7803835 -79.52694 -7.342492 -0.702327 -82.61761 -7.156485 -0.5972797 -85.3266 -6.929833 -0.4692798 -87.54982 -6.671248 -0.3232455 -89.20182 -6.390667 -0.1647891 -90.21911 -7.50778 -1.656902 -72.68577 -7.480709 -1.625065 -76.17337 -7.400534 -1.530777 -79.52694 -7.270337 -1.377663 -82.61761 -7.095121 -1.171606 -85.3266 -6.88162 -0.9205254 -87.54982 -6.638039 -0.6340689 -89.20182 -6.373737 -0.3232454 -90.21911 -7.366856 -2.405448 -72.68577 -7.342492 -2.359228 -76.17337 -7.270337 -2.222344 -79.52694 -7.153162 -2.000057 -82.61761 -6.995472 -1.700909 -85.3266 -6.803327 -1.336395 -87.54982 -6.584109 -0.9205253 -89.20182 -6.346244 -0.4692795 -90.21911 -7.177204 -3.061555 -72.68577 -7.156484 -3.002728 -76.17337 -7.095121 -2.828508 -79.52694 -6.995472 -2.54559 -82.61761 -6.861368 -2.164846 -85.3266 -6.697961 -1.700909 -87.54982 -6.511532 -1.171606 -89.20182 -6.309245 -0.5972796 -90.21911 -6.946112 -3.600007 -72.68577 -6.929832 -3.530834 -76.17337 -6.88162 -3.325973 -79.52694 -6.803327 -2.993297 -82.61761 -6.697962 -2.54559 -85.3266 -6.569573 -2.000057 -87.54982 -6.423097 -1.377663 -89.20182 -6.264161 -0.7023264 -90.21911 -6.682461 -4.000113 -72.68577 -6.671247 -3.923253 -76.17337 -6.638039 -3.695623 -79.52694 -6.584109 -3.325973 -82.61761 -6.511532 -2.828508 -85.3266 -6.423097 -2.222344 -87.54982 -6.322202 -1.530777 -89.20182 -6.212725 -0.7803833 -90.21911 -6.396383 -4.246497 -72.68577 -6.390667 -4.164903 -76.17337 -6.373737 -3.923253 -79.52694 -6.346244 -3.530834 -82.61761 -6.309245 -3.002728 -85.3266 -6.264161 -2.359228 -87.54982 -6.212725 -1.625064 -89.20182 -6.156914 -0.8284504 -90.21911 -6.098872 -4.32969 -72.68577 -6.098873 -4.246498 -76.17337 -6.098873 -4.000113 -79.52694 -6.098873 -3.600007 -82.61761 -6.098873 -3.061555 -85.3266 -6.098873 -2.405447 -87.54982 -6.098873 -1.656901 -89.20182 -6.098873 -0.8446807 -90.21911 -5.801361 -4.246496 -72.68577 -5.807078 -4.164902 -76.17337 -5.824008 -3.923252 -79.52694 -5.851501 -3.530833 -82.61761 -5.888501 -3.002728 -85.3266 -5.933584 -2.359227 -87.54982 -5.98502 -1.625064 -89.20182 -6.040831 -0.8284503 -90.21911 -5.515284 -4.000111 -72.68577 -5.526497 -3.923252 -76.17337 -5.559707 -3.695623 -79.52694 -5.613636 -3.325972 -82.61761 -5.686213 -2.828508 -85.3266 -5.774648 -2.222343 -87.54982 -5.875543 -1.530777 -89.20182 -5.98502 -0.7803831 -90.21911 -5.251633 -3.600005 -72.68577 -5.267912 -3.530833 -76.17337 -5.316125 -3.325973 -79.52694 -5.394419 -2.993296 -82.61761 -5.499783 -2.54559 -85.3266 -5.628171 -2.000056 -87.54982 -5.774648 -1.377663 -89.20182 -5.933585 -0.7023262 -90.21911 -5.020541 -3.061552 -72.68577 -5.041261 -3.002727 -76.17337 -5.102624 -2.828507 -79.52694 -5.202273 -2.545588 -82.61761 -5.336377 -2.164846 -85.3266 -5.499784 -1.700907 -87.54982 -5.686213 -1.171606 -89.20182 -5.888501 -0.5972793 -90.21911 -6.098873 0 -90.56261 -4.83089 -2.405445 -72.68577 -4.855253 -2.359227 -76.17337 -4.927409 -2.222344 -79.52694 -5.044583 -2.000056 -82.61761 -5.202273 -1.700909 -85.3266 -5.394419 -1.336394 -87.54982 -5.613636 -0.9205248 -89.20182 -5.851501 -0.4692793 -90.21911 -4.689965 -1.656898 -72.68577 -4.717037 -1.625063 -76.17337 -4.797212 -1.530777 -79.52694 -4.927409 -1.377662 -82.61761 -5.102624 -1.171606 -85.3266 -5.316126 -0.9205241 -87.54982 -5.559707 -0.6340684 -89.20182 -5.824008 -0.3232452 -90.21911 -4.603185 -0.8446785 -72.68577 -4.631924 -0.8284494 -76.17337 -4.717037 -0.7803834 -79.52694 -4.855253 -0.7023257 -82.61761 -5.041261 -0.5972796 -85.3266 -5.267913 -0.4692788 -87.54982 -5.526497 -0.3232452 -89.20182 -5.807078 -0.1647889 -90.21911 -4.573883 1.93552e-6 -72.68577 -4.603184 1.16131e-6 -76.17337 -4.689965 0 -79.52694 -4.830889 7.09692e-7 -82.61761 -5.020541 1.29035e-7 -85.3266 -5.251634 6.45175e-7 -87.54982 -5.515284 2.25811e-7 -89.20182 -5.801362 0 -90.21911 -4.603185 0.8446823 -72.68577 -4.631924 0.8284516 -76.17337 -4.717037 0.7803835 -79.52694 -4.855253 0.7023271 -82.61761 -5.041261 0.5972798 -85.3266 -5.267913 0.46928 -87.54982 -5.526497 0.3232455 -89.20182 -5.807078 0.164789 -90.21911 -4.689966 1.656902 -72.68577 -4.717037 1.625065 -76.17337 -4.797212 1.530777 -79.52694 -4.927409 1.377663 -82.61761 -5.102624 1.171606 -85.3266 -5.316126 0.9205252 -87.54982 -5.559707 0.6340688 -89.20182 -5.824008 0.3232453 -90.21911 -4.830891 2.405448 -72.68577 -4.855253 2.359228 -76.17337 -4.927409 2.222344 -79.52694 -5.044583 2.000057 -82.61761 -5.202273 1.700909 -85.3266 -5.394419 1.336395 -87.54982 -5.613636 0.920525 -89.20182 -5.851501 0.4692794 -90.21911 -5.020543 3.061553 -72.68577 -5.041262 3.002727 -76.17337 -5.102624 2.828507 -79.52694 -5.202273 2.545589 -82.61761 -5.336377 2.164846 -85.3266 -5.499784 1.700908 -87.54982 -5.686213 1.171606 -89.20182 -5.888501 0.5972793 -90.21911 -5.251635 3.600005 -72.68577 -5.267913 3.530833 -76.17337 -5.316125 3.325972 -79.52694 -5.394419 2.993296 -82.61761 -5.499784 2.54559 -85.3266 -5.628172 2.000056 -87.54982 -5.774648 1.377663 -89.20182 -5.933585 0.7023261 -90.21911 -5.515285 4.000111 -72.68577 -5.526498 3.923251 -76.17337 -5.559707 3.695622 -79.52694 -5.613637 3.325972 -82.61761 -5.686213 2.828508 -85.3266 -5.774649 2.222342 -87.54982 -5.875543 1.530777 -89.20182 -5.98502 0.7803829 -90.21911 -5.801362 4.246494 -72.68577 -5.807079 4.164902 -76.17337 -5.824008 3.923251 -79.52694 -5.851502 3.530833 -82.61761 -5.888501 3.002728 -85.3266 -5.933585 2.359226 -87.54982 -5.98502 1.625064 -89.20182 -6.040831 0.82845 -90.21911 -6.098873 4.000113 -79.52694 -6.098873 3.061554 -85.3266 -6.098873 2.405446 -87.54982 -6.098873 1.656901 -89.20182 -6.098873 0.8446803 -90.21911 -4.638136 -1 -75.70476 -4.638136 1 -75.70476 -0.7987602 -1 0.1305809 -0.9679802 -1 1.065693 -0.7987602 1 0.1305809 -0.9679802 1 1.065693 -4.737279 -1 -73.3855 -4.737279 1 -73.3855 -4.737279 -1 -73.3855 -4.69171 -1 -75.40871 -4.69171 1 -75.40871 -4.737279 1 -73.3855</float_array>
          <technique_common>
            <accessor source="#Cube_004-mesh-positions-array" count="538" stride="3">
              <param name="X" type="float"/>
              <param name="Y" type="float"/>
              <param name="Z" type="float"/>
            </accessor>
          </technique_common>
        </source>
        <source id="Cube_004-mesh-normals">
          <float_array id="Cube_004-mesh-normals-array" count="3192">0 0 1 1 0 0 0 1 0 0 0 -1 -1 0 0 0 0 1 -0.9996436 0 0.02669805 0 -1 0 0.2134751 -0.76346 0.609555 0.1047523 -0.3746291 0.9212383 0.2692319 -0.9628015 0.02296692 0.268624 -0.9606559 0.07057857 0.2672333 -0.9556572 0.1237158 0.2644978 -0.9458827 0.1880078 0.2590279 -0.9263714 0.2733872 0.2468172 -0.8826765 0.3999544 0.6145827 -0.7135934 0.3362628 0.5523568 -0.6413446 0.5325216 0.2992721 -0.3474868 0.8886445 0.652468 -0.7575832 0.0187937 0.6514925 -0.7564503 0.05779689 0.6492153 -0.7538039 0.1014848 0.6447222 -0.7485913 0.1547396 0.6356227 -0.7380231 0.2265076 0.8341444 -0.5496603 0.04556947 0.8323274 -0.5484631 0.08012074 0.8287246 -0.5460892 0.1224828 0.8213375 -0.5412204 0.1802364 0.8038063 -0.5296694 0.2708244 0.7481315 -0.4929797 0.4441511 0.4575018 -0.3014699 0.8365452 0.83492 -0.550172 0.01480931 0.8955478 -0.3843493 0.2242092 0.8516262 -0.3654982 0.3756914 0.5744586 -0.2465444 0.780521 0.918876 -0.3943606 0.01211094 0.9183044 -0.3941161 0.03727751 0.9169643 -0.3935411 0.06558907 0.9142991 -0.3923961 0.1004111 0.9087969 -0.3900364 0.1481891 0.9591472 -0.2772482 0.05630362 0.95709 -0.2766539 0.08626204 0.9528299 -0.2754213 0.1275081 0.942487 -0.2724316 0.1936478 0.9073583 -0.2622773 0.328499 0.655556 -0.1894923 0.730985 0.9606191 -0.2776741 0.01039052 0.9601796 -0.277546 0.03198808 0.9381744 -0.1766262 0.2977113 0.7087596 -0.1334353 0.6927157 0.9826934 -0.1850053 0.009316682 0.9823315 -0.1849379 0.02868455 0.9814822 -0.1847768 0.05049991 0.9797877 -0.1844585 0.07740223 0.9762715 -0.1837968 0.1145114 0.9676974 -0.1821822 0.1742741 0.9932371 -0.1061215 0.04709839 0.9917452 -0.1059617 0.072205 0.9886458 -0.1056311 0.1068719 0.98107 -0.1048215 0.1628315 0.9547896 -0.1020139 0.279231 0.7406896 -0.07913857 0.6671702 0.9943031 -0.1062349 0.008687794 0.9939848 -0.1062014 0.02674931 0.9621237 -0.03337502 0.2705627 0.7556316 -0.02621197 0.6544722 0.9993637 -0.03466814 0.008396506 0.9990649 -0.03465813 0.02585273 0.9983628 -0.03463363 0.04552215 0.9969617 -0.0345847 0.06979548 0.9940496 -0.03448385 0.1033264 0.9869241 -0.03423607 0.1575084 0.9969617 0.0345847 0.06979548 0.9940496 0.03448385 0.1033264 0.9869241 0.03423613 0.1575084 0.9621237 0.03337496 0.2705627 0.7556316 0.02621197 0.6544722 0.9993637 0.03466814 0.008396506 0.9990649 0.03465813 0.02585273 0.9983628 0.03463363 0.04552215 0.7406895 0.07913857 0.6671702 0.9943031 0.1062349 0.008687794 0.9939848 0.1062014 0.02674931 0.9932371 0.1061215 0.04709833 0.9917452 0.1059617 0.072205 0.9886458 0.1056311 0.1068719 0.98107 0.1048215 0.1628316 0.9547896 0.102014 0.279231 0.9762715 0.1837968 0.1145114 0.9676974 0.1821823 0.1742741 0.9381743 0.1766264 0.2977114 0.7087595 0.1334354 0.6927157 0.9826933 0.1850061 0.009316504 0.9823315 0.1849378 0.02868461 0.981482 0.1847777 0.05049985 0.9797877 0.1844585 0.07740229 0.9606193 0.2776736 0.01039057 0.9601796 0.2775461 0.03198796 0.9591472 0.2772483 0.05630373 0.9570901 0.2766539 0.08626192 0.9528295 0.2754226 0.1275082 0.9424864 0.2724334 0.1936481 0.9073582 0.2622773 0.328499 0.6555559 0.1894924 0.730985 0.9087973 0.3900353 0.1481891 0.8955487 0.3843476 0.2242088 0.851626 0.3654987 0.3756912 0.5744584 0.2465446 0.7805212 0.9188756 0.3943617 0.01211071 0.9183044 0.3941161 0.03727757 0.9169646 0.3935404 0.06558912 0.9142991 0.3923962 0.1004109 0.8341442 0.5496606 0.04556936 0.8323272 0.5484634 0.08012074 0.8287246 0.5460892 0.1224828 0.8213363 0.5412222 0.1802367 0.8038058 0.52967 0.2708245 0.7481309 0.4929803 0.4441514 0.4575014 0.3014702 0.8365454 0.8349199 0.5501723 0.01480931 0.6145803 0.7135952 0.3362632 0.5523561 0.641345 0.5325218 0.299272 0.347487 0.8886445 0.652468 0.7575832 0.01879358 0.6514925 0.7564503 0.05779677 0.6492135 0.7538055 0.1014849 0.6447222 0.7485913 0.1547395 0.6356222 0.7380235 0.2265079 0.26863 0.9606542 0.07057839 0.267233 0.9556574 0.123716 0.2644999 0.9458822 0.1880074 0.2590423 0.9263676 0.2733867 0.246825 0.8826746 0.3999537 0.2134863 0.7634578 0.6095538 0.1047577 0.3746287 0.9212378 0.2692307 0.9628018 0.02296656 -0.246824 0.8826749 0.3999536 -0.2134869 0.7634577 0.6095537 -0.1047582 0.3746287 0.9212378 -0.269231 0.9628017 0.02296638 -0.2686309 0.960654 0.07057845 -0.2672333 0.9556572 0.1237159 -0.2645009 0.9458819 0.1880074 -0.2590437 0.9263671 0.2733866 -0.6492148 0.7538043 0.1014848 -0.6447224 0.7485913 0.1547394 -0.6356223 0.7380234 0.2265079 -0.6145828 0.7135934 0.3362625 -0.5523568 0.6413446 0.5325216 -0.2992723 0.347487 0.8886445 -0.6524689 0.7575825 0.0187934 -0.6514925 0.7564503 0.05779677 -0.7481313 0.49298 0.4441511 -0.4575017 0.3014702 0.8365453 -0.83492 0.550172 0.01480907 -0.8341442 0.5496606 0.04556936 -0.8323272 0.5484634 0.08012074 -0.8287246 0.5460892 0.1224828 -0.8213376 0.5412202 0.1802365 -0.8038063 0.5296694 0.2708241 -0.9142991 0.3923962 0.1004109 -0.9087973 0.3900351 0.1481893 -0.8955478 0.3843495 0.2242088 -0.851626 0.3654984 0.3756914 -0.5744586 0.2465445 0.780521 -0.9188758 0.3943609 0.01211059 -0.9183048 0.3941153 0.03727757 -0.9169648 0.39354 0.06558901 -0.655556 0.1894924 0.7309849 -0.9606194 0.2776733 0.0103904 -0.9601795 0.2775468 0.0319879 -0.9591472 0.2772483 0.05630379 -0.9570901 0.2766539 0.08626186 -0.9528294 0.2754228 0.1275083 -0.942487 0.2724316 0.1936476 -0.9073583 0.2622774 0.328499 -0.9797877 0.1844586 0.07740223 -0.9762716 0.1837956 0.1145116 -0.9676974 0.1821823 0.1742737 -0.9381743 0.1766263 0.2977113 -0.7087596 0.1334353 0.6927156 -0.9826934 0.1850053 0.009316623 -0.9823315 0.1849379 0.02868437 -0.981482 0.1847777 0.05049991 -0.7406909 0.07913631 0.667169 -0.9943031 0.1062355 0.008687436 -0.9939849 0.1062007 0.02674943 -0.9932372 0.1061208 0.04709839 -0.9917452 0.1059617 0.07220476 -0.9886458 0.1056312 0.1068721 -0.9810701 0.1048215 0.1628312 -0.9547899 0.1020109 0.2792311 -0.9940495 0.03448385 0.1033267 -0.9869241 0.03423613 0.1575081 -0.9621236 0.03337806 0.2705627 -0.7556316 0.02621442 0.6544722 -0.9993637 0.03466814 0.008396208 -0.9990648 0.03465813 0.02585285 -0.9983628 0.03463363 0.04552215 -0.9969617 0.03458476 0.06979531 -0.9993637 -0.0346688 0.008396208 -0.9990648 -0.03465813 0.02585285 -0.9983628 -0.03463363 0.04552215 -0.9969617 -0.0345847 0.06979531 -0.9940495 -0.03448385 0.1033267 -0.9869241 -0.03423613 0.1575081 -0.9621236 -0.03337806 0.2705627 -0.7556316 -0.02621442 0.6544722 -0.9886458 -0.1056312 0.1068721 -0.9810701 -0.1048215 0.1628313 -0.9547894 -0.1020141 0.2792314 -0.7406901 -0.07913869 0.6671696 -0.9943031 -0.1062356 0.008687674 -0.9939848 -0.1062014 0.02674937 -0.9932372 -0.1061208 0.04709833 -0.9917452 -0.1059626 0.07220488 -0.9823316 -0.1849372 0.02868443 -0.9814819 -0.1847786 0.05049973 -0.9797877 -0.1844585 0.07740247 -0.9762714 -0.1837968 0.1145114 -0.9676973 -0.1821824 0.1742738 -0.938175 -0.1766232 0.2977111 -0.7087615 -0.1334332 0.6927141 -0.9826934 -0.1850054 0.009316504 -0.9424864 -0.2724335 0.1936479 -0.9073582 -0.2622775 0.3284991 -0.6555559 -0.1894924 0.730985 -0.9606193 -0.2776737 0.0103904 -0.9601795 -0.277547 0.0319879 -0.9591471 -0.2772485 0.05630385 -0.9570904 -0.2766529 0.08626186 -0.9528294 -0.2754229 0.1275082 -0.9169646 -0.3935404 0.06558907 -0.9142987 -0.3923973 0.1004109 -0.9087972 -0.3900355 0.1481894 -0.8955477 -0.3843498 0.224209 -0.8516259 -0.3654989 0.3756912 -0.5744584 -0.2465447 0.7805212 -0.9188758 -0.3943611 0.01211047 -0.9183044 -0.3941161 0.03727757 -0.7481279 -0.4929838 0.4441528 -0.4574985 -0.3014717 0.8365465 -0.8349197 -0.5501726 0.01480889 -0.8341448 -0.5496598 0.04556947 -0.8323269 -0.548464 0.08012074 -0.8287246 -0.5460892 0.1224828 -0.8213369 -0.5412213 0.1802367 -0.8038076 -0.5296679 0.2708237 -0.649213 -0.7538059 0.1014851 -0.6447232 -0.7485905 0.1547392 -0.6356202 -0.7380251 0.2265084 -0.6145805 -0.7135953 0.3362628 -0.5523595 -0.6413429 0.5325208 -0.2992745 -0.3474866 0.8886438 -0.6524682 -0.7575833 0.01879316 -0.6514921 -0.7564507 0.05779677 -0.2134863 -0.7634578 0.6095538 -0.1047577 -0.3746289 0.9212378 -0.269238 -0.9627999 0.02296602 -0.26863 -0.9606542 0.07057839 -0.267243 -0.9556546 0.1237158 -0.2644999 -0.9458823 0.188007 -0.2590408 -0.9263678 0.2733873 -0.2468251 -0.8826748 0.3999531 0.2134751 -0.7634602 0.6095546 0.1047527 -0.374631 0.9212374 0.2692314 -0.9628016 0.02296686 0.2686246 -0.9606558 0.07057869 0.2672331 -0.9556573 0.1237158 0.2644967 -0.9458829 0.1880084 0.2590273 -0.9263719 0.2733861 0.2468177 -0.8826758 0.3999556 0.6145807 -0.7135945 0.3362641 0.5523585 -0.6413437 0.5325209 0.2992749 -0.3474882 0.888643 0.6524683 -0.757583 0.01879376 0.6514919 -0.7564508 0.05779695 0.6492143 -0.7538047 0.1014848 0.644723 -0.7485905 0.1547401 0.6356242 -0.7380222 0.2265064 0.8341447 -0.5496601 0.04556953 0.8323277 -0.5484628 0.08012068 0.8287241 -0.5460898 0.1224833 0.8213368 -0.5412216 0.1802358 0.8038073 -0.5296676 0.2708249 0.7481293 -0.4929824 0.4441518 0.4575012 -0.3014722 0.8365448 0.8349198 -0.5501723 0.01480931 0.8955476 -0.3843492 0.22421 0.8516272 -0.3654968 0.3756904 0.5744619 -0.2465445 0.7805186 0.9188758 -0.3943609 0.01211071 0.9183043 -0.3941165 0.03727757 0.9169645 -0.3935405 0.06558918 0.9142991 -0.3923959 0.1004113 0.9087971 -0.3900359 0.1481884 0.959147 -0.2772489 0.05630373 0.9570899 -0.2766543 0.08626234 0.95283 -0.2754213 0.1275076 0.9424863 -0.2724332 0.1936486 0.9073582 -0.2622776 0.3284991 0.6555579 -0.1894931 0.7309831 0.9606193 -0.2776735 0.01039063 0.9601795 -0.2775465 0.0319879 0.9381747 -0.1766247 0.2977111 0.7087626 -0.1334345 0.6927127 0.9826933 -0.1850056 0.009316682 0.9823316 -0.1849375 0.02868449 0.9814821 -0.1847774 0.05049979 0.9797877 -0.1844584 0.07740259 0.9762715 -0.1837965 0.114511 0.9676973 -0.1821822 0.1742745 0.9932372 -0.1061204 0.04709845 0.9917452 -0.1059617 0.07220506 0.9886458 -0.1056311 0.1068715 0.9810701 -0.1048205 0.162832 0.9547897 -0.1020134 0.279231 0.740692 -0.07913845 0.6671675 0.994303 -0.1062355 0.008687734 0.9939848 -0.1062011 0.02674949 0.9621236 -0.03337764 0.2705627 0.7556334 -0.02621412 0.6544701 0.9993636 -0.0346679 0.008396446 0.9990648 -0.03465807 0.02585285 0.9983627 -0.03463429 0.04552209 0.9969616 -0.0345844 0.06979572 0.9940496 -0.03448337 0.1033262 0.9869239 -0.0342375 0.1575084 0.9969616 0.0345844 0.06979578 0.9940495 0.03448337 0.1033262 0.9869239 0.03423756 0.1575084 0.9621236 0.03337758 0.2705628 0.7556334 0.02621412 0.6544701 0.9993636 0.0346685 0.008396446 0.9990648 0.03465807 0.02585285 0.9983627 0.03463423 0.04552209 0.740692 0.07913845 0.6671675 0.9943031 0.1062349 0.008687734 0.9939848 0.1062011 0.02674937 0.9932372 0.1061211 0.04709845 0.9917452 0.1059618 0.07220506 0.9886458 0.1056311 0.1068715 0.9810701 0.1048205 0.162832 0.9547896 0.1020135 0.279231 0.9762715 0.1837967 0.114511 0.9676973 0.1821822 0.1742745 0.9381747 0.1766247 0.2977112 0.7087626 0.1334346 0.6927127 0.9826932 0.1850063 0.009316563 0.9823316 0.1849375 0.02868455 0.981482 0.1847774 0.05049991 0.9797876 0.1844593 0.07740253 0.9606193 0.2776736 0.01039052 0.9601795 0.2775465 0.03198784 0.9591472 0.2772482 0.05630379 0.9570902 0.2766534 0.08626234 0.9528297 0.2754224 0.1275075 0.9424863 0.2724333 0.1936486 0.9073581 0.2622777 0.3284992 0.6555578 0.1894932 0.7309831 0.9087971 0.3900361 0.1481885 0.8955476 0.3843494 0.2242099 0.851625 0.3655003 0.3756919 0.5744593 0.2465463 0.78052 0.9188757 0.3943614 0.01211076 0.9183043 0.3941165 0.03727751 0.9169644 0.3935407 0.06558912 0.9142991 0.3923959 0.1004114 0.8341447 0.5496601 0.04556941 0.832327 0.5484639 0.08012074 0.8287241 0.5460898 0.1224833 0.8213372 0.5412212 0.1802359 0.8038054 0.5296701 0.2708255 0.7481313 0.4929801 0.4441511 0.4575037 0.3014715 0.8365436 0.83492 0.5501721 0.01480925 0.6145824 0.7135931 0.3362638 0.5523572 0.6413445 0.5325211 0.2992741 0.3474885 0.8886432 0.6524682 0.7575831 0.01879346 0.6514919 0.7564508 0.05779683 0.6492138 0.7538052 0.101485 0.644723 0.7485906 0.1547399 0.6356218 0.7380241 0.2265069 0.2686291 0.9606545 0.07057851 0.2672331 0.9556573 0.123716 0.2644987 0.9458823 0.188008 0.259041 0.9263682 0.2733857 0.2468244 0.8826742 0.3999547 0.2134872 0.7634578 0.6095535 0.1047587 0.3746306 0.9212369 0.26923 0.9628021 0.02296656 -0.2468246 0.8826743 0.3999547 -0.2134875 0.7634577 0.6095535 -0.1047591 0.3746306 0.9212369 -0.269231 0.9628018 0.02296644 -0.2686307 0.960654 0.07057851 -0.2672334 0.9556571 0.1237159 -0.2644999 0.945882 0.188008 -0.2590415 0.9263681 0.2733857 -0.6492143 0.7538048 0.1014848 -0.6447229 0.7485906 0.15474 -0.6356241 0.7380222 0.2265067 -0.6145813 0.7135941 0.3362637 -0.552358 0.6413439 0.5325211 -0.2992748 0.3474885 0.888643 -0.6524689 0.7575824 0.01879334 -0.6514922 0.7564505 0.05779683 -0.7481313 0.4929803 0.444151 -0.4575038 0.3014715 0.8365436 -0.83492 0.5501721 0.01480901 -0.8341442 0.5496608 0.04556941 -0.8323278 0.5484625 0.08012074 -0.8287242 0.5460898 0.1224832 -0.8213369 0.5412216 0.180236 -0.8038073 0.5296676 0.2708247 -0.9142991 0.3923959 0.1004112 -0.9087976 0.3900347 0.1481885 -0.8955475 0.3843497 0.2242097 -0.8516252 0.3654999 0.3756917 -0.5744597 0.2465462 0.7805197 -0.9188758 0.3943611 0.01211059 -0.9183045 0.3941157 0.03727757 -0.9169645 0.3935405 0.06558912 -0.6555578 0.1894932 0.730983 -0.9606196 0.2776728 0.0103904 -0.9601795 0.2775465 0.03198784 -0.9591472 0.2772482 0.05630373 -0.9570902 0.2766534 0.08626222 -0.9528296 0.2754225 0.1275076 -0.9424869 0.2724314 0.1936484 -0.9073582 0.2622778 0.3284988 -0.9797877 0.1844584 0.07740259 -0.9762717 0.1837956 0.114511 -0.9676973 0.1821823 0.1742744 -0.9381749 0.1766246 0.2977107 -0.7087626 0.1334346 0.6927126 -0.9826933 0.1850057 0.009316563 -0.9823316 0.1849375 0.02868443 -0.9814821 0.1847774 0.05049979 -0.740692 0.07913845 0.6671675 -0.9943031 0.1062349 0.008687674 -0.9939848 0.1062011 0.02674931 -0.9932372 0.1061211 0.04709833 -0.9917451 0.1059626 0.07220506 -0.9886458 0.1056312 0.1068717 -0.9810699 0.104822 0.1628318 -0.9547896 0.1020135 0.279231 -0.9940496 0.03448337 0.1033264 -0.9869241 0.03423613 0.1575085 -0.9621236 0.03337478 0.2705628 -0.7556339 0.02621197 0.6544695 -0.9993636 0.0346685 0.008396148 -0.9990648 0.03465747 0.02585297 -0.9983628 0.03463357 0.04552197 -0.9969617 0.0345844 0.0697956 -0.9993636 -0.0346685 0.008396148 -0.9990648 -0.03465747 0.02585297 -0.9983628 -0.03463357 0.04552191 -0.9969616 -0.03458517 0.0697956 -0.9940496 -0.03448337 0.1033263 -0.986924 -0.03423613 0.1575085 -0.9621236 -0.03337484 0.2705628 -0.7556339 -0.02621197 0.6544695 -0.9886458 -0.1056312 0.1068715 -0.9810699 -0.104822 0.1628319 -0.9547896 -0.1020135 0.279231 -0.740692 -0.07913851 0.6671676 -0.994303 -0.1062355 0.008687615 -0.9939848 -0.1062011 0.02674937 -0.993237 -0.1061218 0.04709827 -0.9917452 -0.1059618 0.07220524 -0.9823316 -0.1849375 0.02868443 -0.981482 -0.1847775 0.05049991 -0.9797877 -0.1844585 0.07740247 -0.9762715 -0.1837967 0.114511 -0.9676973 -0.1821823 0.1742745 -0.9381748 -0.1766248 0.2977108 -0.7087625 -0.1334346 0.6927126 -0.9826934 -0.1850051 0.009316563 -0.9424868 -0.2724316 0.1936483 -0.9073582 -0.262278 0.3284988 -0.6555578 -0.1894934 0.7309831 -0.960619 -0.2776745 0.01039022 -0.9601795 -0.2775466 0.03198802 -0.959147 -0.2772484 0.05630379 -0.9570903 -0.2766535 0.08626216 -0.9528295 -0.2754228 0.1275078 -0.9169643 -0.3935408 0.06558912 -0.9142988 -0.3923969 0.1004112 -0.9087967 -0.3900364 0.1481889 -0.8955475 -0.3843498 0.2242096 0 0 1 -0.8516249 -0.3655003 0.3756919 0 0 1 -0.5744594 -0.2465463 0.7805199 -0.9188757 -0.3943614 0.01211059 -0.9183045 -0.3941157 0.03727746 -0.7481309 -0.4929805 0.4441512 -0.4575034 -0.3014717 0.8365437 -0.83492 -0.550172 0.01480895 -0.834144 -0.549661 0.04556936 -0.832327 -0.5484639 0.08012092 -0.8287248 -0.5460889 0.1224831 -0.8213369 -0.5412216 0.1802362 -0.8038057 -0.5296699 0.2708249 -0.6492134 -0.7538056 0.101485 -0.644723 -0.7485906 0.1547396 -0.6356222 -0.7380236 0.2265073 -0.6145821 -0.7135936 0.3362634 -0.5523572 -0.6413445 0.5325212 -0.2992742 -0.3474887 0.8886432 -0.6524683 -0.757583 0.01879316 -0.6514918 -0.7564509 0.05779683 -0.2134872 -0.7634578 0.6095534 -0.1047587 -0.3746308 0.9212369 -0.2692377 -0.9627999 0.02296602 -0.2686307 -0.960654 0.07057857 -0.2672421 -0.9556547 0.1237158 -0.2644988 -0.9458824 0.1880076 -0.2590402 -0.9263682 0.2733863 -0.2468245 -0.8826745 0.3999543 0 0 1 0 0 1 0 0 1 0 0 1 0 0 1 0 0 1 0 0 1 0 0 1 0 0 1 0 0 1 0 0 1 0 0 1 0 0 1 0 0 1 0 0 1 0 0 1 0 0 1 0 0 1 0 0 1 0 0 1 0 0 1 0 0 1 0 0 1 0 0 1 0 0 1 0 0 1 0 0 1 0 0 1 0 0 1 0 0 1 -0.9987209 0 0.05056303 0.9840179 0 0.1780701 0 0 1 0.998721 0 -0.05056303 -0.9840175 0 -0.1780717 0 0 1 -0.9997465 0 -0.02251738 0 0 1 0 0 1 1 0 0 0 1 0 0 1 0 0 0 1 0 0 -1 -1 0 0 0 0 1 -0.9996436 0 0.02669805 0 -1 0 0 -1 0 0 0 1 0.2134811 -0.7634586 0.6095545 0.2692312 -0.9628016 0.02296686 0.2686313 -0.9606539 0.07057911 0.2672268 -0.9556591 0.1237155 0.2644999 -0.945882 0.1880079 0.2590407 -0.9263678 0.2733874 0.2468106 -0.8826783 0.3999545 0.6145827 -0.7135934 0.3362628 0.5523577 -0.6413439 0.5325213 0.6524687 -0.7575827 0.01879376 0.6514924 -0.7564504 0.05779689 0.6492142 -0.7538049 0.1014848 0.6447243 -0.7485895 0.1547396 0.6356214 -0.7380242 0.2265077 0.8341442 -0.5496608 0.04556947 0.8323274 -0.5484631 0.08012074 0.8287248 -0.5460891 0.1224828 0.8213371 -0.5412213 0.1802365 0.8038068 -0.5296686 0.2708241 0.7481301 -0.4929814 0.4441518 0.8349201 -0.5501719 0.01480931 0.8955475 -0.38435 0.2242093 0.8516258 -0.3654989 0.3756916 0.9188757 -0.3943613 0.01211082 0.9183047 -0.3941154 0.03727757 0.9169643 -0.393541 0.06558912 0.9142988 -0.3923971 0.1004111 0.9087975 -0.390035 0.1481891 0.9591474 -0.2772476 0.05630367 0.9570902 -0.2766537 0.0862621 0.9528296 -0.2754223 0.127508 0.942487 -0.2724316 0.1936478 0.9073583 -0.2622773 0.328499 0.9606195 -0.277673 0.01039075 0.9601794 -0.2775471 0.0319879 0.9381748 -0.1766242 0.2977111 0.9826934 -0.1850054 0.009316623 0.9823316 -0.1849372 0.02868467 0.981482 -0.184778 0.05049967 0.9797878 -0.1844578 0.07740235 0.9762715 -0.1837965 0.1145114 0.9676973 -0.1821825 0.1742741 0.9932371 -0.1061215 0.04709839 0.9917451 -0.1059621 0.07220494 0.9886458 -0.1056306 0.1068719 0.98107 -0.1048217 0.1628315 0.9547898 -0.1020136 0.279231 0.9943031 -0.1062351 0.008687734 0.9939848 -0.1062008 0.02674943 0.9621237 -0.03337579 0.2705626 0.9993636 -0.03466844 0.008396446 0.9990648 -0.03465777 0.02585279 0.9983628 -0.03463381 0.04552215 0.9969616 -0.03458505 0.06979542 0.9940496 -0.03448367 0.1033265 0.9869241 -0.0342366 0.1575083 0.9969617 0.03458505 0.06979542 0.9940496 0.03448367 0.1033264 0.9869241 0.0342366 0.1575083 0.9621237 0.03337579 0.2705626 0.9993636 0.03466844 0.008396446 0.9990648 0.03465777 0.02585279 0.9983628 0.03463381 0.04552215 0.994303 0.1062358 0.008687615 0.9939848 0.1062008 0.02674943 0.9932371 0.1061215 0.04709839 0.9917451 0.1059621 0.07220494 0.9886458 0.1056306 0.1068719 0.98107 0.1048217 0.1628315 0.9547898 0.1020136 0.279231 0.9762715 0.1837965 0.1145114 0.9676973 0.1821826 0.1742741 0.9381748 0.1766242 0.2977111 0.9826933 0.1850055 0.009316682 0.9823315 0.184938 0.02868455 0.981482 0.1847779 0.05049979 0.9797877 0.1844587 0.07740229 0.9606192 0.2776739 0.01039052 0.9601795 0.2775464 0.0319879 0.9591474 0.2772477 0.05630379 0.9570902 0.2766538 0.08626198 0.9528296 0.2754223 0.1275082 0.9424865 0.2724329 0.1936481 0.9073576 0.2622791 0.3284994 0.9087975 0.390035 0.1481891 0.895548 0.3843489 0.224209 0.8516267 0.3654974 0.3756908 0.9188758 0.394361 0.01211082 0.9183041 0.3941165 0.03727751 0.9169643 0.393541 0.06558907 0.9142991 0.3923964 0.1004109 0.834144 0.549661 0.04556936 0.8323273 0.5484634 0.08012074 0.8287246 0.5460894 0.1224828 0.821337 0.5412212 0.1802366 0.8038055 0.5296703 0.2708246 0.7481296 0.492982 0.4441521 0.8349195 0.5501727 0.01480925 0.6145821 0.7135938 0.336263 0.5523555 0.6413454 0.5325219 0.6524674 0.7575837 0.01879352 0.6514924 0.7564504 0.05779677 0.6492141 0.7538049 0.1014849 0.6447225 0.7485911 0.1547395 0.6356214 0.7380242 0.2265079 0.2686302 0.9606541 0.07057845 0.2672327 0.9556574 0.1237159 0.2644995 0.9458823 0.1880074 0.2590429 0.9263674 0.2733867 0.2468244 0.8826748 0.3999537 0.213488 0.7634575 0.6095535 0.2692288 0.9628024 0.02296638 -0.2468257 0.8826745 0.3999536 -0.213487 0.7634576 0.6095537 -0.269232 0.9628015 0.02296644 -0.2686305 0.9606541 0.07057845 -0.2672336 0.9556571 0.1237159 -0.2644999 0.9458821 0.1880074 -0.259044 0.9263671 0.2733866 -0.6492141 0.7538049 0.1014848 -0.6447238 0.7485899 0.1547394 -0.6356214 0.7380242 0.2265079 -0.6145824 0.7135937 0.3362627 -0.5523577 0.6413439 0.5325213 -0.6524687 0.7575827 0.0187934 -0.6514933 0.7564497 0.05779683 -0.7481301 0.4929814 0.4441518 -0.8349204 0.5501714 0.01480919 -0.8341442 0.5496608 0.04556936 -0.8323273 0.5484634 0.08012074 -0.8287246 0.5460894 0.1224828 -0.821337 0.5412212 0.1802366 -0.803807 0.5296685 0.2708239 -0.9142992 0.392396 0.1004109 -0.9087974 0.3900349 0.1481893 -0.8955481 0.3843488 0.2242087 -0.8516256 0.3654991 0.3756917 -0.918876 0.3943606 0.01211065 -0.9183045 0.3941158 0.03727751 -0.9169647 0.3935402 0.06558901 -0.9606195 0.2776731 0.01039046 -0.9601796 0.2775462 0.03198796 -0.9591472 0.2772485 0.05630379 -0.9570902 0.2766537 0.08626186 -0.9528296 0.2754223 0.1275084 -0.9424865 0.272433 0.1936477 -0.9073583 0.2622774 0.328499 -0.9797877 0.1844587 0.07740223 -0.9762715 0.1837965 0.1145114 -0.9676976 0.1821814 0.1742737 -0.9381748 0.1766242 0.2977111 -0.9826933 0.1850055 0.009316563 -0.9823317 0.1849372 0.02868449 -0.981482 0.184778 0.05049985 -0.9943032 0.1062346 0.008687674 -0.9939847 0.1062015 0.02674925 -0.9932372 0.1061208 0.04709839 -0.9917453 0.1059614 0.07220488 -0.9886458 0.1056306 0.1068722 -0.9810701 0.1048218 0.1628312 -0.9547896 0.1020136 0.279231 -0.9940495 0.03448367 0.1033267 -0.9869241 0.03423666 0.157508 -0.9621235 0.03337579 0.270563 -0.9993636 0.0346685 0.008396148 -0.9990648 0.03465777 0.02585297 -0.9983628 0.03463381 0.04552215 -0.9969616 0.03458505 0.06979519 -0.9993636 -0.0346685 0.008396327 -0.9990648 -0.03465843 0.02585285 -0.9983628 -0.03463381 0.04552215 -0.9969616 -0.03458505 0.06979519 -0.9940495 -0.03448367 0.1033267 -0.9869241 -0.03423666 0.157508 -0.9621236 -0.03337585 0.270563 -0.9886457 -0.1056315 0.106872 -0.9810699 -0.1048218 0.1628313 -0.9547895 -0.1020136 0.2792315 -0.994303 -0.1062359 0.008687615 -0.9939848 -0.1062015 0.02674931 -0.9932371 -0.1061215 0.04709821 -0.9917453 -0.1059614 0.07220506 -0.9823316 -0.1849373 0.02868443 -0.9814822 -0.1847773 0.05049991 -0.9797875 -0.1844596 0.07740235 -0.9762715 -0.1837965 0.1145114 -0.9676973 -0.1821827 0.1742738 -0.9381748 -0.1766244 0.2977111 -0.9826933 -0.1850057 0.009316504 -0.9424865 -0.2724332 0.1936479 -0.9073576 -0.2622792 0.3284995 -0.9606191 -0.2776742 0.01039028 -0.9601795 -0.2775467 0.03198796 -0.9591471 -0.2772485 0.05630385 -0.9570902 -0.2766539 0.08626174 -0.9528298 -0.2754214 0.1275083 -0.9169643 -0.393541 0.06558901 -0.9142991 -0.3923964 0.1004109 -0.9087969 -0.390036 0.1481894 -0.8955479 -0.3843492 0.2242089 -0.8516256 -0.3654994 0.3756914 -0.9188756 -0.3943614 0.01211047 -0.9183045 -0.3941159 0.03727763 -0.7481312 -0.49298 0.4441512 -0.8349198 -0.5501724 0.01480889 -0.8341438 -0.5496612 0.0455693 -0.8323278 -0.5484625 0.0801208 -0.8287242 -0.54609 0.1224828 -0.821337 -0.5412212 0.1802367 -0.8038063 -0.5296695 0.270824 -0.6492137 -0.7538053 0.1014851 -0.6447221 -0.7485915 0.1547392 -0.6356223 -0.7380233 0.2265083 -0.6145802 -0.7135954 0.3362629 -0.5523555 -0.6413454 0.5325219 -0.6524671 -0.757584 0.01879304 -0.6514924 -0.7564504 0.05779677 -0.213488 -0.7634575 0.6095535 -0.2692464 -0.9627974 0.02296674 -0.2686374 -0.9606522 0.07057893 -0.2672327 -0.9556574 0.1237152 -0.2645094 -0.9458794 0.1880074 -0.2590429 -0.9263672 0.2733874 -0.2468231 -0.8826754 0.3999531 0.2134815 -0.7634587 0.6095542 0.2692307 -0.9628018 0.0229668 0.2686309 -0.960654 0.07057917 0.2672273 -0.955659 0.1237155 0.2644996 -0.945882 0.1880085 0.2590399 -0.9263683 0.2733864 0.2468098 -0.882678 0.3999558 0.6145837 -0.7135921 0.3362635 0.5523563 -0.641345 0.5325216 0.6524683 -0.757583 0.01879376 0.6514927 -0.7564502 0.05779701 0.6492136 -0.7538054 0.1014848 0.6447234 -0.7485902 0.1547401 0.6356223 -0.7380237 0.2265065 0.834144 -0.549661 0.04556947 0.8323277 -0.5484628 0.08012068 0.8287249 -0.5460887 0.1224833 0.8213368 -0.5412219 0.1802358 0.8038059 -0.5296695 0.2708252 0.7481314 -0.4929801 0.444151 0.8349202 -0.5501716 0.01480942 0.8955475 -0.3843494 0.2242101 0.8516259 -0.3654989 0.3756911 0.9188762 -0.3943602 0.01211088 0.9183045 -0.3941157 0.03727763 0.9169642 -0.3935413 0.06558912 0.914299 -0.3923965 0.1004113 0.9087976 -0.3900348 0.1481884 0.9591472 -0.2772481 0.05630385 0.95709 -0.2766543 0.08626234 0.9528295 -0.2754228 0.1275075 0.9424868 -0.2724316 0.1936485 0.9073576 -0.262279 0.3284994 0.9606192 -0.2776739 0.01039052 0.9601795 -0.2775464 0.0319879 0.9381749 -0.1766241 0.2977111 0.9826934 -0.1850053 0.009316742 0.9823315 -0.1849375 0.02868449 0.9814821 -0.1847776 0.05049979 0.9797877 -0.1844584 0.07740259 0.9762715 -0.1837965 0.114511 0.9676973 -0.1821823 0.1742745 0.9932371 -0.1061212 0.04709827 0.9917452 -0.105961 0.07220518 0.9886458 -0.1056306 0.1068716 0.9810699 -0.1048217 0.1628319 0.9547898 -0.1020126 0.279231 0.9943031 -0.1062355 0.008687734 0.9939848 -0.1062014 0.02674937 0.9621236 -0.03337723 0.2705628 0.9993637 -0.03466802 0.008396387 0.9990648 -0.03465753 0.02585297 0.9983628 -0.03463375 0.04552221 0.9969616 -0.03458565 0.06979548 0.9940496 -0.03448337 0.1033262 0.9869239 -0.03423619 0.1575087 0.9969616 0.03458565 0.06979548 0.9940496 0.03448337 0.1033262 0.9869239 0.03423619 0.1575087 0.9621236 0.03337723 0.2705628 0.9993637 0.03466862 0.008396387 0.9990648 0.03465813 0.02585285 0.9983628 0.03463375 0.04552221 0.9943031 0.1062355 0.008687615 0.9939848 0.1062008 0.02674943 0.9932371 0.1061212 0.04709839 0.9917452 0.1059617 0.07220512 0.9886459 0.1056306 0.1068716 0.9810699 0.1048217 0.1628319 0.9547898 0.1020126 0.279231 0.9762713 0.1837973 0.1145109 0.9676973 0.1821824 0.1742745 0.9381749 0.1766242 0.2977111 0.9826932 0.1850059 0.009316623 0.9823315 0.1849382 0.02868443 0.9814821 0.1847776 0.05049991 0.9797877 0.1844585 0.07740265 0.9606193 0.2776734 0.01039052 0.9601795 0.2775465 0.03198784 0.9591472 0.2772481 0.05630379 0.9570901 0.2766536 0.08626228 0.9528298 0.2754219 0.1275075 0.9424865 0.2724326 0.1936486 0.9073576 0.2622791 0.3284995 0.9087976 0.3900348 0.1481885 0.8955475 0.3843496 0.2242099 0.8516258 0.3654991 0.3756915 0.9188757 0.3943613 0.01211076 0.9183043 0.3941162 0.03727751 0.9169642 0.3935413 0.06558907 0.9142988 0.3923967 0.1004113 0.8341441 0.5496608 0.0455693 0.8323277 0.5484628 0.0801208 0.8287242 0.5460898 0.1224833 0.8213368 0.5412219 0.1802359 0.8038061 0.5296691 0.2708253 0.7481294 0.4929822 0.4441519 0.8349196 0.5501726 0.01480919 0.6145814 0.7135939 0.336264 0.5523579 0.6413441 0.532521 0.6524682 0.7575831 0.01879346 0.6514925 0.7564502 0.05779689 0.6492136 0.7538054 0.101485 0.6447228 0.7485907 0.1547399 0.6356223 0.7380237 0.2265069 0.2686294 0.9606544 0.07057851 0.2672319 0.9556576 0.1237159 0.2644997 0.9458822 0.188008 0.2590419 0.9263679 0.2733857 0.2468229 0.8826747 0.3999549 0.2134876 0.7634577 0.6095534 0.2692293 0.9628022 0.0229665 -0.2468234 0.8826746 0.3999548 -0.2134876 0.7634577 0.6095534 -0.2692321 0.9628014 0.02296656 -0.2686305 0.9606542 0.07057851 -0.2672334 0.9556572 0.1237159 -0.2645 0.945882 0.188008 -0.2590429 0.9263677 0.2733857 -0.6492138 0.7538051 0.1014848 -0.6447233 0.7485903 0.15474 -0.6356223 0.7380237 0.2265068 -0.6145838 0.7135922 0.3362633 -0.5523567 0.6413447 0.5325214 -0.6524696 0.7575818 0.01879346 -0.6514933 0.7564496 0.05779695 -0.7481314 0.4929801 0.4441509 -0.8349204 0.5501714 0.01480913 -0.8341441 0.5496608 0.04556941 -0.8323272 0.5484635 0.08012068 -0.8287251 0.5460885 0.1224832 -0.8213367 0.5412218 0.180236 -0.803806 0.5296696 0.270825 -0.914299 0.3923965 0.1004112 -0.9087976 0.3900348 0.1481885 -0.8955482 0.3843483 0.2242096 -0.8516255 0.3654994 0.3756916 -0.9188758 0.3943608 0.01211059 -0.9183045 0.3941159 0.03727757 -0.9169645 0.3935406 0.06558907 -0.9606195 0.2776728 0.0103904 -0.9601797 0.2775457 0.03198796 -0.9591472 0.2772481 0.05630373 -0.9570901 0.2766536 0.08626222 -0.9528298 0.2754219 0.1275076 -0.9424864 0.2724327 0.1936484 -0.9073584 0.2622774 0.3284987 -0.9797877 0.1844584 0.07740259 -0.9762715 0.1837965 0.1145108 -0.9676975 0.1821813 0.1742744 -0.9381749 0.1766242 0.2977107 -0.9826933 0.1850058 0.009316563 -0.9823316 0.1849375 0.02868443 -0.9814821 0.1847776 0.05049979 -0.9943031 0.1062349 0.008687674 -0.9939849 0.1062009 0.02674937 -0.9932372 0.1061213 0.04709833 -0.9917452 0.1059617 0.07220524 -0.9886458 0.1056315 0.1068717 -0.9810699 0.1048218 0.1628319 -0.9547896 0.1020141 0.279231 -0.9940496 0.03448337 0.1033264 -0.986924 0.03423619 0.1575084 -0.9621236 0.03337579 0.2705626 -0.9993637 0.03466749 0.008396387 -0.9990648 0.03465813 0.02585285 -0.9983628 0.03463315 0.04552203 -0.9969617 0.03458499 0.06979542 -0.9993637 -0.03466808 0.008396267 -0.9990648 -0.03465813 0.02585285 -0.9983628 -0.03463315 0.04552203 -0.9969616 -0.03458499 0.06979566 -0.9940496 -0.0344842 0.1033262 -0.986924 -0.03423619 0.1575085 -0.9621236 -0.03337579 0.2705626 -0.9886459 -0.1056306 0.1068716 -0.9810699 -0.1048218 0.1628319 -0.9547896 -0.1020141 0.279231 -0.9943031 -0.1062356 0.008687615 -0.9939848 -0.1062015 0.02674931 -0.9932371 -0.1061213 0.04709839 -0.9917451 -0.1059625 0.07220512 -0.9823316 -0.184937 0.02868455 -0.9814821 -0.1847776 0.05049985 -0.9797877 -0.1844586 0.07740247 -0.9762715 -0.1837965 0.114511 -0.9676972 -0.1821825 0.1742745 -0.9381749 -0.1766243 0.2977107 -0.9826932 -0.185006 0.009316325 -0.9424864 -0.2724331 0.1936483 -0.9073583 -0.2622775 0.3284987 -0.9606192 -0.2776737 0.0103904 -0.9601792 -0.2775474 0.0319879 -0.9591472 -0.2772482 0.05630385 -0.9570901 -0.2766538 0.0862621 -0.9528298 -0.275422 0.1275078 -0.9169645 -0.3935406 0.06558918 -0.9142988 -0.3923969 0.1004112 -0.9087971 -0.3900358 0.1481889 -0.8955475 -0.38435 0.2242096 0 0 1 -0.8516255 -0.3654994 0.3756917 0 0 1 -0.9188755 -0.3943616 0.01211053 -0.9183043 -0.3941162 0.0372774 -0.7481296 -0.492982 0.4441518 -0.8349197 -0.5501726 0.01480889 -0.8341441 -0.5496608 0.04556936 -0.832327 -0.5484637 0.08012092 -0.8287242 -0.5460898 0.122483 -0.8213373 -0.5412209 0.1802361 -0.803806 -0.5296696 0.2708249 -0.6492134 -0.7538055 0.101485 -0.6447224 -0.7485911 0.1547396 -0.6356222 -0.7380236 0.2265073 -0.6145819 -0.7135937 0.3362634 -0.5523574 -0.6413443 0.5325211 -0.6524674 -0.7575837 0.0187931 -0.6514927 -0.7564502 0.05779689 -0.2134876 -0.7634577 0.6095533 -0.2692458 -0.9627977 0.02296668 -0.2686371 -0.9606523 0.07057905 -0.2672334 -0.9556573 0.1237152 -0.2645086 -0.9458796 0.188008 -0.2590419 -0.9263678 0.2733863 -0.2468223 -0.8826751 0.3999543 0 0 1 0 0 1 0 0 1 0 0 1 0 0 1 0 0 1 0 0 1 0 0 1 0 0 1 0 0 1 0 0 1 0 0 1 0 0 1 0 0 1 0 0 1 0 0 1 0 0 1 0 0 1 0 0 1 0 0 1 0 0 1 0 0 1 0 0 1 0 0 1 0 0 1 0 0 1 0 0 1 0 0 1 0 0 1 0 0 1 -0.9987209 0 0.05056303 0.9840179 0 0.1780701 0 1 0 0 1 0 0 1 0 0.998721 0 -0.05056303 -0.9840175 0 -0.1780717 0 0 1 -0.9997465 0 -0.02251738 0 -1 0 0 -1 0 0 -1 0</float_array>
          <technique_common>
            <accessor source="#Cube_004-mesh-normals-array" count="1064" stride="3">
              <param name="X" type="float"/>
              <param name="Y" type="float"/>
              <param name="Z" type="float"/>
            </accessor>
          </technique_common>
        </source>
        <source id="Cube_004-mesh-map-0">
          <float_array id="Cube_004-mesh-map-0-array" count="6384">0.870437 0.5 0.625 0.75 0.625 0.5 0.625 0.5 0.375 0.75 0.375 0.5 0.4541485 0.25 0.625 0.254563 0.625 0.5 0.375 0.5 0.125 0.75 0.125 0.5 0.375 0 0.4541485 0.25 0.375 0.25 0.625 0.25 0.625 0 0.625 0 0.4541485 0 0.625 0.25 0.4541485 0.25 0.625 0.75 0.625 0.995437 0.4541485 1 0.75 0.06249988 0.71875 0.125 0.71875 0.06249994 0.734375 0 0.75 0.06249988 0.71875 0.06249994 0.75 0.4375 0.71875 0.5 0.71875 0.4375 0.75 0.375 0.71875 0.4375 0.71875 0.375 0.75 0.3125001 0.71875 0.375 0.71875 0.3125 0.75 0.2499999 0.71875 0.3125 0.71875 0.25 0.75 0.1874998 0.71875 0.25 0.71875 0.1875 0.75 0.125 0.71875 0.1875 0.71875 0.125 0.71875 0.125 0.6875 0.1875 0.6875 0.125 0.71875 0.06249994 0.6875 0.125 0.6875 0.06249994 0.703125 0 0.71875 0.06249994 0.6875 0.06249994 0.71875 0.4375 0.6875 0.5 0.6875 0.4375 0.71875 0.375 0.6875 0.4375 0.6875 0.375 0.71875 0.3125 0.6875 0.375 0.6875 0.3125 0.71875 0.25 0.6875 0.3125 0.6875 0.25 0.71875 0.1875 0.6875 0.25 0.6875 0.1875 0.6875 0.375 0.65625 0.4375 0.65625 0.375 0.6875 0.3125 0.65625 0.375 0.65625 0.3125 0.6875 0.25 0.65625 0.3125 0.65625 0.25 0.6875 0.1875 0.65625 0.25 0.65625 0.1875 0.6875 0.125 0.65625 0.1875 0.65625 0.125 0.6875 0.06249994 0.65625 0.125 0.65625 0.06249994 0.671875 0 0.6875 0.06249994 0.65625 0.06249994 0.6875 0.4375 0.65625 0.5 0.65625 0.4375 0.65625 0.125 0.625 0.1875 0.625 0.125 0.65625 0.06249994 0.625 0.125 0.625 0.06249994 0.640625 0 0.65625 0.06249994 0.625 0.06249994 0.65625 0.4375 0.625 0.5 0.625 0.4375 0.65625 0.375 0.625 0.4375 0.625 0.375 0.65625 0.3125 0.625 0.375 0.625 0.3125 0.65625 0.25 0.625 0.3125 0.625 0.25 0.65625 0.1875 0.625 0.25 0.625 0.1875 0.625 0.3125 0.59375 0.375 0.59375 0.3125 0.625 0.25 0.59375 0.3125 0.59375 0.25 0.625 0.1875 0.59375 0.25 0.59375 0.1875 0.625 0.125 0.59375 0.1875 0.59375 0.125 0.625 0.06249994 0.59375 0.125 0.59375 0.06249994 0.609375 0 0.625 0.06249994 0.59375 0.06249994 0.625 0.4375 0.59375 0.5 0.59375 0.4375 0.625 0.375 0.59375 0.4375 0.59375 0.375 0.59375 0.06249994 0.5625 0.125 0.5625 0.06249994 0.578125 0 0.59375 0.06249994 0.5625 0.06249994 0.59375 0.4375 0.5625 0.5 0.5625 0.4375 0.59375 0.375 0.5625 0.4375 0.5625 0.375 0.59375 0.3125 0.5625 0.375 0.5625 0.3125 0.59375 0.25 0.5625 0.3125 0.5625 0.25 0.59375 0.1875 0.5625 0.25 0.5625 0.1875 0.59375 0.125 0.5625 0.1875 0.5625 0.125 0.5625 0.3125 0.53125 0.375 0.53125 0.3125 0.5625 0.25 0.53125 0.3125 0.53125 0.25 0.5625 0.1875 0.53125 0.25 0.53125 0.1875 0.5625 0.125 0.53125 0.1875 0.53125 0.125 0.5625 0.06249994 0.53125 0.125 0.53125 0.06249994 0.546875 0 0.5625 0.06249994 0.53125 0.06249994 0.5625 0.4375 0.53125 0.5 0.53125 0.4375 0.5625 0.375 0.53125 0.4375 0.53125 0.375 0.53125 0.06249994 0.5 0.125 0.5 0.06249994 0.515625 0 0.53125 0.06249994 0.5 0.06249994 0.53125 0.4375 0.5 0.5 0.5 0.4375 0.53125 0.375 0.5 0.4375 0.5 0.375 0.53125 0.3125 0.5 0.375 0.5 0.3125 0.53125 0.25 0.5 0.3125 0.5 0.25 0.53125 0.1875 0.5 0.25 0.5 0.1875 0.53125 0.125 0.5 0.1875 0.5 0.125 0.5 0.3125 0.46875 0.25 0.5 0.25 0.5 0.25 0.46875 0.1875 0.5 0.1875 0.5 0.1875 0.46875 0.125 0.5 0.125 0.5 0.125 0.46875 0.06249994 0.5 0.06249994 0.484375 0 0.5 0.06249994 0.46875 0.06249994 0.5 0.5 0.46875 0.4375 0.5 0.4375 0.5 0.4375 0.46875 0.375 0.5 0.375 0.5 0.375 0.46875 0.3125 0.5 0.3125 0.453125 0 0.46875 0.06249994 0.4375 0.06249994 0.46875 0.5 0.4375 0.4375 0.46875 0.4375 0.46875 0.4375 0.4375 0.375 0.46875 0.375 0.46875 0.375 0.4375 0.3125 0.46875 0.3125 0.46875 0.3125 0.4375 0.25 0.46875 0.25 0.46875 0.25 0.4375 0.1875 0.46875 0.1875 0.46875 0.1875 0.4375 0.125 0.46875 0.125 0.46875 0.125 0.4375 0.06249994 0.46875 0.06249994 0.4375 0.25 0.40625 0.1875 0.4375 0.1875 0.4375 0.1875 0.40625 0.125 0.4375 0.125 0.4375 0.125 0.40625 0.06249994 0.4375 0.06249994 0.421875 0 0.4375 0.06249994 0.40625 0.06249994 0.4375 0.5 0.40625 0.4375 0.4375 0.4375 0.4375 0.4375 0.40625 0.375 0.4375 0.375 0.4375 0.375 0.40625 0.3125 0.4375 0.3125 0.4375 0.3125 0.40625 0.25 0.4375 0.25 0.40625 0.5 0.375 0.4375 0.40625 0.4375 0.40625 0.4375 0.375 0.375 0.40625 0.375 0.40625 0.375 0.375 0.3125 0.40625 0.3125 0.40625 0.3125 0.375 0.25 0.40625 0.25 0.40625 0.25 0.375 0.1875 0.40625 0.1875 0.40625 0.1875 0.375 0.125 0.40625 0.125 0.40625 0.125 0.375 0.06249994 0.40625 0.06249994 0.390625 0 0.40625 0.06249994 0.375 0.06249994 0.375 0.25 0.34375 0.1875 0.375 0.1875 0.375 0.1875 0.34375 0.125 0.375 0.125 0.375 0.125 0.34375 0.06249994 0.375 0.06249994 0.359375 0 0.375 0.06249994 0.34375 0.06249994 0.375 0.5 0.34375 0.4375 0.375 0.4375 0.375 0.4375 0.34375 0.375 0.375 0.375 0.375 0.375 0.34375 0.3125 0.375 0.3125 0.375 0.3125 0.34375 0.25 0.375 0.25 0.34375 0.4375 0.3125 0.375 0.34375 0.375 0.34375 0.375 0.3125 0.3125 0.34375 0.3125 0.34375 0.3125 0.3125 0.25 0.34375 0.25 0.34375 0.25 0.3125 0.1875 0.34375 0.1875 0.34375 0.1875 0.3125 0.125 0.34375 0.125 0.34375 0.125 0.3125 0.06249994 0.34375 0.06249994 0.328125 0 0.34375 0.06249994 0.3125 0.06249994 0.34375 0.5 0.3125 0.4375 0.34375 0.4375 0.3125 0.1875 0.28125 0.125 0.3125 0.125 0.3125 0.125 0.28125 0.06249994 0.3125 0.06249994 0.296875 0 0.3125 0.06249994 0.28125 0.06249994 0.3125 0.5 0.28125 0.4375 0.3125 0.4375 0.3125 0.4375 0.28125 0.375 0.3125 0.375 0.3125 0.375 0.28125 0.3125 0.3125 0.3125 0.3125 0.3125 0.28125 0.25 0.3125 0.25 0.3125 0.25 0.28125 0.1875 0.3125 0.1875 0.28125 0.4375 0.25 0.375 0.28125 0.375 0.28125 0.375 0.25 0.3125 0.28125 0.3125 0.28125 0.3125 0.25 0.25 0.28125 0.25 0.28125 0.25 0.25 0.1875 0.28125 0.1875 0.28125 0.1875 0.25 0.125 0.28125 0.125 0.28125 0.125 0.25 0.06249994 0.28125 0.06249994 0.265625 0 0.28125 0.06249994 0.25 0.06249994 0.28125 0.5 0.25 0.4375 0.28125 0.4375 0.25 0.125 0.21875 0.1875 0.21875 0.125 0.25 0.06249994 0.21875 0.125 0.21875 0.06249994 0.234375 0 0.25 0.06249994 0.21875 0.06249994 0.25 0.4375 0.2187499 0.5 0.21875 0.4375 0.25 0.375 0.21875 0.4375 0.21875 0.375 0.25 0.3125 0.21875 0.375 0.21875 0.3125 0.25 0.25 0.21875 0.3125 0.21875 0.25 0.25 0.1875 0.21875 0.25 0.21875 0.1875 0.21875 0.3125 0.1875 0.375 0.1875 0.3125 0.21875 0.25 0.1875 0.3125 0.1875 0.25 0.21875 0.1875 0.1875 0.25 0.1875 0.1875 0.21875 0.125 0.1875 0.1875 0.1875 0.125 0.21875 0.06249994 0.1875 0.125 0.1875 0.06249994 0.203125 0 0.21875 0.06249994 0.1875 0.06249994 0.21875 0.4375 0.1875 0.5 0.1875 0.4375 0.21875 0.375 0.1875 0.4375 0.1875 0.375 0.1875 0.06249994 0.15625 0.125 0.15625 0.06249994 0.171875 0 0.1875 0.06249994 0.15625 0.06249994 0.1875 0.4375 0.1562499 0.5 0.15625 0.4375 0.1875 0.375 0.15625 0.4375 0.15625 0.375 0.1875 0.3125 0.15625 0.375 0.15625 0.3125 0.1875 0.25 0.15625 0.3125 0.15625 0.25 0.1875 0.1875 0.15625 0.25 0.15625 0.1874999 0.1875 0.125 0.15625 0.1874999 0.15625 0.125 0.15625 0.25 0.125 0.3125 0.125 0.25 0.15625 0.1874999 0.125 0.25 0.125 0.1874999 0.15625 0.125 0.125 0.1874999 0.125 0.125 0.15625 0.06249994 0.125 0.125 0.125 0.06249994 0.140625 0 0.15625 0.06249994 0.125 0.06249994 0.15625 0.4375 0.1249999 0.5 0.125 0.4375 0.15625 0.375 0.125 0.4375 0.125 0.375 0.15625 0.3125 0.125 0.375 0.125 0.3125 0.109375 0 0.125 0.06249994 0.09375 0.06249994 0.125 0.4375 0.09374994 0.5 0.09374994 0.4375 0.125 0.375 0.09374994 0.4375 0.09375 0.375 0.125 0.3125 0.09375 0.375 0.09375 0.3125 0.125 0.25 0.09375 0.3125 0.09375 0.2499999 0.125 0.1874999 0.09375 0.2499999 0.09374994 0.1874999 0.125 0.125 0.09374994 0.1874999 0.09375 0.125 0.125 0.06249994 0.09375 0.125 0.09375 0.06249994 0.09375 0.2499999 0.0625 0.3124999 0.0625 0.25 0.09374994 0.1874999 0.0625 0.25 0.0625 0.1874999 0.09375 0.125 0.0625 0.1874999 0.0625 0.125 0.09375 0.06249994 0.0625 0.125 0.0625 0.06249994 0.078125 0 0.09375 0.06249994 0.0625 0.06249994 0.09374994 0.4375 0.06249994 0.5 0.0625 0.4375 0.09375 0.375 0.0625 0.4375 0.0625 0.375 0.09375 0.3125 0.0625 0.375 0.0625 0.3124999 0.04687494 0 0.0625 0.06249994 0.03125 0.06249994 0.0625 0.4375 0.03124994 0.5 0.03124994 0.4375 0.0625 0.375 0.03124994 0.4375 0.03125 0.375 0.0625 0.3124999 0.03125 0.375 0.03124994 0.3125 0.0625 0.25 0.03124994 0.3125 0.03125 0.25 0.0625 0.1874999 0.03125 0.25 0.03124994 0.1874999 0.0625 0.125 0.03124994 0.1874999 0.03124994 0.125 0.0625 0.06249994 0.03124994 0.125 0.03125 0.06249994 0.03124994 0.1874999 0 0.2499999 0 0.1874999 0.03124994 0.125 0 0.1874999 0 0.125 0.03125 0.06249994 0 0.125 0 0.06249994 0.015625 0 0.03125 0.06249994 0 0.06249994 0.03124994 0.4375 0 0.5 0 0.4375 0.03125 0.375 0 0.4375 0 0.375 0.03124994 0.3125 0 0.375 0 0.3125 0.03125 0.25 0 0.3125 0 0.2499999 1 0.5 0.96875 0.4375 1 0.4375 1 0.4375 0.96875 0.375 1 0.375 1 0.375 0.96875 0.3124999 1 0.3125 1 0.3125 0.96875 0.2499999 1 0.2499999 1 0.2499999 0.96875 0.1874999 1 0.1874999 1 0.1874999 0.96875 0.125 1 0.125 1 0.125 0.96875 0.06249994 1 0.06249994 0.984375 0 1 0.06249994 0.96875 0.06249994 0.96875 0.2499999 0.9375 0.1874999 0.96875 0.1874999 0.96875 0.1874999 0.9375 0.125 0.96875 0.125 0.96875 0.125 0.9375 0.06249994 0.96875 0.06249994 0.953125 0 0.96875 0.06249994 0.9375 0.06249994 0.9687499 0.5 0.9375 0.4375 0.96875 0.4375 0.96875 0.4375 0.9375 0.375 0.96875 0.375 0.96875 0.375 0.9375 0.3124999 0.96875 0.3124999 0.96875 0.3124999 0.9375 0.2499999 0.96875 0.2499999 0.9375 0.4375 0.90625 0.375 0.9375 0.375 0.9375 0.375 0.90625 0.3124999 0.9375 0.3124999 0.9375 0.3124999 0.90625 0.2499999 0.9375 0.2499999 0.9375 0.2499999 0.90625 0.1874999 0.9375 0.1874999 0.9375 0.1874999 0.90625 0.125 0.9375 0.125 0.9375 0.125 0.90625 0.06249994 0.9375 0.06249994 0.921875 0 0.9375 0.06249994 0.90625 0.06249994 0.9374999 0.5 0.90625 0.4375 0.9375 0.4375 0.90625 0.1874999 0.875 0.125 0.90625 0.125 0.90625 0.125 0.875 0.06249994 0.90625 0.06249994 0.890625 0 0.90625 0.06249994 0.875 0.06249994 0.90625 0.5 0.875 0.4375 0.90625 0.4375 0.90625 0.4375 0.875 0.375 0.90625 0.375 0.90625 0.375 0.875 0.3124999 0.90625 0.3124999 0.90625 0.3124999 0.875 0.2499999 0.90625 0.2499999 0.90625 0.2499999 0.8749999 0.1874999 0.90625 0.1874999 0.875 0.375 0.84375 0.3124999 0.875 0.3124999 0.875 0.3124999 0.84375 0.2499999 0.875 0.2499999 0.875 0.2499999 0.84375 0.1874998 0.8749999 0.1874999 0.8749999 0.1874999 0.84375 0.125 0.875 0.125 0.875 0.125 0.84375 0.06249994 0.875 0.06249994 0.859375 0 0.875 0.06249994 0.84375 0.06249994 0.8749999 0.5 0.84375 0.4375 0.875 0.4375 0.875 0.4375 0.84375 0.375 0.875 0.375 0.84375 0.125 0.8125 0.06249988 0.84375 0.06249994 0.828125 0 0.84375 0.06249994 0.8125 0.06249988 0.8437499 0.5 0.8125 0.4375 0.84375 0.4375 0.84375 0.4375 0.8125 0.375 0.84375 0.375 0.84375 0.375 0.8125 0.3124999 0.84375 0.3124999 0.84375 0.3124999 0.8125 0.2499999 0.84375 0.2499999 0.84375 0.2499999 0.8125 0.1874998 0.84375 0.1874998 0.84375 0.1874998 0.8125 0.125 0.84375 0.125 0.8125 0.375 0.78125 0.3124999 0.8125 0.3124999 0.8125 0.3124999 0.78125 0.25 0.8125 0.2499999 0.8125 0.2499999 0.78125 0.1874998 0.8125 0.1874998 0.8125 0.1874998 0.78125 0.125 0.8125 0.125 0.8125 0.125 0.78125 0.06249988 0.8125 0.06249988 0.796875 0 0.8125 0.06249988 0.78125 0.06249988 0.8125 0.5 0.78125 0.4375 0.8125 0.4375 0.8125 0.4375 0.78125 0.375 0.8125 0.375 0.78125 0.125 0.75 0.06249988 0.78125 0.06249988 0.765625 0 0.78125 0.06249988 0.75 0.06249988 0.7812499 0.5 0.75 0.4375 0.78125 0.4375 0.78125 0.4375 0.75 0.375 0.78125 0.375 0.78125 0.375 0.75 0.3125001 0.78125 0.3124999 0.78125 0.3124999 0.75 0.2499999 0.78125 0.25 0.78125 0.25 0.75 0.1874998 0.78125 0.1874998 0.78125 0.1874998 0.75 0.125 0.78125 0.125 0.75 0.06249988 0.71875 0.125 0.71875 0.06249994 0.734375 0 0.75 0.06249988 0.71875 0.06249994 0.75 0.4375 0.71875 0.5 0.71875 0.4375 0.75 0.375 0.71875 0.4375 0.71875 0.375 0.75 0.3125001 0.71875 0.375 0.71875 0.3125 0.75 0.2499999 0.71875 0.3125 0.71875 0.25 0.75 0.1874998 0.71875 0.25 0.71875 0.1875 0.75 0.125 0.71875 0.1875 0.71875 0.125 0.71875 0.125 0.6875 0.1875 0.6875 0.125 0.71875 0.06249994 0.6875 0.125 0.6875 0.06249994 0.703125 0 0.71875 0.06249994 0.6875 0.06249994 0.71875 0.4375 0.6875 0.5 0.6875 0.4375 0.71875 0.375 0.6875 0.4375 0.6875 0.375 0.71875 0.3125 0.6875 0.375 0.6875 0.3125 0.71875 0.25 0.6875 0.3125 0.6875 0.25 0.71875 0.1875 0.6875 0.25 0.6875 0.1875 0.6875 0.375 0.65625 0.4375 0.65625 0.375 0.6875 0.3125 0.65625 0.375 0.65625 0.3125 0.6875 0.25 0.65625 0.3125 0.65625 0.25 0.6875 0.1875 0.65625 0.25 0.65625 0.1875 0.6875 0.125 0.65625 0.1875 0.65625 0.125 0.6875 0.06249994 0.65625 0.125 0.65625 0.06249994 0.671875 0 0.6875 0.06249994 0.65625 0.06249994 0.6875 0.4375 0.65625 0.5 0.65625 0.4375 0.65625 0.125 0.625 0.1875 0.625 0.125 0.65625 0.06249994 0.625 0.125 0.625 0.06249994 0.640625 0 0.65625 0.06249994 0.625 0.06249994 0.65625 0.4375 0.625 0.5 0.625 0.4375 0.65625 0.375 0.625 0.4375 0.625 0.375 0.65625 0.3125 0.625 0.375 0.625 0.3125 0.65625 0.25 0.625 0.3125 0.625 0.25 0.65625 0.1875 0.625 0.25 0.625 0.1875 0.625 0.3125 0.59375 0.375 0.59375 0.3125 0.625 0.25 0.59375 0.3125 0.59375 0.25 0.625 0.1875 0.59375 0.25 0.59375 0.1875 0.625 0.125 0.59375 0.1875 0.59375 0.125 0.625 0.06249994 0.59375 0.125 0.59375 0.06249994 0.609375 0 0.625 0.06249994 0.59375 0.06249994 0.625 0.4375 0.59375 0.5 0.59375 0.4375 0.625 0.375 0.59375 0.4375 0.59375 0.375 0.59375 0.06249994 0.5625 0.125 0.5625 0.06249994 0.578125 0 0.59375 0.06249994 0.5625 0.06249994 0.59375 0.4375 0.5625 0.5 0.5625 0.4375 0.59375 0.375 0.5625 0.4375 0.5625 0.375 0.59375 0.3125 0.5625 0.375 0.5625 0.3125 0.59375 0.25 0.5625 0.3125 0.5625 0.25 0.59375 0.1875 0.5625 0.25 0.5625 0.1875 0.59375 0.125 0.5625 0.1875 0.5625 0.125 0.5625 0.3125 0.53125 0.375 0.53125 0.3125 0.5625 0.25 0.53125 0.3125 0.53125 0.25 0.5625 0.1875 0.53125 0.25 0.53125 0.1875 0.5625 0.125 0.53125 0.1875 0.53125 0.125 0.5625 0.06249994 0.53125 0.125 0.53125 0.06249994 0.546875 0 0.5625 0.06249994 0.53125 0.06249994 0.5625 0.4375 0.53125 0.5 0.53125 0.4375 0.5625 0.375 0.53125 0.4375 0.53125 0.375 0.53125 0.06249994 0.5 0.125 0.5 0.06249994 0.515625 0 0.53125 0.06249994 0.5 0.06249994 0.53125 0.4375 0.5 0.5 0.5 0.4375 0.53125 0.375 0.5 0.4375 0.5 0.375 0.53125 0.3125 0.5 0.375 0.5 0.3125 0.53125 0.25 0.5 0.3125 0.5 0.25 0.53125 0.1875 0.5 0.25 0.5 0.1875 0.53125 0.125 0.5 0.1875 0.5 0.125 0.5 0.3125 0.46875 0.25 0.5 0.25 0.5 0.25 0.46875 0.1875 0.5 0.1875 0.5 0.1875 0.46875 0.125 0.5 0.125 0.5 0.125 0.46875 0.06249994 0.5 0.06249994 0.484375 0 0.5 0.06249994 0.46875 0.06249994 0.5 0.5 0.46875 0.4375 0.5 0.4375 0.5 0.4375 0.46875 0.375 0.5 0.375 0.5 0.375 0.46875 0.3125 0.5 0.3125 0.453125 0 0.46875 0.06249994 0.4375 0.06249994 0.46875 0.5 0.4375 0.4375 0.46875 0.4375 0.46875 0.4375 0.4375 0.375 0.46875 0.375 0.46875 0.375 0.4375 0.3125 0.46875 0.3125 0.46875 0.3125 0.4375 0.25 0.46875 0.25 0.46875 0.25 0.4375 0.1875 0.46875 0.1875 0.46875 0.1875 0.4375 0.125 0.46875 0.125 0.46875 0.125 0.4375 0.06249994 0.46875 0.06249994 0.4375 0.25 0.40625 0.1875 0.4375 0.1875 0.4375 0.1875 0.40625 0.125 0.4375 0.125 0.4375 0.125 0.40625 0.06249994 0.4375 0.06249994 0.421875 0 0.4375 0.06249994 0.40625 0.06249994 0.4375 0.5 0.40625 0.4375 0.4375 0.4375 0.4375 0.4375 0.40625 0.375 0.4375 0.375 0.4375 0.375 0.40625 0.3125 0.4375 0.3125 0.4375 0.3125 0.40625 0.25 0.4375 0.25 0.40625 0.5 0.375 0.4375 0.40625 0.4375 0.40625 0.4375 0.375 0.375 0.40625 0.375 0.40625 0.375 0.375 0.3125 0.40625 0.3125 0.40625 0.3125 0.375 0.25 0.40625 0.25 0.40625 0.25 0.375 0.1875 0.40625 0.1875 0.40625 0.1875 0.375 0.125 0.40625 0.125 0.40625 0.125 0.375 0.06249994 0.40625 0.06249994 0.390625 0 0.40625 0.06249994 0.375 0.06249994 0.375 0.25 0.34375 0.1875 0.375 0.1875 0.375 0.1875 0.34375 0.125 0.375 0.125 0.375 0.125 0.34375 0.06249994 0.375 0.06249994 0.359375 0 0.375 0.06249994 0.34375 0.06249994 0.375 0.5 0.34375 0.4375 0.375 0.4375 0.375 0.4375 0.34375 0.375 0.375 0.375 0.375 0.375 0.34375 0.3125 0.375 0.3125 0.375 0.3125 0.34375 0.25 0.375 0.25 0.34375 0.4375 0.3125 0.375 0.34375 0.375 0.34375 0.375 0.3125 0.3125 0.34375 0.3125 0.34375 0.3125 0.3125 0.25 0.34375 0.25 0.34375 0.25 0.3125 0.1875 0.34375 0.1875 0.34375 0.1875 0.3125 0.125 0.34375 0.125 0.34375 0.125 0.3125 0.06249994 0.34375 0.06249994 0.328125 0 0.34375 0.06249994 0.3125 0.06249994 0.34375 0.5 0.3125 0.4375 0.34375 0.4375 0.3125 0.1875 0.28125 0.125 0.3125 0.125 0.3125 0.125 0.28125 0.06249994 0.3125 0.06249994 0.296875 0 0.3125 0.06249994 0.28125 0.06249994 0.3125 0.5 0.28125 0.4375 0.3125 0.4375 0.3125 0.4375 0.28125 0.375 0.3125 0.375 0.3125 0.375 0.28125 0.3125 0.3125 0.3125 0.3125 0.3125 0.28125 0.25 0.3125 0.25 0.3125 0.25 0.28125 0.1875 0.3125 0.1875 0.28125 0.4375 0.25 0.375 0.28125 0.375 0.28125 0.375 0.25 0.3125 0.28125 0.3125 0.28125 0.3125 0.25 0.25 0.28125 0.25 0.28125 0.25 0.25 0.1875 0.28125 0.1875 0.28125 0.1875 0.25 0.125 0.28125 0.125 0.28125 0.125 0.25 0.06249994 0.28125 0.06249994 0.265625 0 0.28125 0.06249994 0.25 0.06249994 0.28125 0.5 0.25 0.4375 0.28125 0.4375 0.25 0.125 0.21875 0.1875 0.21875 0.125 0.25 0.06249994 0.21875 0.125 0.21875 0.06249994 0.234375 0 0.25 0.06249994 0.21875 0.06249994 0.25 0.4375 0.2187499 0.5 0.21875 0.4375 0.25 0.375 0.21875 0.4375 0.21875 0.375 0.25 0.3125 0.21875 0.375 0.21875 0.3125 0.25 0.25 0.21875 0.3125 0.21875 0.25 0.25 0.1875 0.21875 0.25 0.21875 0.1875 0.21875 0.3125 0.1875 0.375 0.1875 0.3125 0.21875 0.25 0.1875 0.3125 0.1875 0.25 0.21875 0.1875 0.1875 0.25 0.1875 0.1875 0.21875 0.125 0.1875 0.1875 0.1875 0.125 0.21875 0.06249994 0.1875 0.125 0.1875 0.06249994 0.203125 0 0.21875 0.06249994 0.1875 0.06249994 0.21875 0.4375 0.1875 0.5 0.1875 0.4375 0.21875 0.375 0.1875 0.4375 0.1875 0.375 0.1875 0.06249994 0.15625 0.125 0.15625 0.06249994 0.171875 0 0.1875 0.06249994 0.15625 0.06249994 0.1875 0.4375 0.1562499 0.5 0.15625 0.4375 0.1875 0.375 0.15625 0.4375 0.15625 0.375 0.1875 0.3125 0.15625 0.375 0.15625 0.3125 0.1875 0.25 0.15625 0.3125 0.15625 0.25 0.1875 0.1875 0.15625 0.25 0.15625 0.1874999 0.1875 0.125 0.15625 0.1874999 0.15625 0.125 0.15625 0.25 0.125 0.3125 0.125 0.25 0.15625 0.1874999 0.125 0.25 0.125 0.1874999 0.15625 0.125 0.125 0.1874999 0.125 0.125 0.15625 0.06249994 0.125 0.125 0.125 0.06249994 0.140625 0 0.15625 0.06249994 0.125 0.06249994 0.15625 0.4375 0.1249999 0.5 0.125 0.4375 0.15625 0.375 0.125 0.4375 0.125 0.375 0.15625 0.3125 0.125 0.375 0.125 0.3125 0.109375 0 0.125 0.06249994 0.09375 0.06249994 0.125 0.4375 0.09374994 0.5 0.09374994 0.4375 0.125 0.375 0.09374994 0.4375 0.09375 0.375 0.125 0.3125 0.09375 0.375 0.09375 0.3125 0.125 0.25 0.09375 0.3125 0.09375 0.2499999 0.125 0.1874999 0.09375 0.2499999 0.09374994 0.1874999 0.125 0.125 0.09374994 0.1874999 0.09375 0.125 0.125 0.06249994 0.09375 0.125 0.09375 0.06249994 0.09375 0.2499999 0.0625 0.3124999 0.0625 0.25 0.09374994 0.1874999 0.0625 0.25 0.0625 0.1874999 0.09375 0.125 0.0625 0.1874999 0.0625 0.125 0.09375 0.06249994 0.0625 0.125 0.0625 0.06249994 0.078125 0 0.09375 0.06249994 0.0625 0.06249994 0.09374994 0.4375 0.06249994 0.5 0.0625 0.4375 0.09375 0.375 0.0625 0.4375 0.0625 0.375 0.09375 0.3125 0.0625 0.375 0.0625 0.3124999 0.04687494 0 0.0625 0.06249994 0.03125 0.06249994 0.0625 0.4375 0.03124994 0.5 0.03124994 0.4375 0.0625 0.375 0.03124994 0.4375 0.03125 0.375 0.0625 0.3124999 0.03125 0.375 0.03124994 0.3125 0.0625 0.25 0.03124994 0.3125 0.03125 0.25 0.0625 0.1874999 0.03125 0.25 0.03124994 0.1874999 0.0625 0.125 0.03124994 0.1874999 0.03124994 0.125 0.0625 0.06249994 0.03124994 0.125 0.03125 0.06249994 0.03124994 0.1874999 0 0.2499999 0 0.1874999 0.03124994 0.125 0 0.1874999 0 0.125 0.03125 0.06249994 0 0.125 0 0.06249994 0.015625 0 0.03125 0.06249994 0 0.06249994 0.03124994 0.4375 0 0.5 0 0.4375 0.03125 0.375 0 0.4375 0 0.375 0.03124994 0.3125 0 0.375 0 0.3125 0.03125 0.25 0 0.3125 0 0.2499999 1 0.5 0.96875 0.4375 1 0.4375 1 0.4375 0.96875 0.375 1 0.375 1 0.375 0.96875 0.3124999 1 0.3125 1 0.3125 0.96875 0.2499999 1 0.2499999 1 0.2499999 0.96875 0.1874999 1 0.1874999 1 0.1874999 0.96875 0.125 1 0.125 1 0.125 0.96875 0.06249994 1 0.06249994 0.984375 0 1 0.06249994 0.96875 0.06249994 0.96875 0.2499999 0.9375 0.1874999 0.96875 0.1874999 0.96875 0.1874999 0.9375 0.125 0.96875 0.125 0.96875 0.125 0.9375 0.06249994 0.96875 0.06249994 0.953125 0 0.96875 0.06249994 0.9375 0.06249994 0.9687499 0.5 0.9375 0.4375 0.96875 0.4375 0.96875 0.4375 0.9375 0.375 0.96875 0.375 0.96875 0.375 0.9375 0.3124999 0.96875 0.3124999 0.96875 0.3124999 0.9375 0.2499999 0.96875 0.2499999 0.9375 0.4375 0.90625 0.375 0.9375 0.375 0.9375 0.375 0.90625 0.3124999 0.9375 0.3124999 0.9375 0.3124999 0.90625 0.2499999 0.9375 0.2499999 0.9375 0.2499999 0.90625 0.1874999 0.9375 0.1874999 0.9375 0.1874999 0.90625 0.125 0.9375 0.125 0.9375 0.125 0.90625 0.06249994 0.9375 0.06249994 0.921875 0 0.9375 0.06249994 0.90625 0.06249994 0.9374999 0.5 0.90625 0.4375 0.9375 0.4375 0.90625 0.1874999 0.875 0.125 0.90625 0.125 0.90625 0.125 0.875 0.06249994 0.90625 0.06249994 0.890625 0 0.90625 0.06249994 0.875 0.06249994 0.90625 0.5 0.875 0.4375 0.90625 0.4375 0.90625 0.4375 0.875 0.375 0.90625 0.375 0.90625 0.375 0.875 0.3124999 0.90625 0.3124999 0.90625 0.3124999 0.875 0.2499999 0.90625 0.2499999 0.90625 0.2499999 0.8749999 0.1874999 0.90625 0.1874999 0.875 0.375 0.84375 0.3124999 0.875 0.3124999 0.875 0.3124999 0.84375 0.2499999 0.875 0.2499999 0.875 0.2499999 0.84375 0.1874998 0.8749999 0.1874999 0.8749999 0.1874999 0.84375 0.125 0.875 0.125 0.71875 0.5 0.6875 0.5 0.6875 0.5 0.875 0.125 0.84375 0.06249994 0.875 0.06249994 0.75 0.5 0.71875 0.5 0.71875 0.5 0.859375 0 0.875 0.06249994 0.84375 0.06249994 0.8749999 0.5 0.84375 0.4375 0.875 0.4375 0.875 0.4375 0.84375 0.375 0.875 0.375 0.84375 0.125 0.8125 0.06249988 0.84375 0.06249994 0.828125 0 0.84375 0.06249994 0.8125 0.06249988 0.8437499 0.5 0.8125 0.4375 0.84375 0.4375 0.84375 0.4375 0.8125 0.375 0.84375 0.375 0.84375 0.375 0.8125 0.3124999 0.84375 0.3124999 0.84375 0.3124999 0.8125 0.2499999 0.84375 0.2499999 0.84375 0.2499999 0.8125 0.1874998 0.84375 0.1874998 0.84375 0.1874998 0.8125 0.125 0.84375 0.125 0.8125 0.375 0.78125 0.3124999 0.8125 0.3124999 0.8125 0.3124999 0.78125 0.25 0.8125 0.2499999 0.8125 0.2499999 0.78125 0.1874998 0.8125 0.1874998 0.8125 0.1874998 0.78125 0.125 0.8125 0.125 0.8125 0.125 0.78125 0.06249988 0.8125 0.06249988 0.796875 0 0.8125 0.06249988 0.78125 0.06249988 0.8125 0.5 0.78125 0.4375 0.8125 0.4375 0.8125 0.4375 0.78125 0.375 0.8125 0.375 0.78125 0.125 0.75 0.06249988 0.78125 0.06249988 0.765625 0 0.78125 0.06249988 0.75 0.06249988 0.7812499 0.5 0.75 0.4375 0.78125 0.4375 0.78125 0.4375 0.75 0.375 0.78125 0.375 0.78125 0.375 0.75 0.3125001 0.78125 0.3124999 0.78125 0.3124999 0.75 0.2499999 0.78125 0.25 0.78125 0.25 0.75 0.1874998 0.78125 0.1874998 0.78125 0.1874998 0.75 0.125 0.78125 0.125 0.6875 0.5 0.65625 0.5 0.65625 0.5 0.65625 0.5 0.625 0.5 0.625 0.5 0.625 0.5 0.59375 0.5 0.59375 0.5 0.59375 0.5 0.5625 0.5 0.5625 0.5 0.5625 0.5 0.53125 0.5 0.53125 0.5 0.53125 0.5 0.5 0.5 0.5 0.5 0.5 0.5 0.46875 0.5 0.5 0.5 0.4375 0.5 0.46875 0.5 0.4375 0.5 0.4375 0.5 0.40625 0.5 0.4375 0.5 0.375 0.5 0.40625 0.5 0.375 0.5 0.375 0.5 0.34375 0.5 0.375 0.5 0.34375 0.5 0.3125 0.5 0.34375 0.5 0.3125 0.5 0.28125 0.5 0.3125 0.5 0.28125 0.5 0.25 0.5 0.28125 0.5 0.25 0.5 0.2187499 0.5 0.2187499 0.5 0.2187499 0.5 0.1875 0.5 0.1875 0.5 0.1875 0.5 0.1562499 0.5 0.1562499 0.5 0.1562499 0.5 0.1249999 0.5 0.1249999 0.5 0.1249999 0.5 0.09374994 0.5 0.09374994 0.5 0.09374994 0.5 0.06249994 0.5 0.06249994 0.5 0.06249994 0.5 0.03124994 0.5 0.03124994 0.5 0.03124994 0.5 0 0.5 0 0.5 0.9687499 0.5 1 0.5 0.9687499 0.5 0.9687499 0.5 0.9374999 0.5 0.9687499 0.5 0.9374999 0.5 0.90625 0.5 0.9374999 0.5 0.90625 0.5 0.8749999 0.5 0.90625 0.5 0.8749999 0.5 0.8437499 0.5 0.8749999 0.5 0.8437499 0.5 0.8125 0.5 0.8437499 0.5 0.8125 0.5 0.7812499 0.5 0.8125 0.5 0.7812499 0.5 0.75 0.5 0.7812499 0.5 0.870437 0.5 0.625 0.75 0.625 0.5 0.625 0.5 0.375 0.75 0.375 0.5 0.4541485 0.25 0.625 0.254563 0.625 0.254563 0.375 0.5 0.125 0.75 0.125 0.5 0.4541485 0 0.375 0.25 0.375 0 0.625 0.25 0.625 0 0.625 0 0.4541485 0 0.625 0.25 0.4541485 0.25 0.625 0.75 0.625 0.995437 0.625 0.995437 0.870437 0.5 0.870437 0.75 0.625 0.75 0.625 0.5 0.625 0.75 0.375 0.75 0.375 0.5 0.375 0.25 0.4541485 0.25 0.625 0.5 0.375 0.5 0.4541485 0.25 0.4541485 0.25 0.625 0.254563 0.625 0.254563 0.375 0.5 0.375 0.75 0.125 0.75 0.375 0 0.4541485 0 0.4541485 0.25 0.625 0.25 0.625 0.25 0.625 0 0.4541485 0 0.625 0 0.625 0.25 0.375 1 0.375 0.75 0.4541485 1 0.375 0.75 0.625 0.75 0.4541485 1 0.625 0.75 0.625 0.995437 0.625 0.995437 0.75 0.06249988 0.75 0.125 0.71875 0.125 0.75 0.4375 0.75 0.5 0.71875 0.5 0.75 0.375 0.75 0.4375 0.71875 0.4375 0.75 0.3125001 0.75 0.375 0.71875 0.375 0.75 0.2499999 0.75 0.3125001 0.71875 0.3125 0.75 0.1874998 0.75 0.2499999 0.71875 0.25 0.75 0.125 0.75 0.1874998 0.71875 0.1875 0.71875 0.125 0.71875 0.1875 0.6875 0.1875 0.71875 0.06249994 0.71875 0.125 0.6875 0.125 0.71875 0.4375 0.71875 0.5 0.6875 0.5 0.71875 0.375 0.71875 0.4375 0.6875 0.4375 0.71875 0.3125 0.71875 0.375 0.6875 0.375 0.71875 0.25 0.71875 0.3125 0.6875 0.3125 0.71875 0.1875 0.71875 0.25 0.6875 0.25 0.6875 0.375 0.6875 0.4375 0.65625 0.4375 0.6875 0.3125 0.6875 0.375 0.65625 0.375 0.6875 0.25 0.6875 0.3125 0.65625 0.3125 0.6875 0.1875 0.6875 0.25 0.65625 0.25 0.6875 0.125 0.6875 0.1875 0.65625 0.1875 0.6875 0.06249994 0.6875 0.125 0.65625 0.125 0.6875 0.4375 0.6875 0.5 0.65625 0.5 0.65625 0.125 0.65625 0.1875 0.625 0.1875 0.65625 0.06249994 0.65625 0.125 0.625 0.125 0.65625 0.4375 0.65625 0.5 0.625 0.5 0.65625 0.375 0.65625 0.4375 0.625 0.4375 0.65625 0.3125 0.65625 0.375 0.625 0.375 0.65625 0.25 0.65625 0.3125 0.625 0.3125 0.65625 0.1875 0.65625 0.25 0.625 0.25 0.625 0.3125 0.625 0.375 0.59375 0.375 0.625 0.25 0.625 0.3125 0.59375 0.3125 0.625 0.1875 0.625 0.25 0.59375 0.25 0.625 0.125 0.625 0.1875 0.59375 0.1875 0.625 0.06249994 0.625 0.125 0.59375 0.125 0.625 0.4375 0.625 0.5 0.59375 0.5 0.625 0.375 0.625 0.4375 0.59375 0.4375 0.59375 0.06249994 0.59375 0.125 0.5625 0.125 0.59375 0.4375 0.59375 0.5 0.5625 0.5 0.59375 0.375 0.59375 0.4375 0.5625 0.4375 0.59375 0.3125 0.59375 0.375 0.5625 0.375 0.59375 0.25 0.59375 0.3125 0.5625 0.3125 0.59375 0.1875 0.59375 0.25 0.5625 0.25 0.59375 0.125 0.59375 0.1875 0.5625 0.1875 0.5625 0.3125 0.5625 0.375 0.53125 0.375 0.5625 0.25 0.5625 0.3125 0.53125 0.3125 0.5625 0.1875 0.5625 0.25 0.53125 0.25 0.5625 0.125 0.5625 0.1875 0.53125 0.1875 0.5625 0.06249994 0.5625 0.125 0.53125 0.125 0.5625 0.4375 0.5625 0.5 0.53125 0.5 0.5625 0.375 0.5625 0.4375 0.53125 0.4375 0.53125 0.06249994 0.53125 0.125 0.5 0.125 0.53125 0.4375 0.53125 0.5 0.5 0.5 0.53125 0.375 0.53125 0.4375 0.5 0.4375 0.53125 0.3125 0.53125 0.375 0.5 0.375 0.53125 0.25 0.53125 0.3125 0.5 0.3125 0.53125 0.1875 0.53125 0.25 0.5 0.25 0.53125 0.125 0.53125 0.1875 0.5 0.1875 0.5 0.3125 0.46875 0.3125 0.46875 0.25 0.5 0.25 0.46875 0.25 0.46875 0.1875 0.5 0.1875 0.46875 0.1875 0.46875 0.125 0.5 0.125 0.46875 0.125 0.46875 0.06249994 0.5 0.5 0.46875 0.5 0.46875 0.4375 0.5 0.4375 0.46875 0.4375 0.46875 0.375 0.5 0.375 0.46875 0.375 0.46875 0.3125 0.46875 0.5 0.4375 0.5 0.4375 0.4375 0.46875 0.4375 0.4375 0.4375 0.4375 0.375 0.46875 0.375 0.4375 0.375 0.4375 0.3125 0.46875 0.3125 0.4375 0.3125 0.4375 0.25 0.46875 0.25 0.4375 0.25 0.4375 0.1875 0.46875 0.1875 0.4375 0.1875 0.4375 0.125 0.46875 0.125 0.4375 0.125 0.4375 0.06249994 0.4375 0.25 0.40625 0.25 0.40625 0.1875 0.4375 0.1875 0.40625 0.1875 0.40625 0.125 0.4375 0.125 0.40625 0.125 0.40625 0.06249994 0.4375 0.5 0.40625 0.5 0.40625 0.4375 0.4375 0.4375 0.40625 0.4375 0.40625 0.375 0.4375 0.375 0.40625 0.375 0.40625 0.3125 0.4375 0.3125 0.40625 0.3125 0.40625 0.25 0.40625 0.5 0.375 0.5 0.375 0.4375 0.40625 0.4375 0.375 0.4375 0.375 0.375 0.40625 0.375 0.375 0.375 0.375 0.3125 0.40625 0.3125 0.375 0.3125 0.375 0.25 0.40625 0.25 0.375 0.25 0.375 0.1875 0.40625 0.1875 0.375 0.1875 0.375 0.125 0.40625 0.125 0.375 0.125 0.375 0.06249994 0.375 0.25 0.34375 0.25 0.34375 0.1875 0.375 0.1875 0.34375 0.1875 0.34375 0.125 0.375 0.125 0.34375 0.125 0.34375 0.06249994 0.375 0.5 0.34375 0.5 0.34375 0.4375 0.375 0.4375 0.34375 0.4375 0.34375 0.375 0.375 0.375 0.34375 0.375 0.34375 0.3125 0.375 0.3125 0.34375 0.3125 0.34375 0.25 0.34375 0.4375 0.3125 0.4375 0.3125 0.375 0.34375 0.375 0.3125 0.375 0.3125 0.3125 0.34375 0.3125 0.3125 0.3125 0.3125 0.25 0.34375 0.25 0.3125 0.25 0.3125 0.1875 0.34375 0.1875 0.3125 0.1875 0.3125 0.125 0.34375 0.125 0.3125 0.125 0.3125 0.06249994 0.34375 0.5 0.3125 0.5 0.3125 0.4375 0.3125 0.1875 0.28125 0.1875 0.28125 0.125 0.3125 0.125 0.28125 0.125 0.28125 0.06249994 0.3125 0.5 0.28125 0.5 0.28125 0.4375 0.3125 0.4375 0.28125 0.4375 0.28125 0.375 0.3125 0.375 0.28125 0.375 0.28125 0.3125 0.3125 0.3125 0.28125 0.3125 0.28125 0.25 0.3125 0.25 0.28125 0.25 0.28125 0.1875 0.28125 0.4375 0.25 0.4375 0.25 0.375 0.28125 0.375 0.25 0.375 0.25 0.3125 0.28125 0.3125 0.25 0.3125 0.25 0.25 0.28125 0.25 0.25 0.25 0.25 0.1875 0.28125 0.1875 0.25 0.1875 0.25 0.125 0.28125 0.125 0.25 0.125 0.25 0.06249994 0.28125 0.5 0.25 0.5 0.25 0.4375 0.25 0.125 0.25 0.1875 0.21875 0.1875 0.25 0.06249994 0.25 0.125 0.21875 0.125 0.25 0.4375 0.25 0.5 0.2187499 0.5 0.25 0.375 0.25 0.4375 0.21875 0.4375 0.25 0.3125 0.25 0.375 0.21875 0.375 0.25 0.25 0.25 0.3125 0.21875 0.3125 0.25 0.1875 0.25 0.25 0.21875 0.25 0.21875 0.3125 0.21875 0.375 0.1875 0.375 0.21875 0.25 0.21875 0.3125 0.1875 0.3125 0.21875 0.1875 0.21875 0.25 0.1875 0.25 0.21875 0.125 0.21875 0.1875 0.1875 0.1875 0.21875 0.06249994 0.21875 0.125 0.1875 0.125 0.21875 0.4375 0.2187499 0.5 0.1875 0.5 0.21875 0.375 0.21875 0.4375 0.1875 0.4375 0.1875 0.06249994 0.1875 0.125 0.15625 0.125 0.1875 0.4375 0.1875 0.5 0.1562499 0.5 0.1875 0.375 0.1875 0.4375 0.15625 0.4375 0.1875 0.3125 0.1875 0.375 0.15625 0.375 0.1875 0.25 0.1875 0.3125 0.15625 0.3125 0.1875 0.1875 0.1875 0.25 0.15625 0.25 0.1875 0.125 0.1875 0.1875 0.15625 0.1874999 0.15625 0.25 0.15625 0.3125 0.125 0.3125 0.15625 0.1874999 0.15625 0.25 0.125 0.25 0.15625 0.125 0.15625 0.1874999 0.125 0.1874999 0.15625 0.06249994 0.15625 0.125 0.125 0.125 0.15625 0.4375 0.1562499 0.5 0.1249999 0.5 0.15625 0.375 0.15625 0.4375 0.125 0.4375 0.15625 0.3125 0.15625 0.375 0.125 0.375 0.125 0.4375 0.1249999 0.5 0.09374994 0.5 0.125 0.375 0.125 0.4375 0.09374994 0.4375 0.125 0.3125 0.125 0.375 0.09375 0.375 0.125 0.25 0.125 0.3125 0.09375 0.3125 0.125 0.1874999 0.125 0.25 0.09375 0.2499999 0.125 0.125 0.125 0.1874999 0.09374994 0.1874999 0.125 0.06249994 0.125 0.125 0.09375 0.125 0.09375 0.2499999 0.09375 0.3125 0.0625 0.3124999 0.09374994 0.1874999 0.09375 0.2499999 0.0625 0.25 0.09375 0.125 0.09374994 0.1874999 0.0625 0.1874999 0.09375 0.06249994 0.09375 0.125 0.0625 0.125 0.09374994 0.4375 0.09374994 0.5 0.06249994 0.5 0.09375 0.375 0.09374994 0.4375 0.0625 0.4375 0.09375 0.3125 0.09375 0.375 0.0625 0.375 0.0625 0.4375 0.06249994 0.5 0.03124994 0.5 0.0625 0.375 0.0625 0.4375 0.03124994 0.4375 0.0625 0.3124999 0.0625 0.375 0.03125 0.375 0.0625 0.25 0.0625 0.3124999 0.03124994 0.3125 0.0625 0.1874999 0.0625 0.25 0.03125 0.25 0.0625 0.125 0.0625 0.1874999 0.03124994 0.1874999 0.0625 0.06249994 0.0625 0.125 0.03124994 0.125 0.03124994 0.1874999 0.03125 0.25 0 0.2499999 0.03124994 0.125 0.03124994 0.1874999 0 0.1874999 0.03125 0.06249994 0.03124994 0.125 0 0.125 0.03124994 0.4375 0.03124994 0.5 0 0.5 0.03125 0.375 0.03124994 0.4375 0 0.4375 0.03124994 0.3125 0.03125 0.375 0 0.375 0.03125 0.25 0.03124994 0.3125 0 0.3125 1 0.5 0.9687499 0.5 0.96875 0.4375 1 0.4375 0.96875 0.4375 0.96875 0.375 1 0.375 0.96875 0.375 0.96875 0.3124999 1 0.3125 0.96875 0.3124999 0.96875 0.2499999 1 0.2499999 0.96875 0.2499999 0.96875 0.1874999 1 0.1874999 0.96875 0.1874999 0.96875 0.125 1 0.125 0.96875 0.125 0.96875 0.06249994 0.96875 0.2499999 0.9375 0.2499999 0.9375 0.1874999 0.96875 0.1874999 0.9375 0.1874999 0.9375 0.125 0.96875 0.125 0.9375 0.125 0.9375 0.06249994 0.9687499 0.5 0.9374999 0.5 0.9375 0.4375 0.96875 0.4375 0.9375 0.4375 0.9375 0.375 0.96875 0.375 0.9375 0.375 0.9375 0.3124999 0.96875 0.3124999 0.9375 0.3124999 0.9375 0.2499999 0.9375 0.4375 0.90625 0.4375 0.90625 0.375 0.9375 0.375 0.90625 0.375 0.90625 0.3124999 0.9375 0.3124999 0.90625 0.3124999 0.90625 0.2499999 0.9375 0.2499999 0.90625 0.2499999 0.90625 0.1874999 0.9375 0.1874999 0.90625 0.1874999 0.90625 0.125 0.9375 0.125 0.90625 0.125 0.90625 0.06249994 0.9374999 0.5 0.90625 0.5 0.90625 0.4375 0.90625 0.1874999 0.8749999 0.1874999 0.875 0.125 0.90625 0.125 0.875 0.125 0.875 0.06249994 0.90625 0.5 0.8749999 0.5 0.875 0.4375 0.90625 0.4375 0.875 0.4375 0.875 0.375 0.90625 0.375 0.875 0.375 0.875 0.3124999 0.90625 0.3124999 0.875 0.3124999 0.875 0.2499999 0.90625 0.2499999 0.875 0.2499999 0.8749999 0.1874999 0.875 0.375 0.84375 0.375 0.84375 0.3124999 0.875 0.3124999 0.84375 0.3124999 0.84375 0.2499999 0.875 0.2499999 0.84375 0.2499999 0.84375 0.1874998 0.8749999 0.1874999 0.84375 0.1874998 0.84375 0.125 0.875 0.125 0.84375 0.125 0.84375 0.06249994 0.8749999 0.5 0.8437499 0.5 0.84375 0.4375 0.875 0.4375 0.84375 0.4375 0.84375 0.375 0.84375 0.125 0.8125 0.125 0.8125 0.06249988 0.8437499 0.5 0.8125 0.5 0.8125 0.4375 0.84375 0.4375 0.8125 0.4375 0.8125 0.375 0.84375 0.375 0.8125 0.375 0.8125 0.3124999 0.84375 0.3124999 0.8125 0.3124999 0.8125 0.2499999 0.84375 0.2499999 0.8125 0.2499999 0.8125 0.1874998 0.84375 0.1874998 0.8125 0.1874998 0.8125 0.125 0.8125 0.375 0.78125 0.375 0.78125 0.3124999 0.8125 0.3124999 0.78125 0.3124999 0.78125 0.25 0.8125 0.2499999 0.78125 0.25 0.78125 0.1874998 0.8125 0.1874998 0.78125 0.1874998 0.78125 0.125 0.8125 0.125 0.78125 0.125 0.78125 0.06249988 0.8125 0.5 0.7812499 0.5 0.78125 0.4375 0.8125 0.4375 0.78125 0.4375 0.78125 0.375 0.78125 0.125 0.75 0.125 0.75 0.06249988 0.7812499 0.5 0.75 0.5 0.75 0.4375 0.78125 0.4375 0.75 0.4375 0.75 0.375 0.78125 0.375 0.75 0.375 0.75 0.3125001 0.78125 0.3124999 0.75 0.3125001 0.75 0.2499999 0.78125 0.25 0.75 0.2499999 0.75 0.1874998 0.78125 0.1874998 0.75 0.1874998 0.75 0.125 0.75 0.06249988 0.75 0.125 0.71875 0.125 0.75 0.4375 0.75 0.5 0.71875 0.5 0.75 0.375 0.75 0.4375 0.71875 0.4375 0.75 0.3125001 0.75 0.375 0.71875 0.375 0.75 0.2499999 0.75 0.3125001 0.71875 0.3125 0.75 0.1874998 0.75 0.2499999 0.71875 0.25 0.75 0.125 0.75 0.1874998 0.71875 0.1875 0.71875 0.125 0.71875 0.1875 0.6875 0.1875 0.71875 0.06249994 0.71875 0.125 0.6875 0.125 0.71875 0.4375 0.71875 0.5 0.6875 0.5 0.71875 0.375 0.71875 0.4375 0.6875 0.4375 0.71875 0.3125 0.71875 0.375 0.6875 0.375 0.71875 0.25 0.71875 0.3125 0.6875 0.3125 0.71875 0.1875 0.71875 0.25 0.6875 0.25 0.6875 0.375 0.6875 0.4375 0.65625 0.4375 0.6875 0.3125 0.6875 0.375 0.65625 0.375 0.6875 0.25 0.6875 0.3125 0.65625 0.3125 0.6875 0.1875 0.6875 0.25 0.65625 0.25 0.6875 0.125 0.6875 0.1875 0.65625 0.1875 0.6875 0.06249994 0.6875 0.125 0.65625 0.125 0.6875 0.4375 0.6875 0.5 0.65625 0.5 0.65625 0.125 0.65625 0.1875 0.625 0.1875 0.65625 0.06249994 0.65625 0.125 0.625 0.125 0.65625 0.4375 0.65625 0.5 0.625 0.5 0.65625 0.375 0.65625 0.4375 0.625 0.4375 0.65625 0.3125 0.65625 0.375 0.625 0.375 0.65625 0.25 0.65625 0.3125 0.625 0.3125 0.65625 0.1875 0.65625 0.25 0.625 0.25 0.625 0.3125 0.625 0.375 0.59375 0.375 0.625 0.25 0.625 0.3125 0.59375 0.3125 0.625 0.1875 0.625 0.25 0.59375 0.25 0.625 0.125 0.625 0.1875 0.59375 0.1875 0.625 0.06249994 0.625 0.125 0.59375 0.125 0.625 0.4375 0.625 0.5 0.59375 0.5 0.625 0.375 0.625 0.4375 0.59375 0.4375 0.59375 0.06249994 0.59375 0.125 0.5625 0.125 0.59375 0.4375 0.59375 0.5 0.5625 0.5 0.59375 0.375 0.59375 0.4375 0.5625 0.4375 0.59375 0.3125 0.59375 0.375 0.5625 0.375 0.59375 0.25 0.59375 0.3125 0.5625 0.3125 0.59375 0.1875 0.59375 0.25 0.5625 0.25 0.59375 0.125 0.59375 0.1875 0.5625 0.1875 0.5625 0.3125 0.5625 0.375 0.53125 0.375 0.5625 0.25 0.5625 0.3125 0.53125 0.3125 0.5625 0.1875 0.5625 0.25 0.53125 0.25 0.5625 0.125 0.5625 0.1875 0.53125 0.1875 0.5625 0.06249994 0.5625 0.125 0.53125 0.125 0.5625 0.4375 0.5625 0.5 0.53125 0.5 0.5625 0.375 0.5625 0.4375 0.53125 0.4375 0.53125 0.06249994 0.53125 0.125 0.5 0.125 0.53125 0.4375 0.53125 0.5 0.5 0.5 0.53125 0.375 0.53125 0.4375 0.5 0.4375 0.53125 0.3125 0.53125 0.375 0.5 0.375 0.53125 0.25 0.53125 0.3125 0.5 0.3125 0.53125 0.1875 0.53125 0.25 0.5 0.25 0.53125 0.125 0.53125 0.1875 0.5 0.1875 0.5 0.3125 0.46875 0.3125 0.46875 0.25 0.5 0.25 0.46875 0.25 0.46875 0.1875 0.5 0.1875 0.46875 0.1875 0.46875 0.125 0.5 0.125 0.46875 0.125 0.46875 0.06249994 0.5 0.5 0.46875 0.5 0.46875 0.4375 0.5 0.4375 0.46875 0.4375 0.46875 0.375 0.5 0.375 0.46875 0.375 0.46875 0.3125 0.46875 0.5 0.4375 0.5 0.4375 0.4375 0.46875 0.4375 0.4375 0.4375 0.4375 0.375 0.46875 0.375 0.4375 0.375 0.4375 0.3125 0.46875 0.3125 0.4375 0.3125 0.4375 0.25 0.46875 0.25 0.4375 0.25 0.4375 0.1875 0.46875 0.1875 0.4375 0.1875 0.4375 0.125 0.46875 0.125 0.4375 0.125 0.4375 0.06249994 0.4375 0.25 0.40625 0.25 0.40625 0.1875 0.4375 0.1875 0.40625 0.1875 0.40625 0.125 0.4375 0.125 0.40625 0.125 0.40625 0.06249994 0.4375 0.5 0.40625 0.5 0.40625 0.4375 0.4375 0.4375 0.40625 0.4375 0.40625 0.375 0.4375 0.375 0.40625 0.375 0.40625 0.3125 0.4375 0.3125 0.40625 0.3125 0.40625 0.25 0.40625 0.5 0.375 0.5 0.375 0.4375 0.40625 0.4375 0.375 0.4375 0.375 0.375 0.40625 0.375 0.375 0.375 0.375 0.3125 0.40625 0.3125 0.375 0.3125 0.375 0.25 0.40625 0.25 0.375 0.25 0.375 0.1875 0.40625 0.1875 0.375 0.1875 0.375 0.125 0.40625 0.125 0.375 0.125 0.375 0.06249994 0.375 0.25 0.34375 0.25 0.34375 0.1875 0.375 0.1875 0.34375 0.1875 0.34375 0.125 0.375 0.125 0.34375 0.125 0.34375 0.06249994 0.375 0.5 0.34375 0.5 0.34375 0.4375 0.375 0.4375 0.34375 0.4375 0.34375 0.375 0.375 0.375 0.34375 0.375 0.34375 0.3125 0.375 0.3125 0.34375 0.3125 0.34375 0.25 0.34375 0.4375 0.3125 0.4375 0.3125 0.375 0.34375 0.375 0.3125 0.375 0.3125 0.3125 0.34375 0.3125 0.3125 0.3125 0.3125 0.25 0.34375 0.25 0.3125 0.25 0.3125 0.1875 0.34375 0.1875 0.3125 0.1875 0.3125 0.125 0.34375 0.125 0.3125 0.125 0.3125 0.06249994 0.34375 0.5 0.3125 0.5 0.3125 0.4375 0.3125 0.1875 0.28125 0.1875 0.28125 0.125 0.3125 0.125 0.28125 0.125 0.28125 0.06249994 0.3125 0.5 0.28125 0.5 0.28125 0.4375 0.3125 0.4375 0.28125 0.4375 0.28125 0.375 0.3125 0.375 0.28125 0.375 0.28125 0.3125 0.3125 0.3125 0.28125 0.3125 0.28125 0.25 0.3125 0.25 0.28125 0.25 0.28125 0.1875 0.28125 0.4375 0.25 0.4375 0.25 0.375 0.28125 0.375 0.25 0.375 0.25 0.3125 0.28125 0.3125 0.25 0.3125 0.25 0.25 0.28125 0.25 0.25 0.25 0.25 0.1875 0.28125 0.1875 0.25 0.1875 0.25 0.125 0.28125 0.125 0.25 0.125 0.25 0.06249994 0.28125 0.5 0.25 0.5 0.25 0.4375 0.25 0.125 0.25 0.1875 0.21875 0.1875 0.25 0.06249994 0.25 0.125 0.21875 0.125 0.25 0.4375 0.25 0.5 0.2187499 0.5 0.25 0.375 0.25 0.4375 0.21875 0.4375 0.25 0.3125 0.25 0.375 0.21875 0.375 0.25 0.25 0.25 0.3125 0.21875 0.3125 0.25 0.1875 0.25 0.25 0.21875 0.25 0.21875 0.3125 0.21875 0.375 0.1875 0.375 0.21875 0.25 0.21875 0.3125 0.1875 0.3125 0.21875 0.1875 0.21875 0.25 0.1875 0.25 0.21875 0.125 0.21875 0.1875 0.1875 0.1875 0.21875 0.06249994 0.21875 0.125 0.1875 0.125 0.21875 0.4375 0.2187499 0.5 0.1875 0.5 0.21875 0.375 0.21875 0.4375 0.1875 0.4375 0.1875 0.06249994 0.1875 0.125 0.15625 0.125 0.1875 0.4375 0.1875 0.5 0.1562499 0.5 0.1875 0.375 0.1875 0.4375 0.15625 0.4375 0.1875 0.3125 0.1875 0.375 0.15625 0.375 0.1875 0.25 0.1875 0.3125 0.15625 0.3125 0.1875 0.1875 0.1875 0.25 0.15625 0.25 0.1875 0.125 0.1875 0.1875 0.15625 0.1874999 0.15625 0.25 0.15625 0.3125 0.125 0.3125 0.15625 0.1874999 0.15625 0.25 0.125 0.25 0.15625 0.125 0.15625 0.1874999 0.125 0.1874999 0.15625 0.06249994 0.15625 0.125 0.125 0.125 0.15625 0.4375 0.1562499 0.5 0.1249999 0.5 0.15625 0.375 0.15625 0.4375 0.125 0.4375 0.15625 0.3125 0.15625 0.375 0.125 0.375 0.125 0.4375 0.1249999 0.5 0.09374994 0.5 0.125 0.375 0.125 0.4375 0.09374994 0.4375 0.125 0.3125 0.125 0.375 0.09375 0.375 0.125 0.25 0.125 0.3125 0.09375 0.3125 0.125 0.1874999 0.125 0.25 0.09375 0.2499999 0.125 0.125 0.125 0.1874999 0.09374994 0.1874999 0.125 0.06249994 0.125 0.125 0.09375 0.125 0.09375 0.2499999 0.09375 0.3125 0.0625 0.3124999 0.09374994 0.1874999 0.09375 0.2499999 0.0625 0.25 0.09375 0.125 0.09374994 0.1874999 0.0625 0.1874999 0.09375 0.06249994 0.09375 0.125 0.0625 0.125 0.09374994 0.4375 0.09374994 0.5 0.06249994 0.5 0.09375 0.375 0.09374994 0.4375 0.0625 0.4375 0.09375 0.3125 0.09375 0.375 0.0625 0.375 0.0625 0.4375 0.06249994 0.5 0.03124994 0.5 0.0625 0.375 0.0625 0.4375 0.03124994 0.4375 0.0625 0.3124999 0.0625 0.375 0.03125 0.375 0.0625 0.25 0.0625 0.3124999 0.03124994 0.3125 0.0625 0.1874999 0.0625 0.25 0.03125 0.25 0.0625 0.125 0.0625 0.1874999 0.03124994 0.1874999 0.0625 0.06249994 0.0625 0.125 0.03124994 0.125 0.03124994 0.1874999 0.03125 0.25 0 0.2499999 0.03124994 0.125 0.03124994 0.1874999 0 0.1874999 0.03125 0.06249994 0.03124994 0.125 0 0.125 0.03124994 0.4375 0.03124994 0.5 0 0.5 0.03125 0.375 0.03124994 0.4375 0 0.4375 0.03124994 0.3125 0.03125 0.375 0 0.375 0.03125 0.25 0.03124994 0.3125 0 0.3125 1 0.5 0.9687499 0.5 0.96875 0.4375 1 0.4375 0.96875 0.4375 0.96875 0.375 1 0.375 0.96875 0.375 0.96875 0.3124999 1 0.3125 0.96875 0.3124999 0.96875 0.2499999 1 0.2499999 0.96875 0.2499999 0.96875 0.1874999 1 0.1874999 0.96875 0.1874999 0.96875 0.125 1 0.125 0.96875 0.125 0.96875 0.06249994 0.96875 0.2499999 0.9375 0.2499999 0.9375 0.1874999 0.96875 0.1874999 0.9375 0.1874999 0.9375 0.125 0.96875 0.125 0.9375 0.125 0.9375 0.06249994 0.9687499 0.5 0.9374999 0.5 0.9375 0.4375 0.96875 0.4375 0.9375 0.4375 0.9375 0.375 0.96875 0.375 0.9375 0.375 0.9375 0.3124999 0.96875 0.3124999 0.9375 0.3124999 0.9375 0.2499999 0.9375 0.4375 0.90625 0.4375 0.90625 0.375 0.9375 0.375 0.90625 0.375 0.90625 0.3124999 0.9375 0.3124999 0.90625 0.3124999 0.90625 0.2499999 0.9375 0.2499999 0.90625 0.2499999 0.90625 0.1874999 0.9375 0.1874999 0.90625 0.1874999 0.90625 0.125 0.9375 0.125 0.90625 0.125 0.90625 0.06249994 0.9374999 0.5 0.90625 0.5 0.90625 0.4375 0.90625 0.1874999 0.8749999 0.1874999 0.875 0.125 0.90625 0.125 0.875 0.125 0.875 0.06249994 0.90625 0.5 0.8749999 0.5 0.875 0.4375 0.90625 0.4375 0.875 0.4375 0.875 0.375 0.90625 0.375 0.875 0.375 0.875 0.3124999 0.90625 0.3124999 0.875 0.3124999 0.875 0.2499999 0.90625 0.2499999 0.875 0.2499999 0.8749999 0.1874999 0.875 0.375 0.84375 0.375 0.84375 0.3124999 0.875 0.3124999 0.84375 0.3124999 0.84375 0.2499999 0.875 0.2499999 0.84375 0.2499999 0.84375 0.1874998 0.8749999 0.1874999 0.84375 0.1874998 0.84375 0.125 0.71875 0.5 0.71875 0.5 0.6875 0.5 0.875 0.125 0.84375 0.125 0.84375 0.06249994 0.75 0.5 0.75 0.5 0.71875 0.5 0.8749999 0.5 0.8437499 0.5 0.84375 0.4375 0.875 0.4375 0.84375 0.4375 0.84375 0.375 0.84375 0.125 0.8125 0.125 0.8125 0.06249988 0.8437499 0.5 0.8125 0.5 0.8125 0.4375 0.84375 0.4375 0.8125 0.4375 0.8125 0.375 0.84375 0.375 0.8125 0.375 0.8125 0.3124999 0.84375 0.3124999 0.8125 0.3124999 0.8125 0.2499999 0.84375 0.2499999 0.8125 0.2499999 0.8125 0.1874998 0.84375 0.1874998 0.8125 0.1874998 0.8125 0.125 0.8125 0.375 0.78125 0.375 0.78125 0.3124999 0.8125 0.3124999 0.78125 0.3124999 0.78125 0.25 0.8125 0.2499999 0.78125 0.25 0.78125 0.1874998 0.8125 0.1874998 0.78125 0.1874998 0.78125 0.125 0.8125 0.125 0.78125 0.125 0.78125 0.06249988 0.8125 0.5 0.7812499 0.5 0.78125 0.4375 0.8125 0.4375 0.78125 0.4375 0.78125 0.375 0.78125 0.125 0.75 0.125 0.75 0.06249988 0.7812499 0.5 0.75 0.5 0.75 0.4375 0.78125 0.4375 0.75 0.4375 0.75 0.375 0.78125 0.375 0.75 0.375 0.75 0.3125001 0.78125 0.3124999 0.75 0.3125001 0.75 0.2499999 0.78125 0.25 0.75 0.2499999 0.75 0.1874998 0.78125 0.1874998 0.75 0.1874998 0.75 0.125 0.6875 0.5 0.6875 0.5 0.65625 0.5 0.65625 0.5 0.65625 0.5 0.625 0.5 0.625 0.5 0.625 0.5 0.59375 0.5 0.59375 0.5 0.59375 0.5 0.5625 0.5 0.5625 0.5 0.5625 0.5 0.53125 0.5 0.53125 0.5 0.53125 0.5 0.5 0.5 0.5 0.5 0.46875 0.5 0.46875 0.5 0.4375 0.5 0.46875 0.5 0.46875 0.5 0.4375 0.5 0.40625 0.5 0.40625 0.5 0.375 0.5 0.40625 0.5 0.40625 0.5 0.375 0.5 0.34375 0.5 0.34375 0.5 0.34375 0.5 0.3125 0.5 0.3125 0.5 0.3125 0.5 0.28125 0.5 0.28125 0.5 0.28125 0.5 0.25 0.5 0.25 0.5 0.25 0.5 0.25 0.5 0.2187499 0.5 0.2187499 0.5 0.2187499 0.5 0.1875 0.5 0.1875 0.5 0.1875 0.5 0.1562499 0.5 0.1562499 0.5 0.1562499 0.5 0.1249999 0.5 0.1249999 0.5 0.1249999 0.5 0.09374994 0.5 0.09374994 0.5 0.09374994 0.5 0.06249994 0.5 0.06249994 0.5 0.06249994 0.5 0.03124994 0.5 0.03124994 0.5 0.03124994 0.5 0 0.5 0.9687499 0.5 0 0.5 1 0.5 0.9687499 0.5 0.9374999 0.5 0.9374999 0.5 0.9374999 0.5 0.90625 0.5 0.90625 0.5 0.90625 0.5 0.8749999 0.5 0.8749999 0.5 0.8749999 0.5 0.8437499 0.5 0.8437499 0.5 0.8437499 0.5 0.8125 0.5 0.8125 0.5 0.8125 0.5 0.7812499 0.5 0.7812499 0.5 0.7812499 0.5 0.75 0.5 0.75 0.5 0.870437 0.5 0.870437 0.75 0.625 0.75 0.625 0.5 0.625 0.75 0.375 0.75 0.375 0.5 0.375 0.25 0.625 0.254563 0.375 0.25 0.4541485 0.25 0.625 0.254563 0.625 0.5 0.375 0.5 0.625 0.254563 0.375 0.5 0.375 0.75 0.125 0.75 0.4541485 0 0.4541485 0.25 0.375 0.25 0.625 0.25 0.625 0.25 0.625 0 0.4541485 0 0.625 0 0.625 0.25 0.375 1 0.375 0.75 0.625 0.995437 0.375 0.75 0.625 0.75 0.625 0.995437 0.4541485 1 0.375 1 0.625 0.995437</float_array>
          <technique_common>
            <accessor source="#Cube_004-mesh-map-0-array" count="3192" stride="2">
              <param name="S" type="float"/>
              <param name="T" type="float"/>
            </accessor>
          </technique_common>
        </source>
        <vertices id="Cube_004-mesh-vertices">
          <input semantic="POSITION" source="#Cube_004-mesh-positions"/>
        </vertices>
        <triangles count="1064">
          <input semantic="VERTEX" source="#Cube_004-mesh-vertices" offset="0"/>
          <input semantic="NORMAL" source="#Cube_004-mesh-normals" offset="1"/>
          <input semantic="TEXCOORD" source="#Cube_004-mesh-map-0" offset="2" set="0"/>
          <p>7 0 0 3 0 1 5 0 2 5 1 3 2 1 4 4 1 5 10 2 6 7 2 7 5 2 8 4 3 9 0 3 10 1 3 11 0 4 12 10 4 13 1 4 14 7 5 15 8 5 16 6 5 17 9 6 18 11 6 19 10 6 20 3 7 21 8 7 22 9 7 23 268 8 24 21 8 25 22 8 26 175 9 27 268 9 28 22 9 29 13 10 30 15 10 31 16 10 32 264 11 33 16 11 34 17 11 35 14 12 36 17 12 37 18 12 38 265 13 39 18 13 40 19 13 41 266 14 42 19 14 43 20 14 44 267 15 45 20 15 46 21 15 47 21 16 48 28 16 49 29 16 50 22 17 51 29 17 52 30 17 53 175 18 54 22 18 55 30 18 56 16 19 57 23 19 58 24 19 59 17 20 60 24 20 61 25 20 62 18 21 63 25 21 64 26 21 65 19 22 66 26 22 67 27 22 68 20 23 69 27 23 70 28 23 71 25 24 72 32 24 73 33 24 74 26 25 75 33 25 76 34 25 77 27 26 78 34 26 79 35 26 80 28 27 81 35 27 82 36 27 83 29 28 84 36 28 85 37 28 86 30 29 87 37 29 88 38 29 89 175 30 90 30 30 91 38 30 92 24 31 93 31 31 94 32 31 95 37 32 96 44 32 97 45 32 98 38 33 99 45 33 100 46 33 101 175 34 102 38 34 103 46 34 104 32 35 105 39 35 106 40 35 107 33 36 108 40 36 109 41 36 110 34 37 111 41 37 112 42 37 113 35 38 114 42 38 115 43 38 116 36 39 117 43 39 118 44 39 119 42 40 120 49 40 121 50 40 122 43 41 123 50 41 124 51 41 125 44 42 126 51 42 127 52 42 128 45 43 129 52 43 130 53 43 131 46 44 132 53 44 133 54 44 134 175 45 135 46 45 136 54 45 137 40 46 138 47 46 139 48 46 140 41 47 141 48 47 142 49 47 143 54 48 144 61 48 145 62 48 146 175 49 147 54 49 148 62 49 149 48 50 150 55 50 151 56 50 152 49 51 153 56 51 154 57 51 155 50 52 156 57 52 157 58 52 158 51 53 159 58 53 160 59 53 161 52 54 162 59 54 163 60 54 164 53 55 165 60 55 166 61 55 167 58 56 168 65 56 169 66 56 170 59 57 171 66 57 172 67 57 173 60 58 174 67 58 175 68 58 176 61 59 177 68 59 178 69 59 179 62 60 180 69 60 181 70 60 182 175 61 183 62 61 184 70 61 185 56 62 186 63 62 187 64 62 188 57 63 189 64 63 190 65 63 191 70 64 192 77 64 193 78 64 194 175 65 195 70 65 196 78 65 197 64 66 198 71 66 199 72 66 200 65 67 201 72 67 202 73 67 203 66 68 204 73 68 205 74 68 206 67 69 207 74 69 208 75 69 209 68 70 210 75 70 211 76 70 212 69 71 213 76 71 214 77 71 215 74 72 216 83 72 217 75 72 218 75 73 219 84 73 220 76 73 221 76 74 222 85 74 223 77 74 224 77 75 225 86 75 226 78 75 227 175 76 228 78 76 229 86 76 230 71 77 231 80 77 232 72 77 233 72 78 234 81 78 235 73 78 236 73 79 237 82 79 238 74 79 239 175 80 240 86 80 241 94 80 242 79 81 243 88 81 244 80 81 245 80 82 246 89 82 247 81 82 248 81 83 249 90 83 250 82 83 251 82 84 252 91 84 253 83 84 254 83 85 255 92 85 256 84 85 257 84 86 258 93 86 259 85 86 260 85 87 261 94 87 262 86 87 263 91 88 264 100 88 265 92 88 266 92 89 267 101 89 268 93 89 269 93 90 270 102 90 271 94 90 272 175 91 273 94 91 274 102 91 275 87 92 276 96 92 277 88 92 278 88 93 279 97 93 280 89 93 281 89 94 282 98 94 283 90 94 284 90 95 285 99 95 286 91 95 287 95 96 288 104 96 289 96 96 290 96 97 291 105 97 292 97 97 293 97 98 294 106 98 295 98 98 296 98 99 297 107 99 298 99 99 299 99 100 300 108 100 301 100 100 302 100 101 303 109 101 304 101 101 305 101 102 306 110 102 307 102 102 308 175 103 309 102 103 310 110 103 311 107 104 312 116 104 313 108 104 314 108 105 315 117 105 316 109 105 317 109 106 318 118 106 319 110 106 320 175 107 321 110 107 322 118 107 323 103 108 324 112 108 325 104 108 326 104 109 327 113 109 328 105 109 329 105 110 330 114 110 331 106 110 332 106 111 333 115 111 334 107 111 335 112 112 336 121 112 337 113 112 338 113 113 339 122 113 340 114 113 341 114 114 342 123 114 343 115 114 344 115 115 345 124 115 346 116 115 347 116 116 348 125 116 349 117 116 350 117 117 351 126 117 352 118 117 353 175 118 354 118 118 355 126 118 356 111 119 357 120 119 358 112 119 359 124 120 360 133 120 361 125 120 362 125 121 363 134 121 364 126 121 365 175 122 366 126 122 367 134 122 368 119 123 369 128 123 370 120 123 371 120 124 372 129 124 373 121 124 374 121 125 375 130 125 376 122 125 377 122 126 378 131 126 379 123 126 380 123 127 381 132 127 382 124 127 383 128 128 384 137 128 385 129 128 386 129 129 387 138 129 388 130 129 389 130 130 390 139 130 391 131 130 392 131 131 393 140 131 394 132 131 395 132 132 396 141 132 397 133 132 398 133 133 399 142 133 400 134 133 401 175 134 402 134 134 403 142 134 404 127 135 405 136 135 406 128 135 407 141 136 408 148 136 409 149 136 410 142 137 411 149 137 412 150 137 413 175 138 414 142 138 415 150 138 416 136 139 417 143 139 418 144 139 419 137 140 420 144 140 421 145 140 422 138 141 423 145 141 424 146 141 425 139 142 426 146 142 427 147 142 428 140 143 429 147 143 430 148 143 431 146 144 432 153 144 433 154 144 434 147 145 435 154 145 436 155 145 437 148 146 438 155 146 439 156 146 440 149 147 441 156 147 442 157 147 443 150 148 444 157 148 445 158 148 446 175 149 447 150 149 448 158 149 449 144 150 450 151 150 451 152 150 452 145 151 453 152 151 454 153 151 455 158 152 456 165 152 457 166 152 458 175 153 459 158 153 460 166 153 461 152 154 462 159 154 463 160 154 464 153 155 465 160 155 466 161 155 467 154 156 468 161 156 469 162 156 470 155 157 471 162 157 472 163 157 473 156 158 474 163 158 475 164 158 476 157 159 477 164 159 478 165 159 479 163 160 480 170 160 481 171 160 482 164 161 483 171 161 484 172 161 485 165 162 486 172 162 487 173 162 488 166 163 489 173 163 490 174 163 491 175 164 492 166 164 493 174 164 494 160 165 495 167 165 496 168 165 497 161 166 498 168 166 499 169 166 500 162 167 501 169 167 502 170 167 503 175 168 504 174 168 505 183 168 506 168 169 507 176 169 508 177 169 509 169 170 510 177 170 511 178 170 512 170 171 513 178 171 514 179 171 515 171 172 516 179 172 517 180 172 518 172 173 519 180 173 520 181 173 521 173 174 522 181 174 523 182 174 524 174 175 525 182 175 526 183 175 527 180 176 528 187 176 529 188 176 530 181 177 531 188 177 532 189 177 533 182 178 534 189 178 535 190 178 536 183 179 537 190 179 538 191 179 539 175 180 540 183 180 541 191 180 542 177 181 543 184 181 544 185 181 545 178 182 546 185 182 547 186 182 548 179 183 549 186 183 550 187 183 551 175 184 552 191 184 553 199 184 554 185 185 555 192 185 556 193 185 557 186 186 558 193 186 559 194 186 560 187 187 561 194 187 562 195 187 563 188 188 564 195 188 565 196 188 566 189 189 567 196 189 568 197 189 569 190 190 570 197 190 571 198 190 572 191 191 573 198 191 574 199 191 575 197 192 576 204 192 577 205 192 578 198 193 579 205 193 580 206 193 581 199 194 582 206 194 583 207 194 584 175 195 585 199 195 586 207 195 587 193 196 588 200 196 589 201 196 590 194 197 591 201 197 592 202 197 593 195 198 594 202 198 595 203 198 596 196 199 597 203 199 598 204 199 599 200 200 600 209 200 601 201 200 602 201 201 603 210 201 604 202 201 605 202 202 606 211 202 607 203 202 608 203 203 609 212 203 610 204 203 611 204 204 612 213 204 613 205 204 614 205 205 615 214 205 616 206 205 617 206 206 618 215 206 619 207 206 620 175 207 621 207 207 622 215 207 623 212 208 624 221 208 625 213 208 626 213 209 627 222 209 628 214 209 629 214 210 630 223 210 631 215 210 632 175 211 633 215 211 634 223 211 635 208 212 636 217 212 637 209 212 638 209 213 639 218 213 640 210 213 641 210 214 642 219 214 643 211 214 644 211 215 645 220 215 646 212 215 647 217 216 648 226 216 649 218 216 650 218 217 651 227 217 652 219 217 653 219 218 654 228 218 655 220 218 656 220 219 657 229 219 658 221 219 659 221 220 660 230 220 661 222 220 662 222 221 663 231 221 664 223 221 665 175 222 666 223 222 667 231 222 668 216 223 669 225 223 670 217 223 671 229 224 672 238 224 673 230 224 674 230 225 675 239 225 676 231 225 677 175 226 678 231 226 679 239 226 680 224 227 681 233 227 682 225 227 683 225 228 684 234 228 685 226 228 686 226 229 687 235 229 688 227 229 689 227 230 690 236 230 691 228 230 692 228 231 693 237 231 694 229 231 695 234 232 696 243 232 697 235 232 698 235 233 699 244 233 700 236 233 701 236 234 702 245 234 703 237 234 704 237 235 705 246 235 706 238 235 707 238 236 708 247 236 709 239 236 710 175 237 711 239 237 712 247 237 713 232 238 714 241 238 715 233 238 716 233 239 717 242 239 718 234 239 719 246 240 720 255 240 721 247 240 722 175 241 723 247 241 724 255 241 725 240 242 726 249 242 727 241 242 728 241 243 729 250 243 730 242 243 731 242 244 732 251 244 733 243 244 734 243 245 735 252 245 736 244 245 737 244 246 738 253 246 739 245 246 740 245 247 741 254 247 742 246 247 743 250 248 744 259 248 745 251 248 746 251 249 747 260 249 748 252 249 749 252 250 750 261 250 751 253 250 752 253 251 753 262 251 754 254 251 755 254 252 756 263 252 757 255 252 758 175 253 759 255 253 760 263 253 761 248 254 762 257 254 763 249 254 764 249 255 765 258 255 766 250 255 767 262 256 768 268 256 769 263 256 770 175 257 771 263 257 772 268 257 773 256 258 774 13 258 775 257 258 776 257 259 777 264 259 778 258 259 779 258 260 780 14 260 781 259 260 782 259 261 783 265 261 784 260 261 785 260 262 786 266 262 787 261 262 788 261 263 789 267 263 790 262 263 791 525 264 792 278 264 793 279 264 794 432 265 795 525 265 796 279 265 797 270 266 798 272 266 799 273 266 800 521 267 801 273 267 802 274 267 803 271 268 804 274 268 805 275 268 806 522 269 807 275 269 808 276 269 809 523 270 810 276 270 811 277 270 812 524 271 813 277 271 814 278 271 815 278 272 816 285 272 817 286 272 818 279 273 819 286 273 820 287 273 821 432 274 822 279 274 823 287 274 824 273 275 825 280 275 826 281 275 827 274 276 828 281 276 829 282 276 830 275 277 831 282 277 832 283 277 833 276 278 834 283 278 835 284 278 836 277 279 837 284 279 838 285 279 839 282 280 840 289 280 841 290 280 842 283 281 843 290 281 844 291 281 845 284 282 846 291 282 847 292 282 848 285 283 849 292 283 850 293 283 851 286 284 852 293 284 853 294 284 854 287 285 855 294 285 856 295 285 857 432 286 858 287 286 859 295 286 860 281 287 861 288 287 862 289 287 863 294 288 864 301 288 865 302 288 866 295 289 867 302 289 868 303 289 869 432 290 870 295 290 871 303 290 872 289 291 873 296 291 874 297 291 875 290 292 876 297 292 877 298 292 878 291 293 879 298 293 880 299 293 881 292 294 882 299 294 883 300 294 884 293 295 885 300 295 886 301 295 887 299 296 888 306 296 889 307 296 890 300 297 891 307 297 892 308 297 893 301 298 894 308 298 895 309 298 896 302 299 897 309 299 898 310 299 899 303 300 900 310 300 901 311 300 902 432 301 903 303 301 904 311 301 905 297 302 906 304 302 907 305 302 908 298 303 909 305 303 910 306 303 911 311 304 912 318 304 913 319 304 914 432 305 915 311 305 916 319 305 917 305 306 918 312 306 919 313 306 920 306 307 921 313 307 922 314 307 923 307 308 924 314 308 925 315 308 926 308 309 927 315 309 928 316 309 929 309 310 930 316 310 931 317 310 932 310 311 933 317 311 934 318 311 935 315 312 936 322 312 937 323 312 938 316 313 939 323 313 940 324 313 941 317 314 942 324 314 943 325 314 944 318 315 945 325 315 946 326 315 947 319 316 948 326 316 949 327 316 950 432 317 951 319 317 952 327 317 953 313 318 954 320 318 955 321 318 956 314 319 957 321 319 958 322 319 959 327 320 960 334 320 961 335 320 962 432 321 963 327 321 964 335 321 965 321 322 966 328 322 967 329 322 968 322 323 969 329 323 970 330 323 971 323 324 972 330 324 973 331 324 974 324 325 975 331 325 976 332 325 977 325 326 978 332 326 979 333 326 980 326 327 981 333 327 982 334 327 983 331 328 984 340 328 985 332 328 986 332 329 987 341 329 988 333 329 989 333 330 990 342 330 991 334 330 992 334 331 993 343 331 994 335 331 995 432 332 996 335 332 997 343 332 998 328 333 999 337 333 1000 329 333 1001 329 334 1002 338 334 1003 330 334 1004 330 335 1005 339 335 1006 331 335 1007 432 336 1008 343 336 1009 351 336 1010 336 337 1011 345 337 1012 337 337 1013 337 338 1014 346 338 1015 338 338 1016 338 339 1017 347 339 1018 339 339 1019 339 340 1020 348 340 1021 340 340 1022 340 341 1023 349 341 1024 341 341 1025 341 342 1026 350 342 1027 342 342 1028 342 343 1029 351 343 1030 343 343 1031 348 344 1032 357 344 1033 349 344 1034 349 345 1035 358 345 1036 350 345 1037 350 346 1038 359 346 1039 351 346 1040 432 347 1041 351 347 1042 359 347 1043 344 348 1044 353 348 1045 345 348 1046 345 349 1047 354 349 1048 346 349 1049 346 350 1050 355 350 1051 347 350 1052 347 351 1053 356 351 1054 348 351 1055 352 352 1056 361 352 1057 353 352 1058 353 353 1059 362 353 1060 354 353 1061 354 354 1062 363 354 1063 355 354 1064 355 355 1065 364 355 1066 356 355 1067 356 356 1068 365 356 1069 357 356 1070 357 357 1071 366 357 1072 358 357 1073 358 358 1074 367 358 1075 359 358 1076 432 359 1077 359 359 1078 367 359 1079 364 360 1080 373 360 1081 365 360 1082 365 361 1083 374 361 1084 366 361 1085 366 362 1086 375 362 1087 367 362 1088 432 363 1089 367 363 1090 375 363 1091 360 364 1092 369 364 1093 361 364 1094 361 365 1095 370 365 1096 362 365 1097 362 366 1098 371 366 1099 363 366 1100 363 367 1101 372 367 1102 364 367 1103 369 368 1104 378 368 1105 370 368 1106 370 369 1107 379 369 1108 371 369 1109 371 370 1110 380 370 1111 372 370 1112 372 371 1113 381 371 1114 373 371 1115 373 372 1116 382 372 1117 374 372 1118 374 373 1119 383 373 1120 375 373 1121 432 374 1122 375 374 1123 383 374 1124 368 375 1125 377 375 1126 369 375 1127 381 376 1128 390 376 1129 382 376 1130 382 377 1131 391 377 1132 383 377 1133 432 378 1134 383 378 1135 391 378 1136 376 379 1137 385 379 1138 377 379 1139 377 380 1140 386 380 1141 378 380 1142 378 381 1143 387 381 1144 379 381 1145 379 382 1146 388 382 1147 380 382 1148 380 383 1149 389 383 1150 381 383 1151 385 384 1152 394 384 1153 386 384 1154 386 385 1155 395 385 1156 387 385 1157 387 386 1158 396 386 1159 388 386 1160 388 387 1161 397 387 1162 389 387 1163 389 388 1164 398 388 1165 390 388 1166 390 389 1167 399 389 1168 391 389 1169 432 390 1170 391 390 1171 399 390 1172 384 391 1173 393 391 1174 385 391 1175 398 392 1176 405 392 1177 406 392 1178 399 393 1179 406 393 1180 407 393 1181 432 394 1182 399 394 1183 407 394 1184 393 395 1185 400 395 1186 401 395 1187 394 396 1188 401 396 1189 402 396 1190 395 397 1191 402 397 1192 403 397 1193 396 398 1194 403 398 1195 404 398 1196 397 399 1197 404 399 1198 405 399 1199 403 400 1200 410 400 1201 411 400 1202 404 401 1203 411 401 1204 412 401 1205 405 402 1206 412 402 1207 413 402 1208 406 403 1209 413 403 1210 414 403 1211 407 404 1212 414 404 1213 415 404 1214 432 405 1215 407 405 1216 415 405 1217 401 406 1218 408 406 1219 409 406 1220 402 407 1221 409 407 1222 410 407 1223 415 408 1224 422 408 1225 423 408 1226 432 409 1227 415 409 1228 423 409 1229 409 410 1230 416 410 1231 417 410 1232 410 411 1233 417 411 1234 418 411 1235 411 412 1236 418 412 1237 419 412 1238 412 413 1239 419 413 1240 420 413 1241 413 414 1242 420 414 1243 421 414 1244 414 415 1245 421 415 1246 422 415 1247 420 416 1248 427 416 1249 428 416 1250 421 417 1251 428 417 1252 429 417 1253 422 418 1254 429 418 1255 430 418 1256 423 419 1257 430 419 1258 431 419 1259 432 420 1260 423 420 1261 431 420 1262 417 421 1263 424 421 1264 425 421 1265 418 422 1266 425 422 1267 426 422 1268 419 423 1269 426 423 1270 427 423 1271 432 424 1272 431 424 1273 440 424 1274 425 425 1275 433 425 1276 434 425 1277 426 426 1278 434 426 1279 435 426 1280 427 427 1281 435 427 1282 436 427 1283 428 428 1284 436 428 1285 437 428 1286 429 429 1287 437 429 1288 438 429 1289 430 430 1290 438 430 1291 439 430 1292 431 431 1293 439 431 1294 440 431 1295 437 432 1296 444 432 1297 445 432 1298 438 433 1299 445 433 1300 446 433 1301 439 434 1302 446 434 1303 447 434 1304 440 435 1305 447 435 1306 448 435 1307 432 436 1308 440 436 1309 448 436 1310 434 437 1311 441 437 1312 442 437 1313 435 438 1314 442 438 1315 443 438 1316 436 439 1317 443 439 1318 444 439 1319 432 440 1320 448 440 1321 456 440 1322 442 441 1323 449 441 1324 450 441 1325 443 442 1326 450 442 1327 451 442 1328 444 443 1329 451 443 1330 452 443 1331 445 444 1332 452 444 1333 453 444 1334 446 445 1335 453 445 1336 454 445 1337 447 446 1338 454 446 1339 455 446 1340 448 447 1341 455 447 1342 456 447 1343 454 448 1344 461 448 1345 462 448 1346 455 449 1347 462 449 1348 463 449 1349 456 450 1350 463 450 1351 464 450 1352 432 451 1353 456 451 1354 464 451 1355 450 452 1356 457 452 1357 458 452 1358 451 453 1359 458 453 1360 459 453 1361 452 454 1362 459 454 1363 460 454 1364 453 455 1365 460 455 1366 461 455 1367 457 456 1368 466 456 1369 458 456 1370 458 457 1371 467 457 1372 459 457 1373 459 458 1374 468 458 1375 460 458 1376 460 459 1377 469 459 1378 461 459 1379 461 460 1380 470 460 1381 462 460 1382 462 461 1383 471 461 1384 463 461 1385 463 462 1386 472 462 1387 464 462 1388 432 463 1389 464 463 1390 472 463 1391 469 464 1392 478 464 1393 470 464 1394 470 465 1395 479 465 1396 471 465 1397 471 466 1398 480 466 1399 472 466 1400 432 467 1401 472 467 1402 480 467 1403 465 468 1404 474 468 1405 466 468 1406 466 469 1407 475 469 1408 467 469 1409 467 470 1410 476 470 1411 468 470 1412 468 471 1413 477 471 1414 469 471 1415 474 472 1416 483 472 1417 475 472 1418 475 473 1419 484 473 1420 476 473 1421 476 474 1422 485 474 1423 477 474 1424 477 475 1425 486 475 1426 478 475 1427 478 476 1428 487 476 1429 479 476 1430 479 477 1431 488 477 1432 480 477 1433 432 478 1434 480 478 1435 488 478 1436 473 479 1437 482 479 1438 474 479 1439 486 480 1440 495 480 1441 487 480 1442 487 481 1443 496 481 1444 488 481 1445 432 482 1446 488 482 1447 496 482 1448 481 483 1449 490 483 1450 482 483 1451 482 484 1452 491 484 1453 483 484 1454 483 485 1455 492 485 1456 484 485 1457 484 486 1458 493 486 1459 485 486 1460 485 487 1461 494 487 1462 486 487 1463 491 488 1464 500 488 1465 492 488 1466 492 489 1467 501 489 1468 493 489 1469 493 490 1470 502 490 1471 494 490 1472 494 491 1473 503 491 1474 495 491 1475 15 492 1476 280 492 1477 23 492 1478 495 493 1479 504 493 1480 496 493 1481 12 494 1482 272 494 1483 15 494 1484 432 495 1485 496 495 1486 504 495 1487 489 496 1488 498 496 1489 490 496 1490 490 497 1491 499 497 1492 491 497 1493 503 498 1494 512 498 1495 504 498 1496 432 499 1497 504 499 1498 512 499 1499 497 500 1500 506 500 1501 498 500 1502 498 501 1503 507 501 1504 499 501 1505 499 502 1506 508 502 1507 500 502 1508 500 503 1509 509 503 1510 501 503 1511 501 504 1512 510 504 1513 502 504 1514 502 505 1515 511 505 1516 503 505 1517 507 506 1518 516 506 1519 508 506 1520 508 507 1521 517 507 1522 509 507 1523 509 508 1524 518 508 1525 510 508 1526 510 509 1527 519 509 1528 511 509 1529 511 510 1530 520 510 1531 512 510 1532 432 511 1533 512 511 1534 520 511 1535 505 512 1536 514 512 1537 506 512 1538 506 513 1539 515 513 1540 507 513 1541 519 514 1542 525 514 1543 520 514 1544 432 515 1545 520 515 1546 525 515 1547 513 516 1548 270 516 1549 514 516 1550 514 517 1551 521 517 1552 515 517 1553 515 518 1554 271 518 1555 516 518 1556 516 519 1557 522 519 1558 517 519 1559 517 520 1560 523 520 1561 518 520 1562 518 521 1563 524 521 1564 519 521 1565 23 522 1566 288 522 1567 31 522 1568 31 523 1569 296 523 1570 39 523 1571 39 524 1572 304 524 1573 47 524 1574 47 525 1575 312 525 1576 55 525 1577 55 526 1578 320 526 1579 63 526 1580 63 527 1581 328 527 1582 71 527 1583 328 528 1584 79 528 1585 71 528 1586 87 529 1587 336 529 1588 344 529 1589 344 530 1590 95 530 1591 87 530 1592 103 531 1593 352 531 1594 360 531 1595 360 532 1596 111 532 1597 103 532 1598 368 533 1599 119 533 1600 111 533 1601 376 534 1602 127 534 1603 119 534 1604 384 535 1605 135 535 1606 127 535 1607 135 536 1608 400 536 1609 143 536 1610 143 537 1611 408 537 1612 151 537 1613 151 538 1614 416 538 1615 159 538 1616 159 539 1617 424 539 1618 167 539 1619 167 540 1620 433 540 1621 176 540 1622 176 541 1623 441 541 1624 184 541 1625 184 542 1626 449 542 1627 192 542 1628 192 543 1629 457 543 1630 200 543 1631 208 544 1632 457 544 1633 465 544 1634 465 545 1635 216 545 1636 208 545 1637 473 546 1638 224 546 1639 216 546 1640 481 547 1641 232 547 1642 224 547 1643 489 548 1644 240 548 1645 232 548 1646 497 549 1647 248 549 1648 240 549 1649 505 550 1650 256 550 1651 248 550 1652 513 551 1653 12 551 1654 256 551 1655 533 552 1656 529 552 1657 531 552 1658 531 553 1659 528 553 1660 530 553 1661 536 554 1662 537 554 1663 533 554 1664 530 555 1665 526 555 1666 527 555 1667 535 556 1668 527 556 1669 526 556 1670 533 557 1671 534 557 1672 532 557 1673 535 558 1674 537 558 1675 536 558 1676 529 559 1677 532 559 1678 534 559 1679 7 560 1680 6 560 1681 3 560 1682 5 561 1683 3 561 1684 2 561 1685 4 562 1686 1 562 1687 10 562 1688 5 563 1689 4 563 1690 10 563 1691 10 564 1692 11 564 1693 7 564 1694 4 565 1695 2 565 1696 0 565 1697 0 566 1698 9 566 1699 10 566 1700 7 567 1701 11 567 1702 8 567 1703 9 568 1704 8 568 1705 11 568 1706 0 569 1707 2 569 1708 9 569 1709 2 570 1710 3 570 1711 9 570 1712 3 571 1713 6 571 1714 8 571 1715 268 572 1716 267 572 1717 21 572 1718 13 573 1719 12 573 1720 15 573 1721 264 574 1722 13 574 1723 16 574 1724 14 575 1725 264 575 1726 17 575 1727 265 576 1728 14 576 1729 18 576 1730 266 577 1731 265 577 1732 19 577 1733 267 578 1734 266 578 1735 20 578 1736 21 579 1737 20 579 1738 28 579 1739 22 580 1740 21 580 1741 29 580 1742 16 581 1743 15 581 1744 23 581 1745 17 582 1746 16 582 1747 24 582 1748 18 583 1749 17 583 1750 25 583 1751 19 584 1752 18 584 1753 26 584 1754 20 585 1755 19 585 1756 27 585 1757 25 586 1758 24 586 1759 32 586 1760 26 587 1761 25 587 1762 33 587 1763 27 588 1764 26 588 1765 34 588 1766 28 589 1767 27 589 1768 35 589 1769 29 590 1770 28 590 1771 36 590 1772 30 591 1773 29 591 1774 37 591 1775 24 592 1776 23 592 1777 31 592 1778 37 593 1779 36 593 1780 44 593 1781 38 594 1782 37 594 1783 45 594 1784 32 595 1785 31 595 1786 39 595 1787 33 596 1788 32 596 1789 40 596 1790 34 597 1791 33 597 1792 41 597 1793 35 598 1794 34 598 1795 42 598 1796 36 599 1797 35 599 1798 43 599 1799 42 600 1800 41 600 1801 49 600 1802 43 601 1803 42 601 1804 50 601 1805 44 602 1806 43 602 1807 51 602 1808 45 603 1809 44 603 1810 52 603 1811 46 604 1812 45 604 1813 53 604 1814 40 605 1815 39 605 1816 47 605 1817 41 606 1818 40 606 1819 48 606 1820 54 607 1821 53 607 1822 61 607 1823 48 608 1824 47 608 1825 55 608 1826 49 609 1827 48 609 1828 56 609 1829 50 610 1830 49 610 1831 57 610 1832 51 611 1833 50 611 1834 58 611 1835 52 612 1836 51 612 1837 59 612 1838 53 613 1839 52 613 1840 60 613 1841 58 614 1842 57 614 1843 65 614 1844 59 615 1845 58 615 1846 66 615 1847 60 616 1848 59 616 1849 67 616 1850 61 617 1851 60 617 1852 68 617 1853 62 618 1854 61 618 1855 69 618 1856 56 619 1857 55 619 1858 63 619 1859 57 620 1860 56 620 1861 64 620 1862 70 621 1863 69 621 1864 77 621 1865 64 622 1866 63 622 1867 71 622 1868 65 623 1869 64 623 1870 72 623 1871 66 624 1872 65 624 1873 73 624 1874 67 625 1875 66 625 1876 74 625 1877 68 626 1878 67 626 1879 75 626 1880 69 627 1881 68 627 1882 76 627 1883 74 628 1884 82 628 1885 83 628 1886 75 629 1887 83 629 1888 84 629 1889 76 630 1890 84 630 1891 85 630 1892 77 631 1893 85 631 1894 86 631 1895 71 632 1896 79 632 1897 80 632 1898 72 633 1899 80 633 1900 81 633 1901 73 634 1902 81 634 1903 82 634 1904 79 635 1905 87 635 1906 88 635 1907 80 636 1908 88 636 1909 89 636 1910 81 637 1911 89 637 1912 90 637 1913 82 638 1914 90 638 1915 91 638 1916 83 639 1917 91 639 1918 92 639 1919 84 640 1920 92 640 1921 93 640 1922 85 641 1923 93 641 1924 94 641 1925 91 642 1926 99 642 1927 100 642 1928 92 643 1929 100 643 1930 101 643 1931 93 644 1932 101 644 1933 102 644 1934 87 645 1935 95 645 1936 96 645 1937 88 646 1938 96 646 1939 97 646 1940 89 647 1941 97 647 1942 98 647 1943 90 648 1944 98 648 1945 99 648 1946 95 649 1947 103 649 1948 104 649 1949 96 650 1950 104 650 1951 105 650 1952 97 651 1953 105 651 1954 106 651 1955 98 652 1956 106 652 1957 107 652 1958 99 653 1959 107 653 1960 108 653 1961 100 654 1962 108 654 1963 109 654 1964 101 655 1965 109 655 1966 110 655 1967 107 656 1968 115 656 1969 116 656 1970 108 657 1971 116 657 1972 117 657 1973 109 658 1974 117 658 1975 118 658 1976 103 659 1977 111 659 1978 112 659 1979 104 660 1980 112 660 1981 113 660 1982 105 661 1983 113 661 1984 114 661 1985 106 662 1986 114 662 1987 115 662 1988 112 663 1989 120 663 1990 121 663 1991 113 664 1992 121 664 1993 122 664 1994 114 665 1995 122 665 1996 123 665 1997 115 666 1998 123 666 1999 124 666 2000 116 667 2001 124 667 2002 125 667 2003 117 668 2004 125 668 2005 126 668 2006 111 669 2007 119 669 2008 120 669 2009 124 670 2010 132 670 2011 133 670 2012 125 671 2013 133 671 2014 134 671 2015 119 672 2016 127 672 2017 128 672 2018 120 673 2019 128 673 2020 129 673 2021 121 674 2022 129 674 2023 130 674 2024 122 675 2025 130 675 2026 131 675 2027 123 676 2028 131 676 2029 132 676 2030 128 677 2031 136 677 2032 137 677 2033 129 678 2034 137 678 2035 138 678 2036 130 679 2037 138 679 2038 139 679 2039 131 680 2040 139 680 2041 140 680 2042 132 681 2043 140 681 2044 141 681 2045 133 682 2046 141 682 2047 142 682 2048 127 683 2049 135 683 2050 136 683 2051 141 684 2052 140 684 2053 148 684 2054 142 685 2055 141 685 2056 149 685 2057 136 686 2058 135 686 2059 143 686 2060 137 687 2061 136 687 2062 144 687 2063 138 688 2064 137 688 2065 145 688 2066 139 689 2067 138 689 2068 146 689 2069 140 690 2070 139 690 2071 147 690 2072 146 691 2073 145 691 2074 153 691 2075 147 692 2076 146 692 2077 154 692 2078 148 693 2079 147 693 2080 155 693 2081 149 694 2082 148 694 2083 156 694 2084 150 695 2085 149 695 2086 157 695 2087 144 696 2088 143 696 2089 151 696 2090 145 697 2091 144 697 2092 152 697 2093 158 698 2094 157 698 2095 165 698 2096 152 699 2097 151 699 2098 159 699 2099 153 700 2100 152 700 2101 160 700 2102 154 701 2103 153 701 2104 161 701 2105 155 702 2106 154 702 2107 162 702 2108 156 703 2109 155 703 2110 163 703 2111 157 704 2112 156 704 2113 164 704 2114 163 705 2115 162 705 2116 170 705 2117 164 706 2118 163 706 2119 171 706 2120 165 707 2121 164 707 2122 172 707 2123 166 708 2124 165 708 2125 173 708 2126 160 709 2127 159 709 2128 167 709 2129 161 710 2130 160 710 2131 168 710 2132 162 711 2133 161 711 2134 169 711 2135 168 712 2136 167 712 2137 176 712 2138 169 713 2139 168 713 2140 177 713 2141 170 714 2142 169 714 2143 178 714 2144 171 715 2145 170 715 2146 179 715 2147 172 716 2148 171 716 2149 180 716 2150 173 717 2151 172 717 2152 181 717 2153 174 718 2154 173 718 2155 182 718 2156 180 719 2157 179 719 2158 187 719 2159 181 720 2160 180 720 2161 188 720 2162 182 721 2163 181 721 2164 189 721 2165 183 722 2166 182 722 2167 190 722 2168 177 723 2169 176 723 2170 184 723 2171 178 724 2172 177 724 2173 185 724 2174 179 725 2175 178 725 2176 186 725 2177 185 726 2178 184 726 2179 192 726 2180 186 727 2181 185 727 2182 193 727 2183 187 728 2184 186 728 2185 194 728 2186 188 729 2187 187 729 2188 195 729 2189 189 730 2190 188 730 2191 196 730 2192 190 731 2193 189 731 2194 197 731 2195 191 732 2196 190 732 2197 198 732 2198 197 733 2199 196 733 2200 204 733 2201 198 734 2202 197 734 2203 205 734 2204 199 735 2205 198 735 2206 206 735 2207 193 736 2208 192 736 2209 200 736 2210 194 737 2211 193 737 2212 201 737 2213 195 738 2214 194 738 2215 202 738 2216 196 739 2217 195 739 2218 203 739 2219 200 740 2220 208 740 2221 209 740 2222 201 741 2223 209 741 2224 210 741 2225 202 742 2226 210 742 2227 211 742 2228 203 743 2229 211 743 2230 212 743 2231 204 744 2232 212 744 2233 213 744 2234 205 745 2235 213 745 2236 214 745 2237 206 746 2238 214 746 2239 215 746 2240 212 747 2241 220 747 2242 221 747 2243 213 748 2244 221 748 2245 222 748 2246 214 749 2247 222 749 2248 223 749 2249 208 750 2250 216 750 2251 217 750 2252 209 751 2253 217 751 2254 218 751 2255 210 752 2256 218 752 2257 219 752 2258 211 753 2259 219 753 2260 220 753 2261 217 754 2262 225 754 2263 226 754 2264 218 755 2265 226 755 2266 227 755 2267 219 756 2268 227 756 2269 228 756 2270 220 757 2271 228 757 2272 229 757 2273 221 758 2274 229 758 2275 230 758 2276 222 759 2277 230 759 2278 231 759 2279 216 760 2280 224 760 2281 225 760 2282 229 761 2283 237 761 2284 238 761 2285 230 762 2286 238 762 2287 239 762 2288 224 763 2289 232 763 2290 233 763 2291 225 764 2292 233 764 2293 234 764 2294 226 765 2295 234 765 2296 235 765 2297 227 766 2298 235 766 2299 236 766 2300 228 767 2301 236 767 2302 237 767 2303 234 768 2304 242 768 2305 243 768 2306 235 769 2307 243 769 2308 244 769 2309 236 770 2310 244 770 2311 245 770 2312 237 771 2313 245 771 2314 246 771 2315 238 772 2316 246 772 2317 247 772 2318 232 773 2319 240 773 2320 241 773 2321 233 774 2322 241 774 2323 242 774 2324 246 775 2325 254 775 2326 255 775 2327 240 776 2328 248 776 2329 249 776 2330 241 777 2331 249 777 2332 250 777 2333 242 778 2334 250 778 2335 251 778 2336 243 779 2337 251 779 2338 252 779 2339 244 780 2340 252 780 2341 253 780 2342 245 781 2343 253 781 2344 254 781 2345 250 782 2346 258 782 2347 259 782 2348 251 783 2349 259 783 2350 260 783 2351 252 784 2352 260 784 2353 261 784 2354 253 785 2355 261 785 2356 262 785 2357 254 786 2358 262 786 2359 263 786 2360 248 787 2361 256 787 2362 257 787 2363 249 788 2364 257 788 2365 258 788 2366 262 789 2367 267 789 2368 268 789 2369 256 790 2370 12 790 2371 13 790 2372 257 791 2373 13 791 2374 264 791 2375 258 792 2376 264 792 2377 14 792 2378 259 793 2379 14 793 2380 265 793 2381 260 794 2382 265 794 2383 266 794 2384 261 795 2385 266 795 2386 267 795 2387 525 796 2388 524 796 2389 278 796 2390 270 797 2391 269 797 2392 272 797 2393 521 798 2394 270 798 2395 273 798 2396 271 799 2397 521 799 2398 274 799 2399 522 800 2400 271 800 2401 275 800 2402 523 801 2403 522 801 2404 276 801 2405 524 802 2406 523 802 2407 277 802 2408 278 803 2409 277 803 2410 285 803 2411 279 804 2412 278 804 2413 286 804 2414 273 805 2415 272 805 2416 280 805 2417 274 806 2418 273 806 2419 281 806 2420 275 807 2421 274 807 2422 282 807 2423 276 808 2424 275 808 2425 283 808 2426 277 809 2427 276 809 2428 284 809 2429 282 810 2430 281 810 2431 289 810 2432 283 811 2433 282 811 2434 290 811 2435 284 812 2436 283 812 2437 291 812 2438 285 813 2439 284 813 2440 292 813 2441 286 814 2442 285 814 2443 293 814 2444 287 815 2445 286 815 2446 294 815 2447 281 816 2448 280 816 2449 288 816 2450 294 817 2451 293 817 2452 301 817 2453 295 818 2454 294 818 2455 302 818 2456 289 819 2457 288 819 2458 296 819 2459 290 820 2460 289 820 2461 297 820 2462 291 821 2463 290 821 2464 298 821 2465 292 822 2466 291 822 2467 299 822 2468 293 823 2469 292 823 2470 300 823 2471 299 824 2472 298 824 2473 306 824 2474 300 825 2475 299 825 2476 307 825 2477 301 826 2478 300 826 2479 308 826 2480 302 827 2481 301 827 2482 309 827 2483 303 828 2484 302 828 2485 310 828 2486 297 829 2487 296 829 2488 304 829 2489 298 830 2490 297 830 2491 305 830 2492 311 831 2493 310 831 2494 318 831 2495 305 832 2496 304 832 2497 312 832 2498 306 833 2499 305 833 2500 313 833 2501 307 834 2502 306 834 2503 314 834 2504 308 835 2505 307 835 2506 315 835 2507 309 836 2508 308 836 2509 316 836 2510 310 837 2511 309 837 2512 317 837 2513 315 838 2514 314 838 2515 322 838 2516 316 839 2517 315 839 2518 323 839 2519 317 840 2520 316 840 2521 324 840 2522 318 841 2523 317 841 2524 325 841 2525 319 842 2526 318 842 2527 326 842 2528 313 843 2529 312 843 2530 320 843 2531 314 844 2532 313 844 2533 321 844 2534 327 845 2535 326 845 2536 334 845 2537 321 846 2538 320 846 2539 328 846 2540 322 847 2541 321 847 2542 329 847 2543 323 848 2544 322 848 2545 330 848 2546 324 849 2547 323 849 2548 331 849 2549 325 850 2550 324 850 2551 332 850 2552 326 851 2553 325 851 2554 333 851 2555 331 852 2556 339 852 2557 340 852 2558 332 853 2559 340 853 2560 341 853 2561 333 854 2562 341 854 2563 342 854 2564 334 855 2565 342 855 2566 343 855 2567 328 856 2568 336 856 2569 337 856 2570 329 857 2571 337 857 2572 338 857 2573 330 858 2574 338 858 2575 339 858 2576 336 859 2577 344 859 2578 345 859 2579 337 860 2580 345 860 2581 346 860 2582 338 861 2583 346 861 2584 347 861 2585 339 862 2586 347 862 2587 348 862 2588 340 863 2589 348 863 2590 349 863 2591 341 864 2592 349 864 2593 350 864 2594 342 865 2595 350 865 2596 351 865 2597 348 866 2598 356 866 2599 357 866 2600 349 867 2601 357 867 2602 358 867 2603 350 868 2604 358 868 2605 359 868 2606 344 869 2607 352 869 2608 353 869 2609 345 870 2610 353 870 2611 354 870 2612 346 871 2613 354 871 2614 355 871 2615 347 872 2616 355 872 2617 356 872 2618 352 873 2619 360 873 2620 361 873 2621 353 874 2622 361 874 2623 362 874 2624 354 875 2625 362 875 2626 363 875 2627 355 876 2628 363 876 2629 364 876 2630 356 877 2631 364 877 2632 365 877 2633 357 878 2634 365 878 2635 366 878 2636 358 879 2637 366 879 2638 367 879 2639 364 880 2640 372 880 2641 373 880 2642 365 881 2643 373 881 2644 374 881 2645 366 882 2646 374 882 2647 375 882 2648 360 883 2649 368 883 2650 369 883 2651 361 884 2652 369 884 2653 370 884 2654 362 885 2655 370 885 2656 371 885 2657 363 886 2658 371 886 2659 372 886 2660 369 887 2661 377 887 2662 378 887 2663 370 888 2664 378 888 2665 379 888 2666 371 889 2667 379 889 2668 380 889 2669 372 890 2670 380 890 2671 381 890 2672 373 891 2673 381 891 2674 382 891 2675 374 892 2676 382 892 2677 383 892 2678 368 893 2679 376 893 2680 377 893 2681 381 894 2682 389 894 2683 390 894 2684 382 895 2685 390 895 2686 391 895 2687 376 896 2688 384 896 2689 385 896 2690 377 897 2691 385 897 2692 386 897 2693 378 898 2694 386 898 2695 387 898 2696 379 899 2697 387 899 2698 388 899 2699 380 900 2700 388 900 2701 389 900 2702 385 901 2703 393 901 2704 394 901 2705 386 902 2706 394 902 2707 395 902 2708 387 903 2709 395 903 2710 396 903 2711 388 904 2712 396 904 2713 397 904 2714 389 905 2715 397 905 2716 398 905 2717 390 906 2718 398 906 2719 399 906 2720 384 907 2721 392 907 2722 393 907 2723 398 908 2724 397 908 2725 405 908 2726 399 909 2727 398 909 2728 406 909 2729 393 910 2730 392 910 2731 400 910 2732 394 911 2733 393 911 2734 401 911 2735 395 912 2736 394 912 2737 402 912 2738 396 913 2739 395 913 2740 403 913 2741 397 914 2742 396 914 2743 404 914 2744 403 915 2745 402 915 2746 410 915 2747 404 916 2748 403 916 2749 411 916 2750 405 917 2751 404 917 2752 412 917 2753 406 918 2754 405 918 2755 413 918 2756 407 919 2757 406 919 2758 414 919 2759 401 920 2760 400 920 2761 408 920 2762 402 921 2763 401 921 2764 409 921 2765 415 922 2766 414 922 2767 422 922 2768 409 923 2769 408 923 2770 416 923 2771 410 924 2772 409 924 2773 417 924 2774 411 925 2775 410 925 2776 418 925 2777 412 926 2778 411 926 2779 419 926 2780 413 927 2781 412 927 2782 420 927 2783 414 928 2784 413 928 2785 421 928 2786 420 929 2787 419 929 2788 427 929 2789 421 930 2790 420 930 2791 428 930 2792 422 931 2793 421 931 2794 429 931 2795 423 932 2796 422 932 2797 430 932 2798 417 933 2799 416 933 2800 424 933 2801 418 934 2802 417 934 2803 425 934 2804 419 935 2805 418 935 2806 426 935 2807 425 936 2808 424 936 2809 433 936 2810 426 937 2811 425 937 2812 434 937 2813 427 938 2814 426 938 2815 435 938 2816 428 939 2817 427 939 2818 436 939 2819 429 940 2820 428 940 2821 437 940 2822 430 941 2823 429 941 2824 438 941 2825 431 942 2826 430 942 2827 439 942 2828 437 943 2829 436 943 2830 444 943 2831 438 944 2832 437 944 2833 445 944 2834 439 945 2835 438 945 2836 446 945 2837 440 946 2838 439 946 2839 447 946 2840 434 947 2841 433 947 2842 441 947 2843 435 948 2844 434 948 2845 442 948 2846 436 949 2847 435 949 2848 443 949 2849 442 950 2850 441 950 2851 449 950 2852 443 951 2853 442 951 2854 450 951 2855 444 952 2856 443 952 2857 451 952 2858 445 953 2859 444 953 2860 452 953 2861 446 954 2862 445 954 2863 453 954 2864 447 955 2865 446 955 2866 454 955 2867 448 956 2868 447 956 2869 455 956 2870 454 957 2871 453 957 2872 461 957 2873 455 958 2874 454 958 2875 462 958 2876 456 959 2877 455 959 2878 463 959 2879 450 960 2880 449 960 2881 457 960 2882 451 961 2883 450 961 2884 458 961 2885 452 962 2886 451 962 2887 459 962 2888 453 963 2889 452 963 2890 460 963 2891 457 964 2892 465 964 2893 466 964 2894 458 965 2895 466 965 2896 467 965 2897 459 966 2898 467 966 2899 468 966 2900 460 967 2901 468 967 2902 469 967 2903 461 968 2904 469 968 2905 470 968 2906 462 969 2907 470 969 2908 471 969 2909 463 970 2910 471 970 2911 472 970 2912 469 971 2913 477 971 2914 478 971 2915 470 972 2916 478 972 2917 479 972 2918 471 973 2919 479 973 2920 480 973 2921 465 974 2922 473 974 2923 474 974 2924 466 975 2925 474 975 2926 475 975 2927 467 976 2928 475 976 2929 476 976 2930 468 977 2931 476 977 2932 477 977 2933 474 978 2934 482 978 2935 483 978 2936 475 979 2937 483 979 2938 484 979 2939 476 980 2940 484 980 2941 485 980 2942 477 981 2943 485 981 2944 486 981 2945 478 982 2946 486 982 2947 487 982 2948 479 983 2949 487 983 2950 488 983 2951 473 984 2952 481 984 2953 482 984 2954 486 985 2955 494 985 2956 495 985 2957 487 986 2958 495 986 2959 496 986 2960 481 987 2961 489 987 2962 490 987 2963 482 988 2964 490 988 2965 491 988 2966 483 989 2967 491 989 2968 492 989 2969 484 990 2970 492 990 2971 493 990 2972 485 991 2973 493 991 2974 494 991 2975 491 992 2976 499 992 2977 500 992 2978 492 993 2979 500 993 2980 501 993 2981 493 994 2982 501 994 2983 502 994 2984 494 995 2985 502 995 2986 503 995 2987 15 996 2988 272 996 2989 280 996 2990 495 997 2991 503 997 2992 504 997 2993 12 998 2994 269 998 2995 272 998 2996 489 999 2997 497 999 2998 498 999 2999 490 1000 3000 498 1000 3001 499 1000 3002 503 1001 3003 511 1001 3004 512 1001 3005 497 1002 3006 505 1002 3007 506 1002 3008 498 1003 3009 506 1003 3010 507 1003 3011 499 1004 3012 507 1004 3013 508 1004 3014 500 1005 3015 508 1005 3016 509 1005 3017 501 1006 3018 509 1006 3019 510 1006 3020 502 1007 3021 510 1007 3022 511 1007 3023 507 1008 3024 515 1008 3025 516 1008 3026 508 1009 3027 516 1009 3028 517 1009 3029 509 1010 3030 517 1010 3031 518 1010 3032 510 1011 3033 518 1011 3034 519 1011 3035 511 1012 3036 519 1012 3037 520 1012 3038 505 1013 3039 513 1013 3040 514 1013 3041 506 1014 3042 514 1014 3043 515 1014 3044 519 1015 3045 524 1015 3046 525 1015 3047 513 1016 3048 269 1016 3049 270 1016 3050 514 1017 3051 270 1017 3052 521 1017 3053 515 1018 3054 521 1018 3055 271 1018 3056 516 1019 3057 271 1019 3058 522 1019 3059 517 1020 3060 522 1020 3061 523 1020 3062 518 1021 3063 523 1021 3064 524 1021 3065 23 1022 3066 280 1022 3067 288 1022 3068 31 1023 3069 288 1023 3070 296 1023 3071 39 1024 3072 296 1024 3073 304 1024 3074 47 1025 3075 304 1025 3076 312 1025 3077 55 1026 3078 312 1026 3079 320 1026 3080 63 1027 3081 320 1027 3082 328 1027 3083 328 1028 3084 336 1028 3085 79 1028 3086 87 1029 3087 79 1029 3088 336 1029 3089 344 1030 3090 352 1030 3091 95 1030 3092 103 1031 3093 95 1031 3094 352 1031 3095 360 1032 3096 368 1032 3097 111 1032 3098 368 1033 3099 376 1033 3100 119 1033 3101 376 1034 3102 384 1034 3103 127 1034 3104 384 1035 3105 392 1035 3106 135 1035 3107 135 1036 3108 392 1036 3109 400 1036 3110 143 1037 3111 400 1037 3112 408 1037 3113 151 1038 3114 408 1038 3115 416 1038 3116 159 1039 3117 416 1039 3118 424 1039 3119 167 1040 3120 424 1040 3121 433 1040 3122 176 1041 3123 433 1041 3124 441 1041 3125 184 1042 3126 441 1042 3127 449 1042 3128 192 1043 3129 449 1043 3130 457 1043 3131 208 1044 3132 200 1044 3133 457 1044 3134 465 1045 3135 473 1045 3136 216 1045 3137 473 1046 3138 481 1046 3139 224 1046 3140 481 1047 3141 489 1047 3142 232 1047 3143 489 1048 3144 497 1048 3145 240 1048 3146 497 1049 3147 505 1049 3148 248 1049 3149 505 1050 3150 513 1050 3151 256 1050 3152 513 1051 3153 269 1051 3154 12 1051 3155 533 1052 3156 532 1052 3157 529 1052 3158 531 1053 3159 529 1053 3160 528 1053 3161 530 1054 3162 527 1054 3163 533 1054 3164 527 1055 3165 536 1055 3166 533 1055 3167 531 1056 3168 530 1056 3169 533 1056 3170 530 1057 3171 528 1057 3172 526 1057 3173 535 1058 3174 536 1058 3175 527 1058 3176 533 1059 3177 537 1059 3178 534 1059 3179 535 1060 3180 534 1060 3181 537 1060 3182 526 1061 3183 528 1061 3184 534 1061 3185 528 1062 3186 529 1062 3187 534 1062 3188 535 1063 3189 526 1063 3190 534 1063 3191</p>
        </triangles>
      </mesh>
    </geometry>
    <geometry id="Cube_005-mesh" name="Cube.005">
      <mesh>
        <source id="Cube_005-mesh-positions">
          <float_array id="Cube_005-mesh-positions-array" count="1614">-1 -1 -1 -1 1 -1 1 -1 -1 1 -1 1 1 1 -1 1 1 1 -0.9634958 -1 1 -0.9634958 1 1 -0.9634958 -1 1 -1 -1 -0.3668113 -1 1 -0.3668115 -0.9634958 1 1 -6.098873 3.895911 -72.68577 -6.098873 3.821052 -75.82395 -6.098873 3.239331 -81.62256 -6.366577 3.821052 -72.68577 -6.361433 3.747631 -75.82395 -6.346199 3.530192 -78.84154 -6.321461 3.177088 -81.62256 -6.288168 2.701892 -84.06015 -6.247601 2.122863 -86.06063 -6.201319 1.462253 -87.54711 -6.151099 0.7454503 -88.46249 -6.623993 3.599352 -72.68577 -6.613903 3.530192 -75.82395 -6.584021 3.325368 -78.84154 -6.535494 2.992752 -81.62256 -6.470189 2.545126 -84.06015 -6.390614 1.999693 -86.06063 -6.299828 1.377413 -87.54711 -6.201319 0.7021988 -88.46249 -6.861229 3.239331 -72.68577 -6.846581 3.177088 -75.82395 -6.803198 2.992752 -78.84154 -6.732749 2.693405 -81.62256 -6.63794 2.290553 -84.06015 -6.522415 1.799676 -86.06063 -6.390614 1.239639 -87.54711 -6.247601 0.6319622 -88.46249 -7.069169 2.754824 -72.68577 -7.050525 2.701891 -75.82395 -6.995309 2.545126 -78.84154 -6.905644 2.290553 -81.62256 -6.784976 1.947955 -84.06015 -6.63794 1.530498 -86.06063 -6.470189 1.054226 -87.54711 -6.288168 0.5374396 -88.46249 -7.23982 2.164451 -72.68577 -7.217897 2.122862 -75.82395 -7.15297 1.999693 -78.84154 -7.047536 1.799676 -81.62256 -6.905644 1.530499 -84.06015 -6.732749 1.202505 -86.06063 -6.535494 0.8282999 -87.54711 -6.32146 0.4222636 -88.46249 -7.366625 1.4909 -72.68577 -7.342266 1.462253 -75.82395 -7.270123 1.377413 -78.84154 -7.15297 1.239638 -81.62256 -6.995309 1.054226 -84.06015 -6.803198 0.8282997 -86.06063 -6.584021 0.5705429 -87.54711 -6.346199 0.2908602 -88.46249 -7.444712 0.7600538 -72.68577 -7.418852 0.7454499 -75.82395 -7.342266 0.702199 -78.84154 -7.217897 0.6319618 -81.62256 -7.050525 0.5374398 -84.06015 -6.846581 0.4222635 -86.06063 -6.613903 0.2908602 -87.54711 -6.361433 0.1482792 -88.46249 -7.471078 -6.3859e-7 -72.68577 -7.444712 -3.48322e-7 -75.82395 -7.366626 1.74161e-7 -78.84154 -7.23982 -3.48322e-7 -81.62256 -7.069169 0 -84.06015 -6.861229 -2.03188e-7 -86.06063 -6.623993 0 -87.54711 -6.366577 0 -88.46249 -7.444712 -0.760055 -72.68577 -7.418852 -0.7454505 -75.82395 -7.342266 -0.7021986 -78.84154 -7.217897 -0.6319625 -81.62256 -7.050525 -0.5374396 -84.06015 -6.846581 -0.4222638 -86.06063 -6.613903 -0.2908603 -87.54711 -6.361433 -0.1482793 -88.46249 -7.366625 -1.490901 -72.68577 -7.342266 -1.462253 -75.82395 -7.270123 -1.377412 -78.84154 -7.15297 -1.239639 -81.62256 -6.995309 -1.054226 -84.06015 -6.803198 -0.8283 -86.06063 -6.584021 -0.570543 -87.54711 -6.346199 -0.2908602 -88.46249 -7.23982 -2.164452 -72.68577 -7.217897 -2.122863 -75.82395 -7.15297 -1.999693 -78.84154 -7.047535 -1.799676 -81.62256 -6.905644 -1.530499 -84.06015 -6.732749 -1.202505 -86.06063 -6.535494 -0.8282999 -87.54711 -6.32146 -0.4222635 -88.46249 -7.069168 -2.754825 -72.68577 -7.050525 -2.701891 -75.82395 -6.995309 -2.545126 -78.84154 -6.905644 -2.290553 -81.62256 -6.784976 -1.947955 -84.06015 -6.63794 -1.530499 -86.06063 -6.470189 -1.054226 -87.54711 -6.288168 -0.5374395 -88.46249 -6.861229 -3.239331 -72.68577 -6.84658 -3.177088 -75.82395 -6.803198 -2.992751 -78.84154 -6.732749 -2.693405 -81.62256 -6.63794 -2.290553 -84.06015 -6.522415 -1.799676 -86.06063 -6.390614 -1.239638 -87.54711 -6.247601 -0.631962 -88.46249 -6.623992 -3.599351 -72.68577 -6.613903 -3.530191 -75.82395 -6.584021 -3.325367 -78.84154 -6.535494 -2.992751 -81.62256 -6.470189 -2.545126 -84.06015 -6.390614 -1.999692 -86.06063 -6.299828 -1.377412 -87.54711 -6.201319 -0.7021985 -88.46249 -6.366576 -3.82105 -72.68577 -6.361433 -3.747631 -75.82395 -6.346199 -3.530191 -78.84154 -6.32146 -3.177088 -81.62256 -6.288168 -2.701891 -84.06015 -6.247601 -2.122862 -86.06063 -6.201318 -1.462253 -87.54711 -6.151099 -0.7454499 -88.46249 -6.098872 -3.895908 -72.68577 -6.098873 -3.821051 -75.82395 -6.098873 -3.599351 -78.84154 -6.098873 -3.23933 -81.62256 -6.098873 -2.754825 -84.06015 -6.098873 -2.164451 -86.06063 -6.098873 -1.4909 -87.54711 -6.098873 -0.760054 -88.46249 -5.831168 -3.821049 -72.68577 -5.836312 -3.74763 -75.82395 -5.851546 -3.530191 -78.84154 -5.876285 -3.177087 -81.62256 -5.909577 -2.701891 -84.06015 -5.950144 -2.122862 -86.06063 -5.996427 -1.462253 -87.54711 -6.046646 -0.7454498 -88.46249 -5.573752 -3.599349 -72.68577 -5.583842 -3.53019 -75.82395 -5.613725 -3.325367 -78.84154 -5.662251 -2.992751 -81.62256 -5.727556 -2.545126 -84.06015 -5.807131 -1.999692 -86.06063 -5.897918 -1.377412 -87.54711 -5.996427 -0.7021983 -88.46249 -5.336516 -3.239328 -72.68577 -5.351164 -3.177087 -75.82395 -5.394547 -2.992751 -78.84154 -5.464996 -2.693404 -81.62256 -5.559805 -2.290553 -84.06015 -5.67533 -1.799675 -86.06063 -5.807131 -1.239638 -87.54711 -5.950144 -0.6319618 -88.46249 -5.128577 -2.754822 -72.68577 -5.147221 -2.70189 -75.82395 -5.202436 -2.545126 -78.84154 -5.292101 -2.290552 -81.62256 -5.41277 -1.947955 -84.06015 -5.559805 -1.530497 -86.06063 -5.727556 -1.054225 -87.54711 -5.909577 -0.5374392 -88.46249 -6.098873 0 -88.77157 -4.957926 -2.164449 -72.68577 -4.979848 -2.122861 -75.82395 -5.044775 -1.999692 -78.84154 -5.15021 -1.799675 -81.62256 -5.292101 -1.530498 -84.06015 -5.464996 -1.202504 -86.06063 -5.662251 -0.8282996 -87.54711 -5.876285 -0.4222633 -88.46249 -4.83112 -1.490898 -72.68577 -4.85548 -1.462252 -75.82395 -4.927622 -1.377412 -78.84154 -5.044775 -1.239637 -81.62256 -5.202436 -1.054226 -84.06015 -5.394547 -0.8282989 -86.06063 -5.613725 -0.5705426 -87.54711 -5.851546 -0.2908599 -88.46249 -4.753035 -0.7600521 -72.68577 -4.778893 -0.745449 -75.82395 -4.85548 -0.7021986 -78.84154 -4.979849 -0.6319613 -81.62256 -5.147221 -0.5374395 -84.06015 -5.351165 -0.4222628 -86.06063 -5.583842 -0.2908599 -87.54711 -5.836313 -0.148279 -88.46249 -4.726668 1.74161e-6 -72.68577 -4.753034 1.04496e-6 -75.82395 -4.83112 0 -78.84154 -4.957926 6.3859e-7 -81.62256 -5.128577 0 -84.06015 -5.336516 5.80536e-7 -86.06063 -5.573752 2.03188e-7 -87.54711 -5.831169 0 -88.46249 -4.753035 0.7600556 -72.68577 -4.778894 0.745451 -75.82395 -4.85548 0.7021986 -78.84154 -4.979849 0.6319626 -81.62256 -5.147221 0.5374397 -84.06015 -5.351165 0.4222639 -86.06063 -5.583842 0.2908603 -87.54711 -5.836313 0.1482792 -88.46249 -4.831121 1.490901 -72.68577 -4.85548 1.462254 -75.82395 -4.927622 1.377412 -78.84154 -5.044775 1.239638 -81.62256 -5.202436 1.054226 -84.06015 -5.394547 0.8282998 -86.06063 -5.613725 0.5705429 -87.54711 -5.851547 0.2908601 -88.46249 -4.957927 2.164452 -72.68577 -4.979849 2.122863 -75.82395 -5.044775 1.999692 -78.84154 -5.15021 1.799676 -81.62256 -5.292101 1.530498 -84.06015 -5.464997 1.202505 -86.06063 -5.662251 0.8282997 -87.54711 -5.876285 0.4222633 -88.46249 -5.128578 2.754823 -72.68577 -5.147221 2.701891 -75.82395 -5.202436 2.545125 -78.84154 -5.292102 2.290552 -81.62256 -5.41277 1.947955 -84.06015 -5.559806 1.530498 -86.06063 -5.727557 1.054225 -87.54711 -5.909577 0.5374392 -88.46249 -5.336517 3.239329 -72.68577 -5.351165 3.177087 -75.82395 -5.394547 2.992751 -78.84154 -5.464997 2.693404 -81.62256 -5.559805 2.290553 -84.06015 -5.675331 1.799675 -86.06063 -5.807132 1.239638 -87.54711 -5.950144 0.6319617 -88.46249 -5.573753 3.599349 -72.68577 -5.583843 3.53019 -75.82395 -5.613725 3.325366 -78.84154 -5.662251 2.99275 -81.62256 -5.727557 2.545126 -84.06015 -5.807132 1.999691 -86.06063 -5.897918 1.377412 -87.54711 -5.996427 0.7021981 -88.46249 -5.83117 3.821048 -72.68577 -5.836313 3.74763 -75.82395 -5.851546 3.53019 -78.84154 -5.876286 3.177086 -81.62256 -5.909577 2.701891 -84.06015 -5.950145 2.12286 -86.06063 -5.996427 1.462253 -87.54711 -6.046646 0.7454495 -88.46249 -6.098873 3.59935 -78.84154 -6.098873 2.754824 -84.06015 -6.098873 2.164449 -86.06063 -6.098873 1.4909 -87.54711 -6.098873 0.7600536 -88.46249 -6.098873 4.329693 -72.68577 -6.098873 4.246499 -76.17337 -6.098873 3.600008 -82.61761 -6.396384 4.246499 -72.68577 -6.390667 4.164904 -76.17337 -6.373737 3.923253 -79.52694 -6.346244 3.530835 -82.61761 -6.309245 3.002728 -85.3266 -6.264161 2.359229 -87.54982 -6.212725 1.625065 -89.20182 -6.156914 0.8284509 -90.21911 -6.682462 4.000114 -72.68577 -6.671248 3.923253 -76.17337 -6.638039 3.695624 -79.52694 -6.584109 3.325973 -82.61761 -6.511532 2.828508 -85.3266 -6.423097 2.222344 -87.54982 -6.322203 1.530778 -89.20182 -6.212725 0.7803837 -90.21911 -6.946113 3.600008 -72.68577 -6.929833 3.530835 -76.17337 -6.88162 3.325973 -79.52694 -6.803327 2.993297 -82.61761 -6.697962 2.54559 -85.3266 -6.569574 2.000057 -87.54982 -6.423097 1.377663 -89.20182 -6.264161 0.7023267 -90.21911 -7.177204 3.061554 -72.68577 -7.156485 3.002728 -76.17337 -7.095121 2.828508 -79.52694 -6.995472 2.54559 -82.61761 -6.861368 2.164846 -85.3266 -6.697962 1.700909 -87.54982 -6.511532 1.171606 -89.20182 -6.309245 0.5972797 -90.21911 -7.366857 2.405447 -72.68577 -7.342493 2.359228 -76.17337 -7.270337 2.222345 -79.52694 -7.153163 2.000057 -82.61761 -6.995473 1.700909 -85.3266 -6.803327 1.336395 -87.54982 -6.584109 0.9205253 -89.20182 -6.346244 0.4692796 -90.21911 -7.507781 1.656901 -72.68577 -7.480709 1.625064 -76.17337 -7.400534 1.530778 -79.52694 -7.270337 1.377663 -82.61761 -7.095121 1.171606 -85.3266 -6.88162 0.920525 -87.54982 -6.638039 0.6340688 -89.20182 -6.373737 0.3232454 -90.21911 -7.594562 0.8446804 -72.68577 -7.565823 0.8284505 -76.17337 -7.480709 0.7803839 -79.52694 -7.342492 0.7023263 -82.61761 -7.156485 0.5972799 -85.3266 -6.929833 0.4692795 -87.54982 -6.671248 0.3232454 -89.20182 -6.390667 0.164789 -90.21911 -7.623864 -7.09692e-7 -72.68577 -7.594562 -3.87105e-7 -76.17337 -7.507781 1.93552e-7 -79.52694 -7.366857 -3.87105e-7 -82.61761 -7.177204 0 -85.3266 -6.946112 -2.25811e-7 -87.54982 -6.682462 0 -89.20182 -6.396384 0 -90.21911 -7.594561 -0.8446816 -72.68577 -7.565822 -0.8284512 -76.17337 -7.480709 -0.7803835 -79.52694 -7.342492 -0.702327 -82.61761 -7.156485 -0.5972797 -85.3266 -6.929833 -0.4692798 -87.54982 -6.671248 -0.3232455 -89.20182 -6.390667 -0.1647891 -90.21911 -7.50778 -1.656902 -72.68577 -7.480709 -1.625065 -76.17337 -7.400534 -1.530777 -79.52694 -7.270337 -1.377663 -82.61761 -7.095121 -1.171606 -85.3266 -6.88162 -0.9205254 -87.54982 -6.638039 -0.6340689 -89.20182 -6.373737 -0.3232454 -90.21911 -7.366856 -2.405448 -72.68577 -7.342492 -2.359228 -76.17337 -7.270337 -2.222344 -79.52694 -7.153162 -2.000057 -82.61761 -6.995472 -1.700909 -85.3266 -6.803327 -1.336395 -87.54982 -6.584109 -0.9205253 -89.20182 -6.346244 -0.4692795 -90.21911 -7.177204 -3.061555 -72.68577 -7.156484 -3.002728 -76.17337 -7.095121 -2.828508 -79.52694 -6.995472 -2.54559 -82.61761 -6.861368 -2.164846 -85.3266 -6.697961 -1.700909 -87.54982 -6.511532 -1.171606 -89.20182 -6.309245 -0.5972796 -90.21911 -6.946112 -3.600007 -72.68577 -6.929832 -3.530834 -76.17337 -6.88162 -3.325973 -79.52694 -6.803327 -2.993297 -82.61761 -6.697962 -2.54559 -85.3266 -6.569573 -2.000057 -87.54982 -6.423097 -1.377663 -89.20182 -6.264161 -0.7023264 -90.21911 -6.682461 -4.000113 -72.68577 -6.671247 -3.923253 -76.17337 -6.638039 -3.695623 -79.52694 -6.584109 -3.325973 -82.61761 -6.511532 -2.828508 -85.3266 -6.423097 -2.222344 -87.54982 -6.322202 -1.530777 -89.20182 -6.212725 -0.7803833 -90.21911 -6.396383 -4.246497 -72.68577 -6.390667 -4.164903 -76.17337 -6.373737 -3.923253 -79.52694 -6.346244 -3.530834 -82.61761 -6.309245 -3.002728 -85.3266 -6.264161 -2.359228 -87.54982 -6.212725 -1.625064 -89.20182 -6.156914 -0.8284504 -90.21911 -6.098872 -4.32969 -72.68577 -6.098873 -4.246498 -76.17337 -6.098873 -4.000113 -79.52694 -6.098873 -3.600007 -82.61761 -6.098873 -3.061555 -85.3266 -6.098873 -2.405447 -87.54982 -6.098873 -1.656901 -89.20182 -6.098873 -0.8446807 -90.21911 -5.801361 -4.246496 -72.68577 -5.807078 -4.164902 -76.17337 -5.824008 -3.923252 -79.52694 -5.851501 -3.530833 -82.61761 -5.888501 -3.002728 -85.3266 -5.933584 -2.359227 -87.54982 -5.98502 -1.625064 -89.20182 -6.040831 -0.8284503 -90.21911 -5.515284 -4.000111 -72.68577 -5.526497 -3.923252 -76.17337 -5.559707 -3.695623 -79.52694 -5.613636 -3.325972 -82.61761 -5.686213 -2.828508 -85.3266 -5.774648 -2.222343 -87.54982 -5.875543 -1.530777 -89.20182 -5.98502 -0.7803831 -90.21911 -5.251633 -3.600005 -72.68577 -5.267912 -3.530833 -76.17337 -5.316125 -3.325973 -79.52694 -5.394419 -2.993296 -82.61761 -5.499783 -2.54559 -85.3266 -5.628171 -2.000056 -87.54982 -5.774648 -1.377663 -89.20182 -5.933585 -0.7023262 -90.21911 -5.020541 -3.061552 -72.68577 -5.041261 -3.002727 -76.17337 -5.102624 -2.828507 -79.52694 -5.202273 -2.545588 -82.61761 -5.336377 -2.164846 -85.3266 -5.499784 -1.700907 -87.54982 -5.686213 -1.171606 -89.20182 -5.888501 -0.5972793 -90.21911 -6.098873 0 -90.56261 -4.83089 -2.405445 -72.68577 -4.855253 -2.359227 -76.17337 -4.927409 -2.222344 -79.52694 -5.044583 -2.000056 -82.61761 -5.202273 -1.700909 -85.3266 -5.394419 -1.336394 -87.54982 -5.613636 -0.9205248 -89.20182 -5.851501 -0.4692793 -90.21911 -4.689965 -1.656898 -72.68577 -4.717037 -1.625063 -76.17337 -4.797212 -1.530777 -79.52694 -4.927409 -1.377662 -82.61761 -5.102624 -1.171606 -85.3266 -5.316126 -0.9205241 -87.54982 -5.559707 -0.6340684 -89.20182 -5.824008 -0.3232452 -90.21911 -4.603185 -0.8446785 -72.68577 -4.631924 -0.8284494 -76.17337 -4.717037 -0.7803834 -79.52694 -4.855253 -0.7023257 -82.61761 -5.041261 -0.5972796 -85.3266 -5.267913 -0.4692788 -87.54982 -5.526497 -0.3232452 -89.20182 -5.807078 -0.1647889 -90.21911 -4.573883 1.93552e-6 -72.68577 -4.603184 1.16131e-6 -76.17337 -4.689965 0 -79.52694 -4.830889 7.09692e-7 -82.61761 -5.020541 1.29035e-7 -85.3266 -5.251634 6.45175e-7 -87.54982 -5.515284 2.25811e-7 -89.20182 -5.801362 0 -90.21911 -4.603185 0.8446823 -72.68577 -4.631924 0.8284516 -76.17337 -4.717037 0.7803835 -79.52694 -4.855253 0.7023271 -82.61761 -5.041261 0.5972798 -85.3266 -5.267913 0.46928 -87.54982 -5.526497 0.3232455 -89.20182 -5.807078 0.164789 -90.21911 -4.689966 1.656902 -72.68577 -4.717037 1.625065 -76.17337 -4.797212 1.530777 -79.52694 -4.927409 1.377663 -82.61761 -5.102624 1.171606 -85.3266 -5.316126 0.9205252 -87.54982 -5.559707 0.6340688 -89.20182 -5.824008 0.3232453 -90.21911 -4.830891 2.405448 -72.68577 -4.855253 2.359228 -76.17337 -4.927409 2.222344 -79.52694 -5.044583 2.000057 -82.61761 -5.202273 1.700909 -85.3266 -5.394419 1.336395 -87.54982 -5.613636 0.920525 -89.20182 -5.851501 0.4692794 -90.21911 -5.020543 3.061553 -72.68577 -5.041262 3.002727 -76.17337 -5.102624 2.828507 -79.52694 -5.202273 2.545589 -82.61761 -5.336377 2.164846 -85.3266 -5.499784 1.700908 -87.54982 -5.686213 1.171606 -89.20182 -5.888501 0.5972793 -90.21911 -5.251635 3.600005 -72.68577 -5.267913 3.530833 -76.17337 -5.316125 3.325972 -79.52694 -5.394419 2.993296 -82.61761 -5.499784 2.54559 -85.3266 -5.628172 2.000056 -87.54982 -5.774648 1.377663 -89.20182 -5.933585 0.7023261 -90.21911 -5.515285 4.000111 -72.68577 -5.526498 3.923251 -76.17337 -5.559707 3.695622 -79.52694 -5.613637 3.325972 -82.61761 -5.686213 2.828508 -85.3266 -5.774649 2.222342 -87.54982 -5.875543 1.530777 -89.20182 -5.98502 0.7803829 -90.21911 -5.801362 4.246494 -72.68577 -5.807079 4.164902 -76.17337 -5.824008 3.923251 -79.52694 -5.851502 3.530833 -82.61761 -5.888501 3.002728 -85.3266 -5.933585 2.359226 -87.54982 -5.98502 1.625064 -89.20182 -6.040831 0.82845 -90.21911 -6.098873 4.000113 -79.52694 -6.098873 3.061554 -85.3266 -6.098873 2.405446 -87.54982 -6.098873 1.656901 -89.20182 -6.098873 0.8446803 -90.21911 -4.638136 -1 -75.70476 -4.638136 1 -75.70476 -0.7987602 -1 0.1305809 -0.9679802 -1 1.065693 -0.7987602 1 0.1305809 -0.9679802 1 1.065693 -4.737279 -1 -73.3855 -4.737279 1 -73.3855 -4.737279 -1 -73.3855 -4.69171 -1 -75.40871 -4.69171 1 -75.40871 -4.737279 1 -73.3855</float_array>
          <technique_common>
            <accessor source="#Cube_005-mesh-positions-array" count="538" stride="3">
              <param name="X" type="float"/>
              <param name="Y" type="float"/>
              <param name="Z" type="float"/>
            </accessor>
          </technique_common>
        </source>
        <source id="Cube_005-mesh-normals">
          <float_array id="Cube_005-mesh-normals-array" count="3192">0 0 1 1 0 0 0 1 0 0 0 -1 -1 0 0 0 0 1 -0.9996436 0 0.02669805 0 -1 0 0.2134751 -0.76346 0.609555 0.1047523 -0.3746291 0.9212383 0.2692319 -0.9628015 0.02296692 0.268624 -0.9606559 0.07057857 0.2672333 -0.9556572 0.1237158 0.2644978 -0.9458827 0.1880078 0.2590279 -0.9263714 0.2733872 0.2468172 -0.8826765 0.3999544 0.6145827 -0.7135934 0.3362628 0.5523568 -0.6413446 0.5325216 0.2992721 -0.3474868 0.8886445 0.652468 -0.7575832 0.0187937 0.6514925 -0.7564503 0.05779689 0.6492153 -0.7538039 0.1014848 0.6447222 -0.7485913 0.1547396 0.6356227 -0.7380231 0.2265076 0.8341444 -0.5496603 0.04556947 0.8323274 -0.5484631 0.08012074 0.8287246 -0.5460892 0.1224828 0.8213375 -0.5412204 0.1802364 0.8038063 -0.5296694 0.2708244 0.7481315 -0.4929797 0.4441511 0.4575018 -0.3014699 0.8365452 0.83492 -0.550172 0.01480931 0.8955478 -0.3843493 0.2242092 0.8516262 -0.3654982 0.3756914 0.5744586 -0.2465444 0.780521 0.918876 -0.3943606 0.01211094 0.9183044 -0.3941161 0.03727751 0.9169643 -0.3935411 0.06558907 0.9142991 -0.3923961 0.1004111 0.9087969 -0.3900364 0.1481891 0.9591472 -0.2772482 0.05630362 0.95709 -0.2766539 0.08626204 0.9528299 -0.2754213 0.1275081 0.942487 -0.2724316 0.1936478 0.9073583 -0.2622773 0.328499 0.655556 -0.1894923 0.730985 0.9606191 -0.2776741 0.01039052 0.9601796 -0.277546 0.03198808 0.9381744 -0.1766262 0.2977113 0.7087596 -0.1334353 0.6927157 0.9826934 -0.1850053 0.009316682 0.9823315 -0.1849379 0.02868455 0.9814822 -0.1847768 0.05049991 0.9797877 -0.1844585 0.07740223 0.9762715 -0.1837968 0.1145114 0.9676974 -0.1821822 0.1742741 0.9932371 -0.1061215 0.04709839 0.9917452 -0.1059617 0.072205 0.9886458 -0.1056311 0.1068719 0.98107 -0.1048215 0.1628315 0.9547896 -0.1020139 0.279231 0.7406896 -0.07913857 0.6671702 0.9943031 -0.1062349 0.008687794 0.9939848 -0.1062014 0.02674931 0.9621237 -0.03337502 0.2705627 0.7556316 -0.02621197 0.6544722 0.9993637 -0.03466814 0.008396506 0.9990649 -0.03465813 0.02585273 0.9983628 -0.03463363 0.04552215 0.9969617 -0.0345847 0.06979548 0.9940496 -0.03448385 0.1033264 0.9869241 -0.03423607 0.1575084 0.9969617 0.0345847 0.06979548 0.9940496 0.03448385 0.1033264 0.9869241 0.03423613 0.1575084 0.9621237 0.03337496 0.2705627 0.7556316 0.02621197 0.6544722 0.9993637 0.03466814 0.008396506 0.9990649 0.03465813 0.02585273 0.9983628 0.03463363 0.04552215 0.7406895 0.07913857 0.6671702 0.9943031 0.1062349 0.008687794 0.9939848 0.1062014 0.02674931 0.9932371 0.1061215 0.04709833 0.9917452 0.1059617 0.072205 0.9886458 0.1056311 0.1068719 0.98107 0.1048215 0.1628316 0.9547896 0.102014 0.279231 0.9762715 0.1837968 0.1145114 0.9676974 0.1821823 0.1742741 0.9381743 0.1766264 0.2977114 0.7087595 0.1334354 0.6927157 0.9826933 0.1850061 0.009316504 0.9823315 0.1849378 0.02868461 0.981482 0.1847777 0.05049985 0.9797877 0.1844585 0.07740229 0.9606193 0.2776736 0.01039057 0.9601796 0.2775461 0.03198796 0.9591472 0.2772483 0.05630373 0.9570901 0.2766539 0.08626192 0.9528295 0.2754226 0.1275082 0.9424864 0.2724334 0.1936481 0.9073582 0.2622773 0.328499 0.6555559 0.1894924 0.730985 0.9087973 0.3900353 0.1481891 0.8955487 0.3843476 0.2242088 0.851626 0.3654987 0.3756912 0.5744584 0.2465446 0.7805212 0.9188756 0.3943617 0.01211071 0.9183044 0.3941161 0.03727757 0.9169646 0.3935404 0.06558912 0.9142991 0.3923962 0.1004109 0.8341442 0.5496606 0.04556936 0.8323272 0.5484634 0.08012074 0.8287246 0.5460892 0.1224828 0.8213363 0.5412222 0.1802367 0.8038058 0.52967 0.2708245 0.7481309 0.4929803 0.4441514 0.4575014 0.3014702 0.8365454 0.8349199 0.5501723 0.01480931 0.6145803 0.7135952 0.3362632 0.5523561 0.641345 0.5325218 0.299272 0.347487 0.8886445 0.652468 0.7575832 0.01879358 0.6514925 0.7564503 0.05779677 0.6492135 0.7538055 0.1014849 0.6447222 0.7485913 0.1547395 0.6356222 0.7380235 0.2265079 0.26863 0.9606542 0.07057839 0.267233 0.9556574 0.123716 0.2644999 0.9458822 0.1880074 0.2590423 0.9263676 0.2733867 0.246825 0.8826746 0.3999537 0.2134863 0.7634578 0.6095538 0.1047577 0.3746287 0.9212378 0.2692307 0.9628018 0.02296656 -0.246824 0.8826749 0.3999536 -0.2134869 0.7634577 0.6095537 -0.1047582 0.3746287 0.9212378 -0.269231 0.9628017 0.02296638 -0.2686309 0.960654 0.07057845 -0.2672333 0.9556572 0.1237159 -0.2645009 0.9458819 0.1880074 -0.2590437 0.9263671 0.2733866 -0.6492148 0.7538043 0.1014848 -0.6447224 0.7485913 0.1547394 -0.6356223 0.7380234 0.2265079 -0.6145828 0.7135934 0.3362625 -0.5523568 0.6413446 0.5325216 -0.2992723 0.347487 0.8886445 -0.6524689 0.7575825 0.0187934 -0.6514925 0.7564503 0.05779677 -0.7481313 0.49298 0.4441511 -0.4575017 0.3014702 0.8365453 -0.83492 0.550172 0.01480907 -0.8341442 0.5496606 0.04556936 -0.8323272 0.5484634 0.08012074 -0.8287246 0.5460892 0.1224828 -0.8213376 0.5412202 0.1802365 -0.8038063 0.5296694 0.2708241 -0.9142991 0.3923962 0.1004109 -0.9087973 0.3900351 0.1481893 -0.8955478 0.3843495 0.2242088 -0.851626 0.3654984 0.3756914 -0.5744586 0.2465445 0.780521 -0.9188758 0.3943609 0.01211059 -0.9183048 0.3941153 0.03727757 -0.9169648 0.39354 0.06558901 -0.655556 0.1894924 0.7309849 -0.9606194 0.2776733 0.0103904 -0.9601795 0.2775468 0.0319879 -0.9591472 0.2772483 0.05630379 -0.9570901 0.2766539 0.08626186 -0.9528294 0.2754228 0.1275083 -0.942487 0.2724316 0.1936476 -0.9073583 0.2622774 0.328499 -0.9797877 0.1844586 0.07740223 -0.9762716 0.1837956 0.1145116 -0.9676974 0.1821823 0.1742737 -0.9381743 0.1766263 0.2977113 -0.7087596 0.1334353 0.6927156 -0.9826934 0.1850053 0.009316623 -0.9823315 0.1849379 0.02868437 -0.981482 0.1847777 0.05049991 -0.7406909 0.07913631 0.667169 -0.9943031 0.1062355 0.008687436 -0.9939849 0.1062007 0.02674943 -0.9932372 0.1061208 0.04709839 -0.9917452 0.1059617 0.07220476 -0.9886458 0.1056312 0.1068721 -0.9810701 0.1048215 0.1628312 -0.9547899 0.1020109 0.2792311 -0.9940495 0.03448385 0.1033267 -0.9869241 0.03423613 0.1575081 -0.9621236 0.03337806 0.2705627 -0.7556316 0.02621442 0.6544722 -0.9993637 0.03466814 0.008396208 -0.9990648 0.03465813 0.02585285 -0.9983628 0.03463363 0.04552215 -0.9969617 0.03458476 0.06979531 -0.9993637 -0.0346688 0.008396208 -0.9990648 -0.03465813 0.02585285 -0.9983628 -0.03463363 0.04552215 -0.9969617 -0.0345847 0.06979531 -0.9940495 -0.03448385 0.1033267 -0.9869241 -0.03423613 0.1575081 -0.9621236 -0.03337806 0.2705627 -0.7556316 -0.02621442 0.6544722 -0.9886458 -0.1056312 0.1068721 -0.9810701 -0.1048215 0.1628313 -0.9547894 -0.1020141 0.2792314 -0.7406901 -0.07913869 0.6671696 -0.9943031 -0.1062356 0.008687674 -0.9939848 -0.1062014 0.02674937 -0.9932372 -0.1061208 0.04709833 -0.9917452 -0.1059626 0.07220488 -0.9823316 -0.1849372 0.02868443 -0.9814819 -0.1847786 0.05049973 -0.9797877 -0.1844585 0.07740247 -0.9762714 -0.1837968 0.1145114 -0.9676973 -0.1821824 0.1742738 -0.938175 -0.1766232 0.2977111 -0.7087615 -0.1334332 0.6927141 -0.9826934 -0.1850054 0.009316504 -0.9424864 -0.2724335 0.1936479 -0.9073582 -0.2622775 0.3284991 -0.6555559 -0.1894924 0.730985 -0.9606193 -0.2776737 0.0103904 -0.9601795 -0.277547 0.0319879 -0.9591471 -0.2772485 0.05630385 -0.9570904 -0.2766529 0.08626186 -0.9528294 -0.2754229 0.1275082 -0.9169646 -0.3935404 0.06558907 -0.9142987 -0.3923973 0.1004109 -0.9087972 -0.3900355 0.1481894 -0.8955477 -0.3843498 0.224209 -0.8516259 -0.3654989 0.3756912 -0.5744584 -0.2465447 0.7805212 -0.9188758 -0.3943611 0.01211047 -0.9183044 -0.3941161 0.03727757 -0.7481279 -0.4929838 0.4441528 -0.4574985 -0.3014717 0.8365465 -0.8349197 -0.5501726 0.01480889 -0.8341448 -0.5496598 0.04556947 -0.8323269 -0.548464 0.08012074 -0.8287246 -0.5460892 0.1224828 -0.8213369 -0.5412213 0.1802367 -0.8038076 -0.5296679 0.2708237 -0.649213 -0.7538059 0.1014851 -0.6447232 -0.7485905 0.1547392 -0.6356202 -0.7380251 0.2265084 -0.6145805 -0.7135953 0.3362628 -0.5523595 -0.6413429 0.5325208 -0.2992745 -0.3474866 0.8886438 -0.6524682 -0.7575833 0.01879316 -0.6514921 -0.7564507 0.05779677 -0.2134863 -0.7634578 0.6095538 -0.1047577 -0.3746289 0.9212378 -0.269238 -0.9627999 0.02296602 -0.26863 -0.9606542 0.07057839 -0.267243 -0.9556546 0.1237158 -0.2644999 -0.9458823 0.188007 -0.2590408 -0.9263678 0.2733873 -0.2468251 -0.8826748 0.3999531 0.2134751 -0.7634602 0.6095546 0.1047527 -0.374631 0.9212374 0.2692314 -0.9628016 0.02296686 0.2686246 -0.9606558 0.07057869 0.2672331 -0.9556573 0.1237158 0.2644967 -0.9458829 0.1880084 0.2590273 -0.9263719 0.2733861 0.2468177 -0.8826758 0.3999556 0.6145807 -0.7135945 0.3362641 0.5523585 -0.6413437 0.5325209 0.2992749 -0.3474882 0.888643 0.6524683 -0.757583 0.01879376 0.6514919 -0.7564508 0.05779695 0.6492143 -0.7538047 0.1014848 0.644723 -0.7485905 0.1547401 0.6356242 -0.7380222 0.2265064 0.8341447 -0.5496601 0.04556953 0.8323277 -0.5484628 0.08012068 0.8287241 -0.5460898 0.1224833 0.8213368 -0.5412216 0.1802358 0.8038073 -0.5296676 0.2708249 0.7481293 -0.4929824 0.4441518 0.4575012 -0.3014722 0.8365448 0.8349198 -0.5501723 0.01480931 0.8955476 -0.3843492 0.22421 0.8516272 -0.3654968 0.3756904 0.5744619 -0.2465445 0.7805186 0.9188758 -0.3943609 0.01211071 0.9183043 -0.3941165 0.03727757 0.9169645 -0.3935405 0.06558918 0.9142991 -0.3923959 0.1004113 0.9087971 -0.3900359 0.1481884 0.959147 -0.2772489 0.05630373 0.9570899 -0.2766543 0.08626234 0.95283 -0.2754213 0.1275076 0.9424863 -0.2724332 0.1936486 0.9073582 -0.2622776 0.3284991 0.6555579 -0.1894931 0.7309831 0.9606193 -0.2776735 0.01039063 0.9601795 -0.2775465 0.0319879 0.9381747 -0.1766247 0.2977111 0.7087626 -0.1334345 0.6927127 0.9826933 -0.1850056 0.009316682 0.9823316 -0.1849375 0.02868449 0.9814821 -0.1847774 0.05049979 0.9797877 -0.1844584 0.07740259 0.9762715 -0.1837965 0.114511 0.9676973 -0.1821822 0.1742745 0.9932372 -0.1061204 0.04709845 0.9917452 -0.1059617 0.07220506 0.9886458 -0.1056311 0.1068715 0.9810701 -0.1048205 0.162832 0.9547897 -0.1020134 0.279231 0.740692 -0.07913845 0.6671675 0.994303 -0.1062355 0.008687734 0.9939848 -0.1062011 0.02674949 0.9621236 -0.03337764 0.2705627 0.7556334 -0.02621412 0.6544701 0.9993636 -0.0346679 0.008396446 0.9990648 -0.03465807 0.02585285 0.9983627 -0.03463429 0.04552209 0.9969616 -0.0345844 0.06979572 0.9940496 -0.03448337 0.1033262 0.9869239 -0.0342375 0.1575084 0.9969616 0.0345844 0.06979578 0.9940495 0.03448337 0.1033262 0.9869239 0.03423756 0.1575084 0.9621236 0.03337758 0.2705628 0.7556334 0.02621412 0.6544701 0.9993636 0.0346685 0.008396446 0.9990648 0.03465807 0.02585285 0.9983627 0.03463423 0.04552209 0.740692 0.07913845 0.6671675 0.9943031 0.1062349 0.008687734 0.9939848 0.1062011 0.02674937 0.9932372 0.1061211 0.04709845 0.9917452 0.1059618 0.07220506 0.9886458 0.1056311 0.1068715 0.9810701 0.1048205 0.162832 0.9547896 0.1020135 0.279231 0.9762715 0.1837967 0.114511 0.9676973 0.1821822 0.1742745 0.9381747 0.1766247 0.2977112 0.7087626 0.1334346 0.6927127 0.9826932 0.1850063 0.009316563 0.9823316 0.1849375 0.02868455 0.981482 0.1847774 0.05049991 0.9797876 0.1844593 0.07740253 0.9606193 0.2776736 0.01039052 0.9601795 0.2775465 0.03198784 0.9591472 0.2772482 0.05630379 0.9570902 0.2766534 0.08626234 0.9528297 0.2754224 0.1275075 0.9424863 0.2724333 0.1936486 0.9073581 0.2622777 0.3284992 0.6555578 0.1894932 0.7309831 0.9087971 0.3900361 0.1481885 0.8955476 0.3843494 0.2242099 0.851625 0.3655003 0.3756919 0.5744593 0.2465463 0.78052 0.9188757 0.3943614 0.01211076 0.9183043 0.3941165 0.03727751 0.9169644 0.3935407 0.06558912 0.9142991 0.3923959 0.1004114 0.8341447 0.5496601 0.04556941 0.832327 0.5484639 0.08012074 0.8287241 0.5460898 0.1224833 0.8213372 0.5412212 0.1802359 0.8038054 0.5296701 0.2708255 0.7481313 0.4929801 0.4441511 0.4575037 0.3014715 0.8365436 0.83492 0.5501721 0.01480925 0.6145824 0.7135931 0.3362638 0.5523572 0.6413445 0.5325211 0.2992741 0.3474885 0.8886432 0.6524682 0.7575831 0.01879346 0.6514919 0.7564508 0.05779683 0.6492138 0.7538052 0.101485 0.644723 0.7485906 0.1547399 0.6356218 0.7380241 0.2265069 0.2686291 0.9606545 0.07057851 0.2672331 0.9556573 0.123716 0.2644987 0.9458823 0.188008 0.259041 0.9263682 0.2733857 0.2468244 0.8826742 0.3999547 0.2134872 0.7634578 0.6095535 0.1047587 0.3746306 0.9212369 0.26923 0.9628021 0.02296656 -0.2468246 0.8826743 0.3999547 -0.2134875 0.7634577 0.6095535 -0.1047591 0.3746306 0.9212369 -0.269231 0.9628018 0.02296644 -0.2686307 0.960654 0.07057851 -0.2672334 0.9556571 0.1237159 -0.2644999 0.945882 0.188008 -0.2590415 0.9263681 0.2733857 -0.6492143 0.7538048 0.1014848 -0.6447229 0.7485906 0.15474 -0.6356241 0.7380222 0.2265067 -0.6145813 0.7135941 0.3362637 -0.552358 0.6413439 0.5325211 -0.2992748 0.3474885 0.888643 -0.6524689 0.7575824 0.01879334 -0.6514922 0.7564505 0.05779683 -0.7481313 0.4929803 0.444151 -0.4575038 0.3014715 0.8365436 -0.83492 0.5501721 0.01480901 -0.8341442 0.5496608 0.04556941 -0.8323278 0.5484625 0.08012074 -0.8287242 0.5460898 0.1224832 -0.8213369 0.5412216 0.180236 -0.8038073 0.5296676 0.2708247 -0.9142991 0.3923959 0.1004112 -0.9087976 0.3900347 0.1481885 -0.8955475 0.3843497 0.2242097 -0.8516252 0.3654999 0.3756917 -0.5744597 0.2465462 0.7805197 -0.9188758 0.3943611 0.01211059 -0.9183045 0.3941157 0.03727757 -0.9169645 0.3935405 0.06558912 -0.6555578 0.1894932 0.730983 -0.9606196 0.2776728 0.0103904 -0.9601795 0.2775465 0.03198784 -0.9591472 0.2772482 0.05630373 -0.9570902 0.2766534 0.08626222 -0.9528296 0.2754225 0.1275076 -0.9424869 0.2724314 0.1936484 -0.9073582 0.2622778 0.3284988 -0.9797877 0.1844584 0.07740259 -0.9762717 0.1837956 0.114511 -0.9676973 0.1821823 0.1742744 -0.9381749 0.1766246 0.2977107 -0.7087626 0.1334346 0.6927126 -0.9826933 0.1850057 0.009316563 -0.9823316 0.1849375 0.02868443 -0.9814821 0.1847774 0.05049979 -0.740692 0.07913845 0.6671675 -0.9943031 0.1062349 0.008687674 -0.9939848 0.1062011 0.02674931 -0.9932372 0.1061211 0.04709833 -0.9917451 0.1059626 0.07220506 -0.9886458 0.1056312 0.1068717 -0.9810699 0.104822 0.1628318 -0.9547896 0.1020135 0.279231 -0.9940496 0.03448337 0.1033264 -0.9869241 0.03423613 0.1575085 -0.9621236 0.03337478 0.2705628 -0.7556339 0.02621197 0.6544695 -0.9993636 0.0346685 0.008396148 -0.9990648 0.03465747 0.02585297 -0.9983628 0.03463357 0.04552197 -0.9969617 0.0345844 0.0697956 -0.9993636 -0.0346685 0.008396148 -0.9990648 -0.03465747 0.02585297 -0.9983628 -0.03463357 0.04552191 -0.9969616 -0.03458517 0.0697956 -0.9940496 -0.03448337 0.1033263 -0.986924 -0.03423613 0.1575085 -0.9621236 -0.03337484 0.2705628 -0.7556339 -0.02621197 0.6544695 -0.9886458 -0.1056312 0.1068715 -0.9810699 -0.104822 0.1628319 -0.9547896 -0.1020135 0.279231 -0.740692 -0.07913851 0.6671676 -0.994303 -0.1062355 0.008687615 -0.9939848 -0.1062011 0.02674937 -0.993237 -0.1061218 0.04709827 -0.9917452 -0.1059618 0.07220524 -0.9823316 -0.1849375 0.02868443 -0.981482 -0.1847775 0.05049991 -0.9797877 -0.1844585 0.07740247 -0.9762715 -0.1837967 0.114511 -0.9676973 -0.1821823 0.1742745 -0.9381748 -0.1766248 0.2977108 -0.7087625 -0.1334346 0.6927126 -0.9826934 -0.1850051 0.009316563 -0.9424868 -0.2724316 0.1936483 -0.9073582 -0.262278 0.3284988 -0.6555578 -0.1894934 0.7309831 -0.960619 -0.2776745 0.01039022 -0.9601795 -0.2775466 0.03198802 -0.959147 -0.2772484 0.05630379 -0.9570903 -0.2766535 0.08626216 -0.9528295 -0.2754228 0.1275078 -0.9169643 -0.3935408 0.06558912 -0.9142988 -0.3923969 0.1004112 -0.9087967 -0.3900364 0.1481889 -0.8955475 -0.3843498 0.2242096 0 0 1 -0.8516249 -0.3655003 0.3756919 0 0 1 -0.5744594 -0.2465463 0.7805199 -0.9188757 -0.3943614 0.01211059 -0.9183045 -0.3941157 0.03727746 -0.7481309 -0.4929805 0.4441512 -0.4575034 -0.3014717 0.8365437 -0.83492 -0.550172 0.01480895 -0.834144 -0.549661 0.04556936 -0.832327 -0.5484639 0.08012092 -0.8287248 -0.5460889 0.1224831 -0.8213369 -0.5412216 0.1802362 -0.8038057 -0.5296699 0.2708249 -0.6492134 -0.7538056 0.101485 -0.644723 -0.7485906 0.1547396 -0.6356222 -0.7380236 0.2265073 -0.6145821 -0.7135936 0.3362634 -0.5523572 -0.6413445 0.5325212 -0.2992742 -0.3474887 0.8886432 -0.6524683 -0.757583 0.01879316 -0.6514918 -0.7564509 0.05779683 -0.2134872 -0.7634578 0.6095534 -0.1047587 -0.3746308 0.9212369 -0.2692377 -0.9627999 0.02296602 -0.2686307 -0.960654 0.07057857 -0.2672421 -0.9556547 0.1237158 -0.2644988 -0.9458824 0.1880076 -0.2590402 -0.9263682 0.2733863 -0.2468245 -0.8826745 0.3999543 0 0 1 0 0 1 0 0 1 0 0 1 0 0 1 0 0 1 0 0 1 0 0 1 0 0 1 0 0 1 0 0 1 0 0 1 0 0 1 0 0 1 0 0 1 0 0 1 0 0 1 0 0 1 0 0 1 0 0 1 0 0 1 0 0 1 0 0 1 0 0 1 0 0 1 0 0 1 0 0 1 0 0 1 0 0 1 0 0 1 -0.9987209 0 0.05056303 0.9840179 0 0.1780701 0 0 1 0.998721 0 -0.05056303 -0.9840175 0 -0.1780717 0 0 1 -0.9997465 0 -0.02251738 0 0 1 0 0 1 1 0 0 0 1 0 0 1 0 0 0 1 0 0 -1 -1 0 0 0 0 1 -0.9996436 0 0.02669805 0 -1 0 0 -1 0 0 0 1 0.2134811 -0.7634586 0.6095545 0.2692312 -0.9628016 0.02296686 0.2686313 -0.9606539 0.07057911 0.2672268 -0.9556591 0.1237155 0.2644999 -0.945882 0.1880079 0.2590407 -0.9263678 0.2733874 0.2468106 -0.8826783 0.3999545 0.6145827 -0.7135934 0.3362628 0.5523577 -0.6413439 0.5325213 0.6524687 -0.7575827 0.01879376 0.6514924 -0.7564504 0.05779689 0.6492142 -0.7538049 0.1014848 0.6447243 -0.7485895 0.1547396 0.6356214 -0.7380242 0.2265077 0.8341442 -0.5496608 0.04556947 0.8323274 -0.5484631 0.08012074 0.8287248 -0.5460891 0.1224828 0.8213371 -0.5412213 0.1802365 0.8038068 -0.5296686 0.2708241 0.7481301 -0.4929814 0.4441518 0.8349201 -0.5501719 0.01480931 0.8955475 -0.38435 0.2242093 0.8516258 -0.3654989 0.3756916 0.9188757 -0.3943613 0.01211082 0.9183047 -0.3941154 0.03727757 0.9169643 -0.393541 0.06558912 0.9142988 -0.3923971 0.1004111 0.9087975 -0.390035 0.1481891 0.9591474 -0.2772476 0.05630367 0.9570902 -0.2766537 0.0862621 0.9528296 -0.2754223 0.127508 0.942487 -0.2724316 0.1936478 0.9073583 -0.2622773 0.328499 0.9606195 -0.277673 0.01039075 0.9601794 -0.2775471 0.0319879 0.9381748 -0.1766242 0.2977111 0.9826934 -0.1850054 0.009316623 0.9823316 -0.1849372 0.02868467 0.981482 -0.184778 0.05049967 0.9797878 -0.1844578 0.07740235 0.9762715 -0.1837965 0.1145114 0.9676973 -0.1821825 0.1742741 0.9932371 -0.1061215 0.04709839 0.9917451 -0.1059621 0.07220494 0.9886458 -0.1056306 0.1068719 0.98107 -0.1048217 0.1628315 0.9547898 -0.1020136 0.279231 0.9943031 -0.1062351 0.008687734 0.9939848 -0.1062008 0.02674943 0.9621237 -0.03337579 0.2705626 0.9993636 -0.03466844 0.008396446 0.9990648 -0.03465777 0.02585279 0.9983628 -0.03463381 0.04552215 0.9969616 -0.03458505 0.06979542 0.9940496 -0.03448367 0.1033265 0.9869241 -0.0342366 0.1575083 0.9969617 0.03458505 0.06979542 0.9940496 0.03448367 0.1033264 0.9869241 0.0342366 0.1575083 0.9621237 0.03337579 0.2705626 0.9993636 0.03466844 0.008396446 0.9990648 0.03465777 0.02585279 0.9983628 0.03463381 0.04552215 0.994303 0.1062358 0.008687615 0.9939848 0.1062008 0.02674943 0.9932371 0.1061215 0.04709839 0.9917451 0.1059621 0.07220494 0.9886458 0.1056306 0.1068719 0.98107 0.1048217 0.1628315 0.9547898 0.1020136 0.279231 0.9762715 0.1837965 0.1145114 0.9676973 0.1821826 0.1742741 0.9381748 0.1766242 0.2977111 0.9826933 0.1850055 0.009316682 0.9823315 0.184938 0.02868455 0.981482 0.1847779 0.05049979 0.9797877 0.1844587 0.07740229 0.9606192 0.2776739 0.01039052 0.9601795 0.2775464 0.0319879 0.9591474 0.2772477 0.05630379 0.9570902 0.2766538 0.08626198 0.9528296 0.2754223 0.1275082 0.9424865 0.2724329 0.1936481 0.9073576 0.2622791 0.3284994 0.9087975 0.390035 0.1481891 0.895548 0.3843489 0.224209 0.8516267 0.3654974 0.3756908 0.9188758 0.394361 0.01211082 0.9183041 0.3941165 0.03727751 0.9169643 0.393541 0.06558907 0.9142991 0.3923964 0.1004109 0.834144 0.549661 0.04556936 0.8323273 0.5484634 0.08012074 0.8287246 0.5460894 0.1224828 0.821337 0.5412212 0.1802366 0.8038055 0.5296703 0.2708246 0.7481296 0.492982 0.4441521 0.8349195 0.5501727 0.01480925 0.6145821 0.7135938 0.336263 0.5523555 0.6413454 0.5325219 0.6524674 0.7575837 0.01879352 0.6514924 0.7564504 0.05779677 0.6492141 0.7538049 0.1014849 0.6447225 0.7485911 0.1547395 0.6356214 0.7380242 0.2265079 0.2686302 0.9606541 0.07057845 0.2672327 0.9556574 0.1237159 0.2644995 0.9458823 0.1880074 0.2590429 0.9263674 0.2733867 0.2468244 0.8826748 0.3999537 0.213488 0.7634575 0.6095535 0.2692288 0.9628024 0.02296638 -0.2468257 0.8826745 0.3999536 -0.213487 0.7634576 0.6095537 -0.269232 0.9628015 0.02296644 -0.2686305 0.9606541 0.07057845 -0.2672336 0.9556571 0.1237159 -0.2644999 0.9458821 0.1880074 -0.259044 0.9263671 0.2733866 -0.6492141 0.7538049 0.1014848 -0.6447238 0.7485899 0.1547394 -0.6356214 0.7380242 0.2265079 -0.6145824 0.7135937 0.3362627 -0.5523577 0.6413439 0.5325213 -0.6524687 0.7575827 0.0187934 -0.6514933 0.7564497 0.05779683 -0.7481301 0.4929814 0.4441518 -0.8349204 0.5501714 0.01480919 -0.8341442 0.5496608 0.04556936 -0.8323273 0.5484634 0.08012074 -0.8287246 0.5460894 0.1224828 -0.821337 0.5412212 0.1802366 -0.803807 0.5296685 0.2708239 -0.9142992 0.392396 0.1004109 -0.9087974 0.3900349 0.1481893 -0.8955481 0.3843488 0.2242087 -0.8516256 0.3654991 0.3756917 -0.918876 0.3943606 0.01211065 -0.9183045 0.3941158 0.03727751 -0.9169647 0.3935402 0.06558901 -0.9606195 0.2776731 0.01039046 -0.9601796 0.2775462 0.03198796 -0.9591472 0.2772485 0.05630379 -0.9570902 0.2766537 0.08626186 -0.9528296 0.2754223 0.1275084 -0.9424865 0.272433 0.1936477 -0.9073583 0.2622774 0.328499 -0.9797877 0.1844587 0.07740223 -0.9762715 0.1837965 0.1145114 -0.9676976 0.1821814 0.1742737 -0.9381748 0.1766242 0.2977111 -0.9826933 0.1850055 0.009316563 -0.9823317 0.1849372 0.02868449 -0.981482 0.184778 0.05049985 -0.9943032 0.1062346 0.008687674 -0.9939847 0.1062015 0.02674925 -0.9932372 0.1061208 0.04709839 -0.9917453 0.1059614 0.07220488 -0.9886458 0.1056306 0.1068722 -0.9810701 0.1048218 0.1628312 -0.9547896 0.1020136 0.279231 -0.9940495 0.03448367 0.1033267 -0.9869241 0.03423666 0.157508 -0.9621235 0.03337579 0.270563 -0.9993636 0.0346685 0.008396148 -0.9990648 0.03465777 0.02585297 -0.9983628 0.03463381 0.04552215 -0.9969616 0.03458505 0.06979519 -0.9993636 -0.0346685 0.008396327 -0.9990648 -0.03465843 0.02585285 -0.9983628 -0.03463381 0.04552215 -0.9969616 -0.03458505 0.06979519 -0.9940495 -0.03448367 0.1033267 -0.9869241 -0.03423666 0.157508 -0.9621236 -0.03337585 0.270563 -0.9886457 -0.1056315 0.106872 -0.9810699 -0.1048218 0.1628313 -0.9547895 -0.1020136 0.2792315 -0.994303 -0.1062359 0.008687615 -0.9939848 -0.1062015 0.02674931 -0.9932371 -0.1061215 0.04709821 -0.9917453 -0.1059614 0.07220506 -0.9823316 -0.1849373 0.02868443 -0.9814822 -0.1847773 0.05049991 -0.9797875 -0.1844596 0.07740235 -0.9762715 -0.1837965 0.1145114 -0.9676973 -0.1821827 0.1742738 -0.9381748 -0.1766244 0.2977111 -0.9826933 -0.1850057 0.009316504 -0.9424865 -0.2724332 0.1936479 -0.9073576 -0.2622792 0.3284995 -0.9606191 -0.2776742 0.01039028 -0.9601795 -0.2775467 0.03198796 -0.9591471 -0.2772485 0.05630385 -0.9570902 -0.2766539 0.08626174 -0.9528298 -0.2754214 0.1275083 -0.9169643 -0.393541 0.06558901 -0.9142991 -0.3923964 0.1004109 -0.9087969 -0.390036 0.1481894 -0.8955479 -0.3843492 0.2242089 -0.8516256 -0.3654994 0.3756914 -0.9188756 -0.3943614 0.01211047 -0.9183045 -0.3941159 0.03727763 -0.7481312 -0.49298 0.4441512 -0.8349198 -0.5501724 0.01480889 -0.8341438 -0.5496612 0.0455693 -0.8323278 -0.5484625 0.0801208 -0.8287242 -0.54609 0.1224828 -0.821337 -0.5412212 0.1802367 -0.8038063 -0.5296695 0.270824 -0.6492137 -0.7538053 0.1014851 -0.6447221 -0.7485915 0.1547392 -0.6356223 -0.7380233 0.2265083 -0.6145802 -0.7135954 0.3362629 -0.5523555 -0.6413454 0.5325219 -0.6524671 -0.757584 0.01879304 -0.6514924 -0.7564504 0.05779677 -0.213488 -0.7634575 0.6095535 -0.2692464 -0.9627974 0.02296674 -0.2686374 -0.9606522 0.07057893 -0.2672327 -0.9556574 0.1237152 -0.2645094 -0.9458794 0.1880074 -0.2590429 -0.9263672 0.2733874 -0.2468231 -0.8826754 0.3999531 0.2134815 -0.7634587 0.6095542 0.2692307 -0.9628018 0.0229668 0.2686309 -0.960654 0.07057917 0.2672273 -0.955659 0.1237155 0.2644996 -0.945882 0.1880085 0.2590399 -0.9263683 0.2733864 0.2468098 -0.882678 0.3999558 0.6145837 -0.7135921 0.3362635 0.5523563 -0.641345 0.5325216 0.6524683 -0.757583 0.01879376 0.6514927 -0.7564502 0.05779701 0.6492136 -0.7538054 0.1014848 0.6447234 -0.7485902 0.1547401 0.6356223 -0.7380237 0.2265065 0.834144 -0.549661 0.04556947 0.8323277 -0.5484628 0.08012068 0.8287249 -0.5460887 0.1224833 0.8213368 -0.5412219 0.1802358 0.8038059 -0.5296695 0.2708252 0.7481314 -0.4929801 0.444151 0.8349202 -0.5501716 0.01480942 0.8955475 -0.3843494 0.2242101 0.8516259 -0.3654989 0.3756911 0.9188762 -0.3943602 0.01211088 0.9183045 -0.3941157 0.03727763 0.9169642 -0.3935413 0.06558912 0.914299 -0.3923965 0.1004113 0.9087976 -0.3900348 0.1481884 0.9591472 -0.2772481 0.05630385 0.95709 -0.2766543 0.08626234 0.9528295 -0.2754228 0.1275075 0.9424868 -0.2724316 0.1936485 0.9073576 -0.262279 0.3284994 0.9606192 -0.2776739 0.01039052 0.9601795 -0.2775464 0.0319879 0.9381749 -0.1766241 0.2977111 0.9826934 -0.1850053 0.009316742 0.9823315 -0.1849375 0.02868449 0.9814821 -0.1847776 0.05049979 0.9797877 -0.1844584 0.07740259 0.9762715 -0.1837965 0.114511 0.9676973 -0.1821823 0.1742745 0.9932371 -0.1061212 0.04709827 0.9917452 -0.105961 0.07220518 0.9886458 -0.1056306 0.1068716 0.9810699 -0.1048217 0.1628319 0.9547898 -0.1020126 0.279231 0.9943031 -0.1062355 0.008687734 0.9939848 -0.1062014 0.02674937 0.9621236 -0.03337723 0.2705628 0.9993637 -0.03466802 0.008396387 0.9990648 -0.03465753 0.02585297 0.9983628 -0.03463375 0.04552221 0.9969616 -0.03458565 0.06979548 0.9940496 -0.03448337 0.1033262 0.9869239 -0.03423619 0.1575087 0.9969616 0.03458565 0.06979548 0.9940496 0.03448337 0.1033262 0.9869239 0.03423619 0.1575087 0.9621236 0.03337723 0.2705628 0.9993637 0.03466862 0.008396387 0.9990648 0.03465813 0.02585285 0.9983628 0.03463375 0.04552221 0.9943031 0.1062355 0.008687615 0.9939848 0.1062008 0.02674943 0.9932371 0.1061212 0.04709839 0.9917452 0.1059617 0.07220512 0.9886459 0.1056306 0.1068716 0.9810699 0.1048217 0.1628319 0.9547898 0.1020126 0.279231 0.9762713 0.1837973 0.1145109 0.9676973 0.1821824 0.1742745 0.9381749 0.1766242 0.2977111 0.9826932 0.1850059 0.009316623 0.9823315 0.1849382 0.02868443 0.9814821 0.1847776 0.05049991 0.9797877 0.1844585 0.07740265 0.9606193 0.2776734 0.01039052 0.9601795 0.2775465 0.03198784 0.9591472 0.2772481 0.05630379 0.9570901 0.2766536 0.08626228 0.9528298 0.2754219 0.1275075 0.9424865 0.2724326 0.1936486 0.9073576 0.2622791 0.3284995 0.9087976 0.3900348 0.1481885 0.8955475 0.3843496 0.2242099 0.8516258 0.3654991 0.3756915 0.9188757 0.3943613 0.01211076 0.9183043 0.3941162 0.03727751 0.9169642 0.3935413 0.06558907 0.9142988 0.3923967 0.1004113 0.8341441 0.5496608 0.0455693 0.8323277 0.5484628 0.0801208 0.8287242 0.5460898 0.1224833 0.8213368 0.5412219 0.1802359 0.8038061 0.5296691 0.2708253 0.7481294 0.4929822 0.4441519 0.8349196 0.5501726 0.01480919 0.6145814 0.7135939 0.336264 0.5523579 0.6413441 0.532521 0.6524682 0.7575831 0.01879346 0.6514925 0.7564502 0.05779689 0.6492136 0.7538054 0.101485 0.6447228 0.7485907 0.1547399 0.6356223 0.7380237 0.2265069 0.2686294 0.9606544 0.07057851 0.2672319 0.9556576 0.1237159 0.2644997 0.9458822 0.188008 0.2590419 0.9263679 0.2733857 0.2468229 0.8826747 0.3999549 0.2134876 0.7634577 0.6095534 0.2692293 0.9628022 0.0229665 -0.2468234 0.8826746 0.3999548 -0.2134876 0.7634577 0.6095534 -0.2692321 0.9628014 0.02296656 -0.2686305 0.9606542 0.07057851 -0.2672334 0.9556572 0.1237159 -0.2645 0.945882 0.188008 -0.2590429 0.9263677 0.2733857 -0.6492138 0.7538051 0.1014848 -0.6447233 0.7485903 0.15474 -0.6356223 0.7380237 0.2265068 -0.6145838 0.7135922 0.3362633 -0.5523567 0.6413447 0.5325214 -0.6524696 0.7575818 0.01879346 -0.6514933 0.7564496 0.05779695 -0.7481314 0.4929801 0.4441509 -0.8349204 0.5501714 0.01480913 -0.8341441 0.5496608 0.04556941 -0.8323272 0.5484635 0.08012068 -0.8287251 0.5460885 0.1224832 -0.8213367 0.5412218 0.180236 -0.803806 0.5296696 0.270825 -0.914299 0.3923965 0.1004112 -0.9087976 0.3900348 0.1481885 -0.8955482 0.3843483 0.2242096 -0.8516255 0.3654994 0.3756916 -0.9188758 0.3943608 0.01211059 -0.9183045 0.3941159 0.03727757 -0.9169645 0.3935406 0.06558907 -0.9606195 0.2776728 0.0103904 -0.9601797 0.2775457 0.03198796 -0.9591472 0.2772481 0.05630373 -0.9570901 0.2766536 0.08626222 -0.9528298 0.2754219 0.1275076 -0.9424864 0.2724327 0.1936484 -0.9073584 0.2622774 0.3284987 -0.9797877 0.1844584 0.07740259 -0.9762715 0.1837965 0.1145108 -0.9676975 0.1821813 0.1742744 -0.9381749 0.1766242 0.2977107 -0.9826933 0.1850058 0.009316563 -0.9823316 0.1849375 0.02868443 -0.9814821 0.1847776 0.05049979 -0.9943031 0.1062349 0.008687674 -0.9939849 0.1062009 0.02674937 -0.9932372 0.1061213 0.04709833 -0.9917452 0.1059617 0.07220524 -0.9886458 0.1056315 0.1068717 -0.9810699 0.1048218 0.1628319 -0.9547896 0.1020141 0.279231 -0.9940496 0.03448337 0.1033264 -0.986924 0.03423619 0.1575084 -0.9621236 0.03337579 0.2705626 -0.9993637 0.03466749 0.008396387 -0.9990648 0.03465813 0.02585285 -0.9983628 0.03463315 0.04552203 -0.9969617 0.03458499 0.06979542 -0.9993637 -0.03466808 0.008396267 -0.9990648 -0.03465813 0.02585285 -0.9983628 -0.03463315 0.04552203 -0.9969616 -0.03458499 0.06979566 -0.9940496 -0.0344842 0.1033262 -0.986924 -0.03423619 0.1575085 -0.9621236 -0.03337579 0.2705626 -0.9886459 -0.1056306 0.1068716 -0.9810699 -0.1048218 0.1628319 -0.9547896 -0.1020141 0.279231 -0.9943031 -0.1062356 0.008687615 -0.9939848 -0.1062015 0.02674931 -0.9932371 -0.1061213 0.04709839 -0.9917451 -0.1059625 0.07220512 -0.9823316 -0.184937 0.02868455 -0.9814821 -0.1847776 0.05049985 -0.9797877 -0.1844586 0.07740247 -0.9762715 -0.1837965 0.114511 -0.9676972 -0.1821825 0.1742745 -0.9381749 -0.1766243 0.2977107 -0.9826932 -0.185006 0.009316325 -0.9424864 -0.2724331 0.1936483 -0.9073583 -0.2622775 0.3284987 -0.9606192 -0.2776737 0.0103904 -0.9601792 -0.2775474 0.0319879 -0.9591472 -0.2772482 0.05630385 -0.9570901 -0.2766538 0.0862621 -0.9528298 -0.275422 0.1275078 -0.9169645 -0.3935406 0.06558918 -0.9142988 -0.3923969 0.1004112 -0.9087971 -0.3900358 0.1481889 -0.8955475 -0.38435 0.2242096 0 0 1 -0.8516255 -0.3654994 0.3756917 0 0 1 -0.9188755 -0.3943616 0.01211053 -0.9183043 -0.3941162 0.0372774 -0.7481296 -0.492982 0.4441518 -0.8349197 -0.5501726 0.01480889 -0.8341441 -0.5496608 0.04556936 -0.832327 -0.5484637 0.08012092 -0.8287242 -0.5460898 0.122483 -0.8213373 -0.5412209 0.1802361 -0.803806 -0.5296696 0.2708249 -0.6492134 -0.7538055 0.101485 -0.6447224 -0.7485911 0.1547396 -0.6356222 -0.7380236 0.2265073 -0.6145819 -0.7135937 0.3362634 -0.5523574 -0.6413443 0.5325211 -0.6524674 -0.7575837 0.0187931 -0.6514927 -0.7564502 0.05779689 -0.2134876 -0.7634577 0.6095533 -0.2692458 -0.9627977 0.02296668 -0.2686371 -0.9606523 0.07057905 -0.2672334 -0.9556573 0.1237152 -0.2645086 -0.9458796 0.188008 -0.2590419 -0.9263678 0.2733863 -0.2468223 -0.8826751 0.3999543 0 0 1 0 0 1 0 0 1 0 0 1 0 0 1 0 0 1 0 0 1 0 0 1 0 0 1 0 0 1 0 0 1 0 0 1 0 0 1 0 0 1 0 0 1 0 0 1 0 0 1 0 0 1 0 0 1 0 0 1 0 0 1 0 0 1 0 0 1 0 0 1 0 0 1 0 0 1 0 0 1 0 0 1 0 0 1 0 0 1 -0.9987209 0 0.05056303 0.9840179 0 0.1780701 0 1 0 0 1 0 0 1 0 0.998721 0 -0.05056303 -0.9840175 0 -0.1780717 0 0 1 -0.9997465 0 -0.02251738 0 -1 0 0 -1 0 0 -1 0</float_array>
          <technique_common>
            <accessor source="#Cube_005-mesh-normals-array" count="1064" stride="3">
              <param name="X" type="float"/>
              <param name="Y" type="float"/>
              <param name="Z" type="float"/>
            </accessor>
          </technique_common>
        </source>
        <source id="Cube_005-mesh-map-0">
          <float_array id="Cube_005-mesh-map-0-array" count="6384">0.870437 0.5 0.625 0.75 0.625 0.5 0.625 0.5 0.375 0.75 0.375 0.5 0.4541485 0.25 0.625 0.254563 0.625 0.5 0.375 0.5 0.125 0.75 0.125 0.5 0.375 0 0.4541485 0.25 0.375 0.25 0.625 0.25 0.625 0 0.625 0 0.4541485 0 0.625 0.25 0.4541485 0.25 0.625 0.75 0.625 0.995437 0.4541485 1 0.75 0.06249988 0.71875 0.125 0.71875 0.06249994 0.734375 0 0.75 0.06249988 0.71875 0.06249994 0.75 0.4375 0.71875 0.5 0.71875 0.4375 0.75 0.375 0.71875 0.4375 0.71875 0.375 0.75 0.3125001 0.71875 0.375 0.71875 0.3125 0.75 0.2499999 0.71875 0.3125 0.71875 0.25 0.75 0.1874998 0.71875 0.25 0.71875 0.1875 0.75 0.125 0.71875 0.1875 0.71875 0.125 0.71875 0.125 0.6875 0.1875 0.6875 0.125 0.71875 0.06249994 0.6875 0.125 0.6875 0.06249994 0.703125 0 0.71875 0.06249994 0.6875 0.06249994 0.71875 0.4375 0.6875 0.5 0.6875 0.4375 0.71875 0.375 0.6875 0.4375 0.6875 0.375 0.71875 0.3125 0.6875 0.375 0.6875 0.3125 0.71875 0.25 0.6875 0.3125 0.6875 0.25 0.71875 0.1875 0.6875 0.25 0.6875 0.1875 0.6875 0.375 0.65625 0.4375 0.65625 0.375 0.6875 0.3125 0.65625 0.375 0.65625 0.3125 0.6875 0.25 0.65625 0.3125 0.65625 0.25 0.6875 0.1875 0.65625 0.25 0.65625 0.1875 0.6875 0.125 0.65625 0.1875 0.65625 0.125 0.6875 0.06249994 0.65625 0.125 0.65625 0.06249994 0.671875 0 0.6875 0.06249994 0.65625 0.06249994 0.6875 0.4375 0.65625 0.5 0.65625 0.4375 0.65625 0.125 0.625 0.1875 0.625 0.125 0.65625 0.06249994 0.625 0.125 0.625 0.06249994 0.640625 0 0.65625 0.06249994 0.625 0.06249994 0.65625 0.4375 0.625 0.5 0.625 0.4375 0.65625 0.375 0.625 0.4375 0.625 0.375 0.65625 0.3125 0.625 0.375 0.625 0.3125 0.65625 0.25 0.625 0.3125 0.625 0.25 0.65625 0.1875 0.625 0.25 0.625 0.1875 0.625 0.3125 0.59375 0.375 0.59375 0.3125 0.625 0.25 0.59375 0.3125 0.59375 0.25 0.625 0.1875 0.59375 0.25 0.59375 0.1875 0.625 0.125 0.59375 0.1875 0.59375 0.125 0.625 0.06249994 0.59375 0.125 0.59375 0.06249994 0.609375 0 0.625 0.06249994 0.59375 0.06249994 0.625 0.4375 0.59375 0.5 0.59375 0.4375 0.625 0.375 0.59375 0.4375 0.59375 0.375 0.59375 0.06249994 0.5625 0.125 0.5625 0.06249994 0.578125 0 0.59375 0.06249994 0.5625 0.06249994 0.59375 0.4375 0.5625 0.5 0.5625 0.4375 0.59375 0.375 0.5625 0.4375 0.5625 0.375 0.59375 0.3125 0.5625 0.375 0.5625 0.3125 0.59375 0.25 0.5625 0.3125 0.5625 0.25 0.59375 0.1875 0.5625 0.25 0.5625 0.1875 0.59375 0.125 0.5625 0.1875 0.5625 0.125 0.5625 0.3125 0.53125 0.375 0.53125 0.3125 0.5625 0.25 0.53125 0.3125 0.53125 0.25 0.5625 0.1875 0.53125 0.25 0.53125 0.1875 0.5625 0.125 0.53125 0.1875 0.53125 0.125 0.5625 0.06249994 0.53125 0.125 0.53125 0.06249994 0.546875 0 0.5625 0.06249994 0.53125 0.06249994 0.5625 0.4375 0.53125 0.5 0.53125 0.4375 0.5625 0.375 0.53125 0.4375 0.53125 0.375 0.53125 0.06249994 0.5 0.125 0.5 0.06249994 0.515625 0 0.53125 0.06249994 0.5 0.06249994 0.53125 0.4375 0.5 0.5 0.5 0.4375 0.53125 0.375 0.5 0.4375 0.5 0.375 0.53125 0.3125 0.5 0.375 0.5 0.3125 0.53125 0.25 0.5 0.3125 0.5 0.25 0.53125 0.1875 0.5 0.25 0.5 0.1875 0.53125 0.125 0.5 0.1875 0.5 0.125 0.5 0.3125 0.46875 0.25 0.5 0.25 0.5 0.25 0.46875 0.1875 0.5 0.1875 0.5 0.1875 0.46875 0.125 0.5 0.125 0.5 0.125 0.46875 0.06249994 0.5 0.06249994 0.484375 0 0.5 0.06249994 0.46875 0.06249994 0.5 0.5 0.46875 0.4375 0.5 0.4375 0.5 0.4375 0.46875 0.375 0.5 0.375 0.5 0.375 0.46875 0.3125 0.5 0.3125 0.453125 0 0.46875 0.06249994 0.4375 0.06249994 0.46875 0.5 0.4375 0.4375 0.46875 0.4375 0.46875 0.4375 0.4375 0.375 0.46875 0.375 0.46875 0.375 0.4375 0.3125 0.46875 0.3125 0.46875 0.3125 0.4375 0.25 0.46875 0.25 0.46875 0.25 0.4375 0.1875 0.46875 0.1875 0.46875 0.1875 0.4375 0.125 0.46875 0.125 0.46875 0.125 0.4375 0.06249994 0.46875 0.06249994 0.4375 0.25 0.40625 0.1875 0.4375 0.1875 0.4375 0.1875 0.40625 0.125 0.4375 0.125 0.4375 0.125 0.40625 0.06249994 0.4375 0.06249994 0.421875 0 0.4375 0.06249994 0.40625 0.06249994 0.4375 0.5 0.40625 0.4375 0.4375 0.4375 0.4375 0.4375 0.40625 0.375 0.4375 0.375 0.4375 0.375 0.40625 0.3125 0.4375 0.3125 0.4375 0.3125 0.40625 0.25 0.4375 0.25 0.40625 0.5 0.375 0.4375 0.40625 0.4375 0.40625 0.4375 0.375 0.375 0.40625 0.375 0.40625 0.375 0.375 0.3125 0.40625 0.3125 0.40625 0.3125 0.375 0.25 0.40625 0.25 0.40625 0.25 0.375 0.1875 0.40625 0.1875 0.40625 0.1875 0.375 0.125 0.40625 0.125 0.40625 0.125 0.375 0.06249994 0.40625 0.06249994 0.390625 0 0.40625 0.06249994 0.375 0.06249994 0.375 0.25 0.34375 0.1875 0.375 0.1875 0.375 0.1875 0.34375 0.125 0.375 0.125 0.375 0.125 0.34375 0.06249994 0.375 0.06249994 0.359375 0 0.375 0.06249994 0.34375 0.06249994 0.375 0.5 0.34375 0.4375 0.375 0.4375 0.375 0.4375 0.34375 0.375 0.375 0.375 0.375 0.375 0.34375 0.3125 0.375 0.3125 0.375 0.3125 0.34375 0.25 0.375 0.25 0.34375 0.4375 0.3125 0.375 0.34375 0.375 0.34375 0.375 0.3125 0.3125 0.34375 0.3125 0.34375 0.3125 0.3125 0.25 0.34375 0.25 0.34375 0.25 0.3125 0.1875 0.34375 0.1875 0.34375 0.1875 0.3125 0.125 0.34375 0.125 0.34375 0.125 0.3125 0.06249994 0.34375 0.06249994 0.328125 0 0.34375 0.06249994 0.3125 0.06249994 0.34375 0.5 0.3125 0.4375 0.34375 0.4375 0.3125 0.1875 0.28125 0.125 0.3125 0.125 0.3125 0.125 0.28125 0.06249994 0.3125 0.06249994 0.296875 0 0.3125 0.06249994 0.28125 0.06249994 0.3125 0.5 0.28125 0.4375 0.3125 0.4375 0.3125 0.4375 0.28125 0.375 0.3125 0.375 0.3125 0.375 0.28125 0.3125 0.3125 0.3125 0.3125 0.3125 0.28125 0.25 0.3125 0.25 0.3125 0.25 0.28125 0.1875 0.3125 0.1875 0.28125 0.4375 0.25 0.375 0.28125 0.375 0.28125 0.375 0.25 0.3125 0.28125 0.3125 0.28125 0.3125 0.25 0.25 0.28125 0.25 0.28125 0.25 0.25 0.1875 0.28125 0.1875 0.28125 0.1875 0.25 0.125 0.28125 0.125 0.28125 0.125 0.25 0.06249994 0.28125 0.06249994 0.265625 0 0.28125 0.06249994 0.25 0.06249994 0.28125 0.5 0.25 0.4375 0.28125 0.4375 0.25 0.125 0.21875 0.1875 0.21875 0.125 0.25 0.06249994 0.21875 0.125 0.21875 0.06249994 0.234375 0 0.25 0.06249994 0.21875 0.06249994 0.25 0.4375 0.2187499 0.5 0.21875 0.4375 0.25 0.375 0.21875 0.4375 0.21875 0.375 0.25 0.3125 0.21875 0.375 0.21875 0.3125 0.25 0.25 0.21875 0.3125 0.21875 0.25 0.25 0.1875 0.21875 0.25 0.21875 0.1875 0.21875 0.3125 0.1875 0.375 0.1875 0.3125 0.21875 0.25 0.1875 0.3125 0.1875 0.25 0.21875 0.1875 0.1875 0.25 0.1875 0.1875 0.21875 0.125 0.1875 0.1875 0.1875 0.125 0.21875 0.06249994 0.1875 0.125 0.1875 0.06249994 0.203125 0 0.21875 0.06249994 0.1875 0.06249994 0.21875 0.4375 0.1875 0.5 0.1875 0.4375 0.21875 0.375 0.1875 0.4375 0.1875 0.375 0.1875 0.06249994 0.15625 0.125 0.15625 0.06249994 0.171875 0 0.1875 0.06249994 0.15625 0.06249994 0.1875 0.4375 0.1562499 0.5 0.15625 0.4375 0.1875 0.375 0.15625 0.4375 0.15625 0.375 0.1875 0.3125 0.15625 0.375 0.15625 0.3125 0.1875 0.25 0.15625 0.3125 0.15625 0.25 0.1875 0.1875 0.15625 0.25 0.15625 0.1874999 0.1875 0.125 0.15625 0.1874999 0.15625 0.125 0.15625 0.25 0.125 0.3125 0.125 0.25 0.15625 0.1874999 0.125 0.25 0.125 0.1874999 0.15625 0.125 0.125 0.1874999 0.125 0.125 0.15625 0.06249994 0.125 0.125 0.125 0.06249994 0.140625 0 0.15625 0.06249994 0.125 0.06249994 0.15625 0.4375 0.1249999 0.5 0.125 0.4375 0.15625 0.375 0.125 0.4375 0.125 0.375 0.15625 0.3125 0.125 0.375 0.125 0.3125 0.109375 0 0.125 0.06249994 0.09375 0.06249994 0.125 0.4375 0.09374994 0.5 0.09374994 0.4375 0.125 0.375 0.09374994 0.4375 0.09375 0.375 0.125 0.3125 0.09375 0.375 0.09375 0.3125 0.125 0.25 0.09375 0.3125 0.09375 0.2499999 0.125 0.1874999 0.09375 0.2499999 0.09374994 0.1874999 0.125 0.125 0.09374994 0.1874999 0.09375 0.125 0.125 0.06249994 0.09375 0.125 0.09375 0.06249994 0.09375 0.2499999 0.0625 0.3124999 0.0625 0.25 0.09374994 0.1874999 0.0625 0.25 0.0625 0.1874999 0.09375 0.125 0.0625 0.1874999 0.0625 0.125 0.09375 0.06249994 0.0625 0.125 0.0625 0.06249994 0.078125 0 0.09375 0.06249994 0.0625 0.06249994 0.09374994 0.4375 0.06249994 0.5 0.0625 0.4375 0.09375 0.375 0.0625 0.4375 0.0625 0.375 0.09375 0.3125 0.0625 0.375 0.0625 0.3124999 0.04687494 0 0.0625 0.06249994 0.03125 0.06249994 0.0625 0.4375 0.03124994 0.5 0.03124994 0.4375 0.0625 0.375 0.03124994 0.4375 0.03125 0.375 0.0625 0.3124999 0.03125 0.375 0.03124994 0.3125 0.0625 0.25 0.03124994 0.3125 0.03125 0.25 0.0625 0.1874999 0.03125 0.25 0.03124994 0.1874999 0.0625 0.125 0.03124994 0.1874999 0.03124994 0.125 0.0625 0.06249994 0.03124994 0.125 0.03125 0.06249994 0.03124994 0.1874999 0 0.2499999 0 0.1874999 0.03124994 0.125 0 0.1874999 0 0.125 0.03125 0.06249994 0 0.125 0 0.06249994 0.015625 0 0.03125 0.06249994 0 0.06249994 0.03124994 0.4375 0 0.5 0 0.4375 0.03125 0.375 0 0.4375 0 0.375 0.03124994 0.3125 0 0.375 0 0.3125 0.03125 0.25 0 0.3125 0 0.2499999 1 0.5 0.96875 0.4375 1 0.4375 1 0.4375 0.96875 0.375 1 0.375 1 0.375 0.96875 0.3124999 1 0.3125 1 0.3125 0.96875 0.2499999 1 0.2499999 1 0.2499999 0.96875 0.1874999 1 0.1874999 1 0.1874999 0.96875 0.125 1 0.125 1 0.125 0.96875 0.06249994 1 0.06249994 0.984375 0 1 0.06249994 0.96875 0.06249994 0.96875 0.2499999 0.9375 0.1874999 0.96875 0.1874999 0.96875 0.1874999 0.9375 0.125 0.96875 0.125 0.96875 0.125 0.9375 0.06249994 0.96875 0.06249994 0.953125 0 0.96875 0.06249994 0.9375 0.06249994 0.9687499 0.5 0.9375 0.4375 0.96875 0.4375 0.96875 0.4375 0.9375 0.375 0.96875 0.375 0.96875 0.375 0.9375 0.3124999 0.96875 0.3124999 0.96875 0.3124999 0.9375 0.2499999 0.96875 0.2499999 0.9375 0.4375 0.90625 0.375 0.9375 0.375 0.9375 0.375 0.90625 0.3124999 0.9375 0.3124999 0.9375 0.3124999 0.90625 0.2499999 0.9375 0.2499999 0.9375 0.2499999 0.90625 0.1874999 0.9375 0.1874999 0.9375 0.1874999 0.90625 0.125 0.9375 0.125 0.9375 0.125 0.90625 0.06249994 0.9375 0.06249994 0.921875 0 0.9375 0.06249994 0.90625 0.06249994 0.9374999 0.5 0.90625 0.4375 0.9375 0.4375 0.90625 0.1874999 0.875 0.125 0.90625 0.125 0.90625 0.125 0.875 0.06249994 0.90625 0.06249994 0.890625 0 0.90625 0.06249994 0.875 0.06249994 0.90625 0.5 0.875 0.4375 0.90625 0.4375 0.90625 0.4375 0.875 0.375 0.90625 0.375 0.90625 0.375 0.875 0.3124999 0.90625 0.3124999 0.90625 0.3124999 0.875 0.2499999 0.90625 0.2499999 0.90625 0.2499999 0.8749999 0.1874999 0.90625 0.1874999 0.875 0.375 0.84375 0.3124999 0.875 0.3124999 0.875 0.3124999 0.84375 0.2499999 0.875 0.2499999 0.875 0.2499999 0.84375 0.1874998 0.8749999 0.1874999 0.8749999 0.1874999 0.84375 0.125 0.875 0.125 0.875 0.125 0.84375 0.06249994 0.875 0.06249994 0.859375 0 0.875 0.06249994 0.84375 0.06249994 0.8749999 0.5 0.84375 0.4375 0.875 0.4375 0.875 0.4375 0.84375 0.375 0.875 0.375 0.84375 0.125 0.8125 0.06249988 0.84375 0.06249994 0.828125 0 0.84375 0.06249994 0.8125 0.06249988 0.8437499 0.5 0.8125 0.4375 0.84375 0.4375 0.84375 0.4375 0.8125 0.375 0.84375 0.375 0.84375 0.375 0.8125 0.3124999 0.84375 0.3124999 0.84375 0.3124999 0.8125 0.2499999 0.84375 0.2499999 0.84375 0.2499999 0.8125 0.1874998 0.84375 0.1874998 0.84375 0.1874998 0.8125 0.125 0.84375 0.125 0.8125 0.375 0.78125 0.3124999 0.8125 0.3124999 0.8125 0.3124999 0.78125 0.25 0.8125 0.2499999 0.8125 0.2499999 0.78125 0.1874998 0.8125 0.1874998 0.8125 0.1874998 0.78125 0.125 0.8125 0.125 0.8125 0.125 0.78125 0.06249988 0.8125 0.06249988 0.796875 0 0.8125 0.06249988 0.78125 0.06249988 0.8125 0.5 0.78125 0.4375 0.8125 0.4375 0.8125 0.4375 0.78125 0.375 0.8125 0.375 0.78125 0.125 0.75 0.06249988 0.78125 0.06249988 0.765625 0 0.78125 0.06249988 0.75 0.06249988 0.7812499 0.5 0.75 0.4375 0.78125 0.4375 0.78125 0.4375 0.75 0.375 0.78125 0.375 0.78125 0.375 0.75 0.3125001 0.78125 0.3124999 0.78125 0.3124999 0.75 0.2499999 0.78125 0.25 0.78125 0.25 0.75 0.1874998 0.78125 0.1874998 0.78125 0.1874998 0.75 0.125 0.78125 0.125 0.75 0.06249988 0.71875 0.125 0.71875 0.06249994 0.734375 0 0.75 0.06249988 0.71875 0.06249994 0.75 0.4375 0.71875 0.5 0.71875 0.4375 0.75 0.375 0.71875 0.4375 0.71875 0.375 0.75 0.3125001 0.71875 0.375 0.71875 0.3125 0.75 0.2499999 0.71875 0.3125 0.71875 0.25 0.75 0.1874998 0.71875 0.25 0.71875 0.1875 0.75 0.125 0.71875 0.1875 0.71875 0.125 0.71875 0.125 0.6875 0.1875 0.6875 0.125 0.71875 0.06249994 0.6875 0.125 0.6875 0.06249994 0.703125 0 0.71875 0.06249994 0.6875 0.06249994 0.71875 0.4375 0.6875 0.5 0.6875 0.4375 0.71875 0.375 0.6875 0.4375 0.6875 0.375 0.71875 0.3125 0.6875 0.375 0.6875 0.3125 0.71875 0.25 0.6875 0.3125 0.6875 0.25 0.71875 0.1875 0.6875 0.25 0.6875 0.1875 0.6875 0.375 0.65625 0.4375 0.65625 0.375 0.6875 0.3125 0.65625 0.375 0.65625 0.3125 0.6875 0.25 0.65625 0.3125 0.65625 0.25 0.6875 0.1875 0.65625 0.25 0.65625 0.1875 0.6875 0.125 0.65625 0.1875 0.65625 0.125 0.6875 0.06249994 0.65625 0.125 0.65625 0.06249994 0.671875 0 0.6875 0.06249994 0.65625 0.06249994 0.6875 0.4375 0.65625 0.5 0.65625 0.4375 0.65625 0.125 0.625 0.1875 0.625 0.125 0.65625 0.06249994 0.625 0.125 0.625 0.06249994 0.640625 0 0.65625 0.06249994 0.625 0.06249994 0.65625 0.4375 0.625 0.5 0.625 0.4375 0.65625 0.375 0.625 0.4375 0.625 0.375 0.65625 0.3125 0.625 0.375 0.625 0.3125 0.65625 0.25 0.625 0.3125 0.625 0.25 0.65625 0.1875 0.625 0.25 0.625 0.1875 0.625 0.3125 0.59375 0.375 0.59375 0.3125 0.625 0.25 0.59375 0.3125 0.59375 0.25 0.625 0.1875 0.59375 0.25 0.59375 0.1875 0.625 0.125 0.59375 0.1875 0.59375 0.125 0.625 0.06249994 0.59375 0.125 0.59375 0.06249994 0.609375 0 0.625 0.06249994 0.59375 0.06249994 0.625 0.4375 0.59375 0.5 0.59375 0.4375 0.625 0.375 0.59375 0.4375 0.59375 0.375 0.59375 0.06249994 0.5625 0.125 0.5625 0.06249994 0.578125 0 0.59375 0.06249994 0.5625 0.06249994 0.59375 0.4375 0.5625 0.5 0.5625 0.4375 0.59375 0.375 0.5625 0.4375 0.5625 0.375 0.59375 0.3125 0.5625 0.375 0.5625 0.3125 0.59375 0.25 0.5625 0.3125 0.5625 0.25 0.59375 0.1875 0.5625 0.25 0.5625 0.1875 0.59375 0.125 0.5625 0.1875 0.5625 0.125 0.5625 0.3125 0.53125 0.375 0.53125 0.3125 0.5625 0.25 0.53125 0.3125 0.53125 0.25 0.5625 0.1875 0.53125 0.25 0.53125 0.1875 0.5625 0.125 0.53125 0.1875 0.53125 0.125 0.5625 0.06249994 0.53125 0.125 0.53125 0.06249994 0.546875 0 0.5625 0.06249994 0.53125 0.06249994 0.5625 0.4375 0.53125 0.5 0.53125 0.4375 0.5625 0.375 0.53125 0.4375 0.53125 0.375 0.53125 0.06249994 0.5 0.125 0.5 0.06249994 0.515625 0 0.53125 0.06249994 0.5 0.06249994 0.53125 0.4375 0.5 0.5 0.5 0.4375 0.53125 0.375 0.5 0.4375 0.5 0.375 0.53125 0.3125 0.5 0.375 0.5 0.3125 0.53125 0.25 0.5 0.3125 0.5 0.25 0.53125 0.1875 0.5 0.25 0.5 0.1875 0.53125 0.125 0.5 0.1875 0.5 0.125 0.5 0.3125 0.46875 0.25 0.5 0.25 0.5 0.25 0.46875 0.1875 0.5 0.1875 0.5 0.1875 0.46875 0.125 0.5 0.125 0.5 0.125 0.46875 0.06249994 0.5 0.06249994 0.484375 0 0.5 0.06249994 0.46875 0.06249994 0.5 0.5 0.46875 0.4375 0.5 0.4375 0.5 0.4375 0.46875 0.375 0.5 0.375 0.5 0.375 0.46875 0.3125 0.5 0.3125 0.453125 0 0.46875 0.06249994 0.4375 0.06249994 0.46875 0.5 0.4375 0.4375 0.46875 0.4375 0.46875 0.4375 0.4375 0.375 0.46875 0.375 0.46875 0.375 0.4375 0.3125 0.46875 0.3125 0.46875 0.3125 0.4375 0.25 0.46875 0.25 0.46875 0.25 0.4375 0.1875 0.46875 0.1875 0.46875 0.1875 0.4375 0.125 0.46875 0.125 0.46875 0.125 0.4375 0.06249994 0.46875 0.06249994 0.4375 0.25 0.40625 0.1875 0.4375 0.1875 0.4375 0.1875 0.40625 0.125 0.4375 0.125 0.4375 0.125 0.40625 0.06249994 0.4375 0.06249994 0.421875 0 0.4375 0.06249994 0.40625 0.06249994 0.4375 0.5 0.40625 0.4375 0.4375 0.4375 0.4375 0.4375 0.40625 0.375 0.4375 0.375 0.4375 0.375 0.40625 0.3125 0.4375 0.3125 0.4375 0.3125 0.40625 0.25 0.4375 0.25 0.40625 0.5 0.375 0.4375 0.40625 0.4375 0.40625 0.4375 0.375 0.375 0.40625 0.375 0.40625 0.375 0.375 0.3125 0.40625 0.3125 0.40625 0.3125 0.375 0.25 0.40625 0.25 0.40625 0.25 0.375 0.1875 0.40625 0.1875 0.40625 0.1875 0.375 0.125 0.40625 0.125 0.40625 0.125 0.375 0.06249994 0.40625 0.06249994 0.390625 0 0.40625 0.06249994 0.375 0.06249994 0.375 0.25 0.34375 0.1875 0.375 0.1875 0.375 0.1875 0.34375 0.125 0.375 0.125 0.375 0.125 0.34375 0.06249994 0.375 0.06249994 0.359375 0 0.375 0.06249994 0.34375 0.06249994 0.375 0.5 0.34375 0.4375 0.375 0.4375 0.375 0.4375 0.34375 0.375 0.375 0.375 0.375 0.375 0.34375 0.3125 0.375 0.3125 0.375 0.3125 0.34375 0.25 0.375 0.25 0.34375 0.4375 0.3125 0.375 0.34375 0.375 0.34375 0.375 0.3125 0.3125 0.34375 0.3125 0.34375 0.3125 0.3125 0.25 0.34375 0.25 0.34375 0.25 0.3125 0.1875 0.34375 0.1875 0.34375 0.1875 0.3125 0.125 0.34375 0.125 0.34375 0.125 0.3125 0.06249994 0.34375 0.06249994 0.328125 0 0.34375 0.06249994 0.3125 0.06249994 0.34375 0.5 0.3125 0.4375 0.34375 0.4375 0.3125 0.1875 0.28125 0.125 0.3125 0.125 0.3125 0.125 0.28125 0.06249994 0.3125 0.06249994 0.296875 0 0.3125 0.06249994 0.28125 0.06249994 0.3125 0.5 0.28125 0.4375 0.3125 0.4375 0.3125 0.4375 0.28125 0.375 0.3125 0.375 0.3125 0.375 0.28125 0.3125 0.3125 0.3125 0.3125 0.3125 0.28125 0.25 0.3125 0.25 0.3125 0.25 0.28125 0.1875 0.3125 0.1875 0.28125 0.4375 0.25 0.375 0.28125 0.375 0.28125 0.375 0.25 0.3125 0.28125 0.3125 0.28125 0.3125 0.25 0.25 0.28125 0.25 0.28125 0.25 0.25 0.1875 0.28125 0.1875 0.28125 0.1875 0.25 0.125 0.28125 0.125 0.28125 0.125 0.25 0.06249994 0.28125 0.06249994 0.265625 0 0.28125 0.06249994 0.25 0.06249994 0.28125 0.5 0.25 0.4375 0.28125 0.4375 0.25 0.125 0.21875 0.1875 0.21875 0.125 0.25 0.06249994 0.21875 0.125 0.21875 0.06249994 0.234375 0 0.25 0.06249994 0.21875 0.06249994 0.25 0.4375 0.2187499 0.5 0.21875 0.4375 0.25 0.375 0.21875 0.4375 0.21875 0.375 0.25 0.3125 0.21875 0.375 0.21875 0.3125 0.25 0.25 0.21875 0.3125 0.21875 0.25 0.25 0.1875 0.21875 0.25 0.21875 0.1875 0.21875 0.3125 0.1875 0.375 0.1875 0.3125 0.21875 0.25 0.1875 0.3125 0.1875 0.25 0.21875 0.1875 0.1875 0.25 0.1875 0.1875 0.21875 0.125 0.1875 0.1875 0.1875 0.125 0.21875 0.06249994 0.1875 0.125 0.1875 0.06249994 0.203125 0 0.21875 0.06249994 0.1875 0.06249994 0.21875 0.4375 0.1875 0.5 0.1875 0.4375 0.21875 0.375 0.1875 0.4375 0.1875 0.375 0.1875 0.06249994 0.15625 0.125 0.15625 0.06249994 0.171875 0 0.1875 0.06249994 0.15625 0.06249994 0.1875 0.4375 0.1562499 0.5 0.15625 0.4375 0.1875 0.375 0.15625 0.4375 0.15625 0.375 0.1875 0.3125 0.15625 0.375 0.15625 0.3125 0.1875 0.25 0.15625 0.3125 0.15625 0.25 0.1875 0.1875 0.15625 0.25 0.15625 0.1874999 0.1875 0.125 0.15625 0.1874999 0.15625 0.125 0.15625 0.25 0.125 0.3125 0.125 0.25 0.15625 0.1874999 0.125 0.25 0.125 0.1874999 0.15625 0.125 0.125 0.1874999 0.125 0.125 0.15625 0.06249994 0.125 0.125 0.125 0.06249994 0.140625 0 0.15625 0.06249994 0.125 0.06249994 0.15625 0.4375 0.1249999 0.5 0.125 0.4375 0.15625 0.375 0.125 0.4375 0.125 0.375 0.15625 0.3125 0.125 0.375 0.125 0.3125 0.109375 0 0.125 0.06249994 0.09375 0.06249994 0.125 0.4375 0.09374994 0.5 0.09374994 0.4375 0.125 0.375 0.09374994 0.4375 0.09375 0.375 0.125 0.3125 0.09375 0.375 0.09375 0.3125 0.125 0.25 0.09375 0.3125 0.09375 0.2499999 0.125 0.1874999 0.09375 0.2499999 0.09374994 0.1874999 0.125 0.125 0.09374994 0.1874999 0.09375 0.125 0.125 0.06249994 0.09375 0.125 0.09375 0.06249994 0.09375 0.2499999 0.0625 0.3124999 0.0625 0.25 0.09374994 0.1874999 0.0625 0.25 0.0625 0.1874999 0.09375 0.125 0.0625 0.1874999 0.0625 0.125 0.09375 0.06249994 0.0625 0.125 0.0625 0.06249994 0.078125 0 0.09375 0.06249994 0.0625 0.06249994 0.09374994 0.4375 0.06249994 0.5 0.0625 0.4375 0.09375 0.375 0.0625 0.4375 0.0625 0.375 0.09375 0.3125 0.0625 0.375 0.0625 0.3124999 0.04687494 0 0.0625 0.06249994 0.03125 0.06249994 0.0625 0.4375 0.03124994 0.5 0.03124994 0.4375 0.0625 0.375 0.03124994 0.4375 0.03125 0.375 0.0625 0.3124999 0.03125 0.375 0.03124994 0.3125 0.0625 0.25 0.03124994 0.3125 0.03125 0.25 0.0625 0.1874999 0.03125 0.25 0.03124994 0.1874999 0.0625 0.125 0.03124994 0.1874999 0.03124994 0.125 0.0625 0.06249994 0.03124994 0.125 0.03125 0.06249994 0.03124994 0.1874999 0 0.2499999 0 0.1874999 0.03124994 0.125 0 0.1874999 0 0.125 0.03125 0.06249994 0 0.125 0 0.06249994 0.015625 0 0.03125 0.06249994 0 0.06249994 0.03124994 0.4375 0 0.5 0 0.4375 0.03125 0.375 0 0.4375 0 0.375 0.03124994 0.3125 0 0.375 0 0.3125 0.03125 0.25 0 0.3125 0 0.2499999 1 0.5 0.96875 0.4375 1 0.4375 1 0.4375 0.96875 0.375 1 0.375 1 0.375 0.96875 0.3124999 1 0.3125 1 0.3125 0.96875 0.2499999 1 0.2499999 1 0.2499999 0.96875 0.1874999 1 0.1874999 1 0.1874999 0.96875 0.125 1 0.125 1 0.125 0.96875 0.06249994 1 0.06249994 0.984375 0 1 0.06249994 0.96875 0.06249994 0.96875 0.2499999 0.9375 0.1874999 0.96875 0.1874999 0.96875 0.1874999 0.9375 0.125 0.96875 0.125 0.96875 0.125 0.9375 0.06249994 0.96875 0.06249994 0.953125 0 0.96875 0.06249994 0.9375 0.06249994 0.9687499 0.5 0.9375 0.4375 0.96875 0.4375 0.96875 0.4375 0.9375 0.375 0.96875 0.375 0.96875 0.375 0.9375 0.3124999 0.96875 0.3124999 0.96875 0.3124999 0.9375 0.2499999 0.96875 0.2499999 0.9375 0.4375 0.90625 0.375 0.9375 0.375 0.9375 0.375 0.90625 0.3124999 0.9375 0.3124999 0.9375 0.3124999 0.90625 0.2499999 0.9375 0.2499999 0.9375 0.2499999 0.90625 0.1874999 0.9375 0.1874999 0.9375 0.1874999 0.90625 0.125 0.9375 0.125 0.9375 0.125 0.90625 0.06249994 0.9375 0.06249994 0.921875 0 0.9375 0.06249994 0.90625 0.06249994 0.9374999 0.5 0.90625 0.4375 0.9375 0.4375 0.90625 0.1874999 0.875 0.125 0.90625 0.125 0.90625 0.125 0.875 0.06249994 0.90625 0.06249994 0.890625 0 0.90625 0.06249994 0.875 0.06249994 0.90625 0.5 0.875 0.4375 0.90625 0.4375 0.90625 0.4375 0.875 0.375 0.90625 0.375 0.90625 0.375 0.875 0.3124999 0.90625 0.3124999 0.90625 0.3124999 0.875 0.2499999 0.90625 0.2499999 0.90625 0.2499999 0.8749999 0.1874999 0.90625 0.1874999 0.875 0.375 0.84375 0.3124999 0.875 0.3124999 0.875 0.3124999 0.84375 0.2499999 0.875 0.2499999 0.875 0.2499999 0.84375 0.1874998 0.8749999 0.1874999 0.8749999 0.1874999 0.84375 0.125 0.875 0.125 0.71875 0.5 0.6875 0.5 0.6875 0.5 0.875 0.125 0.84375 0.06249994 0.875 0.06249994 0.75 0.5 0.71875 0.5 0.71875 0.5 0.859375 0 0.875 0.06249994 0.84375 0.06249994 0.8749999 0.5 0.84375 0.4375 0.875 0.4375 0.875 0.4375 0.84375 0.375 0.875 0.375 0.84375 0.125 0.8125 0.06249988 0.84375 0.06249994 0.828125 0 0.84375 0.06249994 0.8125 0.06249988 0.8437499 0.5 0.8125 0.4375 0.84375 0.4375 0.84375 0.4375 0.8125 0.375 0.84375 0.375 0.84375 0.375 0.8125 0.3124999 0.84375 0.3124999 0.84375 0.3124999 0.8125 0.2499999 0.84375 0.2499999 0.84375 0.2499999 0.8125 0.1874998 0.84375 0.1874998 0.84375 0.1874998 0.8125 0.125 0.84375 0.125 0.8125 0.375 0.78125 0.3124999 0.8125 0.3124999 0.8125 0.3124999 0.78125 0.25 0.8125 0.2499999 0.8125 0.2499999 0.78125 0.1874998 0.8125 0.1874998 0.8125 0.1874998 0.78125 0.125 0.8125 0.125 0.8125 0.125 0.78125 0.06249988 0.8125 0.06249988 0.796875 0 0.8125 0.06249988 0.78125 0.06249988 0.8125 0.5 0.78125 0.4375 0.8125 0.4375 0.8125 0.4375 0.78125 0.375 0.8125 0.375 0.78125 0.125 0.75 0.06249988 0.78125 0.06249988 0.765625 0 0.78125 0.06249988 0.75 0.06249988 0.7812499 0.5 0.75 0.4375 0.78125 0.4375 0.78125 0.4375 0.75 0.375 0.78125 0.375 0.78125 0.375 0.75 0.3125001 0.78125 0.3124999 0.78125 0.3124999 0.75 0.2499999 0.78125 0.25 0.78125 0.25 0.75 0.1874998 0.78125 0.1874998 0.78125 0.1874998 0.75 0.125 0.78125 0.125 0.6875 0.5 0.65625 0.5 0.65625 0.5 0.65625 0.5 0.625 0.5 0.625 0.5 0.625 0.5 0.59375 0.5 0.59375 0.5 0.59375 0.5 0.5625 0.5 0.5625 0.5 0.5625 0.5 0.53125 0.5 0.53125 0.5 0.53125 0.5 0.5 0.5 0.5 0.5 0.5 0.5 0.46875 0.5 0.5 0.5 0.4375 0.5 0.46875 0.5 0.4375 0.5 0.4375 0.5 0.40625 0.5 0.4375 0.5 0.375 0.5 0.40625 0.5 0.375 0.5 0.375 0.5 0.34375 0.5 0.375 0.5 0.34375 0.5 0.3125 0.5 0.34375 0.5 0.3125 0.5 0.28125 0.5 0.3125 0.5 0.28125 0.5 0.25 0.5 0.28125 0.5 0.25 0.5 0.2187499 0.5 0.2187499 0.5 0.2187499 0.5 0.1875 0.5 0.1875 0.5 0.1875 0.5 0.1562499 0.5 0.1562499 0.5 0.1562499 0.5 0.1249999 0.5 0.1249999 0.5 0.1249999 0.5 0.09374994 0.5 0.09374994 0.5 0.09374994 0.5 0.06249994 0.5 0.06249994 0.5 0.06249994 0.5 0.03124994 0.5 0.03124994 0.5 0.03124994 0.5 0 0.5 0 0.5 0.9687499 0.5 1 0.5 0.9687499 0.5 0.9687499 0.5 0.9374999 0.5 0.9687499 0.5 0.9374999 0.5 0.90625 0.5 0.9374999 0.5 0.90625 0.5 0.8749999 0.5 0.90625 0.5 0.8749999 0.5 0.8437499 0.5 0.8749999 0.5 0.8437499 0.5 0.8125 0.5 0.8437499 0.5 0.8125 0.5 0.7812499 0.5 0.8125 0.5 0.7812499 0.5 0.75 0.5 0.7812499 0.5 0.870437 0.5 0.625 0.75 0.625 0.5 0.625 0.5 0.375 0.75 0.375 0.5 0.4541485 0.25 0.625 0.254563 0.625 0.254563 0.375 0.5 0.125 0.75 0.125 0.5 0.4541485 0 0.375 0.25 0.375 0 0.625 0.25 0.625 0 0.625 0 0.4541485 0 0.625 0.25 0.4541485 0.25 0.625 0.75 0.625 0.995437 0.625 0.995437 0.870437 0.5 0.870437 0.75 0.625 0.75 0.625 0.5 0.625 0.75 0.375 0.75 0.375 0.5 0.375 0.25 0.4541485 0.25 0.625 0.5 0.375 0.5 0.4541485 0.25 0.4541485 0.25 0.625 0.254563 0.625 0.254563 0.375 0.5 0.375 0.75 0.125 0.75 0.375 0 0.4541485 0 0.4541485 0.25 0.625 0.25 0.625 0.25 0.625 0 0.4541485 0 0.625 0 0.625 0.25 0.375 1 0.375 0.75 0.4541485 1 0.375 0.75 0.625 0.75 0.4541485 1 0.625 0.75 0.625 0.995437 0.625 0.995437 0.75 0.06249988 0.75 0.125 0.71875 0.125 0.75 0.4375 0.75 0.5 0.71875 0.5 0.75 0.375 0.75 0.4375 0.71875 0.4375 0.75 0.3125001 0.75 0.375 0.71875 0.375 0.75 0.2499999 0.75 0.3125001 0.71875 0.3125 0.75 0.1874998 0.75 0.2499999 0.71875 0.25 0.75 0.125 0.75 0.1874998 0.71875 0.1875 0.71875 0.125 0.71875 0.1875 0.6875 0.1875 0.71875 0.06249994 0.71875 0.125 0.6875 0.125 0.71875 0.4375 0.71875 0.5 0.6875 0.5 0.71875 0.375 0.71875 0.4375 0.6875 0.4375 0.71875 0.3125 0.71875 0.375 0.6875 0.375 0.71875 0.25 0.71875 0.3125 0.6875 0.3125 0.71875 0.1875 0.71875 0.25 0.6875 0.25 0.6875 0.375 0.6875 0.4375 0.65625 0.4375 0.6875 0.3125 0.6875 0.375 0.65625 0.375 0.6875 0.25 0.6875 0.3125 0.65625 0.3125 0.6875 0.1875 0.6875 0.25 0.65625 0.25 0.6875 0.125 0.6875 0.1875 0.65625 0.1875 0.6875 0.06249994 0.6875 0.125 0.65625 0.125 0.6875 0.4375 0.6875 0.5 0.65625 0.5 0.65625 0.125 0.65625 0.1875 0.625 0.1875 0.65625 0.06249994 0.65625 0.125 0.625 0.125 0.65625 0.4375 0.65625 0.5 0.625 0.5 0.65625 0.375 0.65625 0.4375 0.625 0.4375 0.65625 0.3125 0.65625 0.375 0.625 0.375 0.65625 0.25 0.65625 0.3125 0.625 0.3125 0.65625 0.1875 0.65625 0.25 0.625 0.25 0.625 0.3125 0.625 0.375 0.59375 0.375 0.625 0.25 0.625 0.3125 0.59375 0.3125 0.625 0.1875 0.625 0.25 0.59375 0.25 0.625 0.125 0.625 0.1875 0.59375 0.1875 0.625 0.06249994 0.625 0.125 0.59375 0.125 0.625 0.4375 0.625 0.5 0.59375 0.5 0.625 0.375 0.625 0.4375 0.59375 0.4375 0.59375 0.06249994 0.59375 0.125 0.5625 0.125 0.59375 0.4375 0.59375 0.5 0.5625 0.5 0.59375 0.375 0.59375 0.4375 0.5625 0.4375 0.59375 0.3125 0.59375 0.375 0.5625 0.375 0.59375 0.25 0.59375 0.3125 0.5625 0.3125 0.59375 0.1875 0.59375 0.25 0.5625 0.25 0.59375 0.125 0.59375 0.1875 0.5625 0.1875 0.5625 0.3125 0.5625 0.375 0.53125 0.375 0.5625 0.25 0.5625 0.3125 0.53125 0.3125 0.5625 0.1875 0.5625 0.25 0.53125 0.25 0.5625 0.125 0.5625 0.1875 0.53125 0.1875 0.5625 0.06249994 0.5625 0.125 0.53125 0.125 0.5625 0.4375 0.5625 0.5 0.53125 0.5 0.5625 0.375 0.5625 0.4375 0.53125 0.4375 0.53125 0.06249994 0.53125 0.125 0.5 0.125 0.53125 0.4375 0.53125 0.5 0.5 0.5 0.53125 0.375 0.53125 0.4375 0.5 0.4375 0.53125 0.3125 0.53125 0.375 0.5 0.375 0.53125 0.25 0.53125 0.3125 0.5 0.3125 0.53125 0.1875 0.53125 0.25 0.5 0.25 0.53125 0.125 0.53125 0.1875 0.5 0.1875 0.5 0.3125 0.46875 0.3125 0.46875 0.25 0.5 0.25 0.46875 0.25 0.46875 0.1875 0.5 0.1875 0.46875 0.1875 0.46875 0.125 0.5 0.125 0.46875 0.125 0.46875 0.06249994 0.5 0.5 0.46875 0.5 0.46875 0.4375 0.5 0.4375 0.46875 0.4375 0.46875 0.375 0.5 0.375 0.46875 0.375 0.46875 0.3125 0.46875 0.5 0.4375 0.5 0.4375 0.4375 0.46875 0.4375 0.4375 0.4375 0.4375 0.375 0.46875 0.375 0.4375 0.375 0.4375 0.3125 0.46875 0.3125 0.4375 0.3125 0.4375 0.25 0.46875 0.25 0.4375 0.25 0.4375 0.1875 0.46875 0.1875 0.4375 0.1875 0.4375 0.125 0.46875 0.125 0.4375 0.125 0.4375 0.06249994 0.4375 0.25 0.40625 0.25 0.40625 0.1875 0.4375 0.1875 0.40625 0.1875 0.40625 0.125 0.4375 0.125 0.40625 0.125 0.40625 0.06249994 0.4375 0.5 0.40625 0.5 0.40625 0.4375 0.4375 0.4375 0.40625 0.4375 0.40625 0.375 0.4375 0.375 0.40625 0.375 0.40625 0.3125 0.4375 0.3125 0.40625 0.3125 0.40625 0.25 0.40625 0.5 0.375 0.5 0.375 0.4375 0.40625 0.4375 0.375 0.4375 0.375 0.375 0.40625 0.375 0.375 0.375 0.375 0.3125 0.40625 0.3125 0.375 0.3125 0.375 0.25 0.40625 0.25 0.375 0.25 0.375 0.1875 0.40625 0.1875 0.375 0.1875 0.375 0.125 0.40625 0.125 0.375 0.125 0.375 0.06249994 0.375 0.25 0.34375 0.25 0.34375 0.1875 0.375 0.1875 0.34375 0.1875 0.34375 0.125 0.375 0.125 0.34375 0.125 0.34375 0.06249994 0.375 0.5 0.34375 0.5 0.34375 0.4375 0.375 0.4375 0.34375 0.4375 0.34375 0.375 0.375 0.375 0.34375 0.375 0.34375 0.3125 0.375 0.3125 0.34375 0.3125 0.34375 0.25 0.34375 0.4375 0.3125 0.4375 0.3125 0.375 0.34375 0.375 0.3125 0.375 0.3125 0.3125 0.34375 0.3125 0.3125 0.3125 0.3125 0.25 0.34375 0.25 0.3125 0.25 0.3125 0.1875 0.34375 0.1875 0.3125 0.1875 0.3125 0.125 0.34375 0.125 0.3125 0.125 0.3125 0.06249994 0.34375 0.5 0.3125 0.5 0.3125 0.4375 0.3125 0.1875 0.28125 0.1875 0.28125 0.125 0.3125 0.125 0.28125 0.125 0.28125 0.06249994 0.3125 0.5 0.28125 0.5 0.28125 0.4375 0.3125 0.4375 0.28125 0.4375 0.28125 0.375 0.3125 0.375 0.28125 0.375 0.28125 0.3125 0.3125 0.3125 0.28125 0.3125 0.28125 0.25 0.3125 0.25 0.28125 0.25 0.28125 0.1875 0.28125 0.4375 0.25 0.4375 0.25 0.375 0.28125 0.375 0.25 0.375 0.25 0.3125 0.28125 0.3125 0.25 0.3125 0.25 0.25 0.28125 0.25 0.25 0.25 0.25 0.1875 0.28125 0.1875 0.25 0.1875 0.25 0.125 0.28125 0.125 0.25 0.125 0.25 0.06249994 0.28125 0.5 0.25 0.5 0.25 0.4375 0.25 0.125 0.25 0.1875 0.21875 0.1875 0.25 0.06249994 0.25 0.125 0.21875 0.125 0.25 0.4375 0.25 0.5 0.2187499 0.5 0.25 0.375 0.25 0.4375 0.21875 0.4375 0.25 0.3125 0.25 0.375 0.21875 0.375 0.25 0.25 0.25 0.3125 0.21875 0.3125 0.25 0.1875 0.25 0.25 0.21875 0.25 0.21875 0.3125 0.21875 0.375 0.1875 0.375 0.21875 0.25 0.21875 0.3125 0.1875 0.3125 0.21875 0.1875 0.21875 0.25 0.1875 0.25 0.21875 0.125 0.21875 0.1875 0.1875 0.1875 0.21875 0.06249994 0.21875 0.125 0.1875 0.125 0.21875 0.4375 0.2187499 0.5 0.1875 0.5 0.21875 0.375 0.21875 0.4375 0.1875 0.4375 0.1875 0.06249994 0.1875 0.125 0.15625 0.125 0.1875 0.4375 0.1875 0.5 0.1562499 0.5 0.1875 0.375 0.1875 0.4375 0.15625 0.4375 0.1875 0.3125 0.1875 0.375 0.15625 0.375 0.1875 0.25 0.1875 0.3125 0.15625 0.3125 0.1875 0.1875 0.1875 0.25 0.15625 0.25 0.1875 0.125 0.1875 0.1875 0.15625 0.1874999 0.15625 0.25 0.15625 0.3125 0.125 0.3125 0.15625 0.1874999 0.15625 0.25 0.125 0.25 0.15625 0.125 0.15625 0.1874999 0.125 0.1874999 0.15625 0.06249994 0.15625 0.125 0.125 0.125 0.15625 0.4375 0.1562499 0.5 0.1249999 0.5 0.15625 0.375 0.15625 0.4375 0.125 0.4375 0.15625 0.3125 0.15625 0.375 0.125 0.375 0.125 0.4375 0.1249999 0.5 0.09374994 0.5 0.125 0.375 0.125 0.4375 0.09374994 0.4375 0.125 0.3125 0.125 0.375 0.09375 0.375 0.125 0.25 0.125 0.3125 0.09375 0.3125 0.125 0.1874999 0.125 0.25 0.09375 0.2499999 0.125 0.125 0.125 0.1874999 0.09374994 0.1874999 0.125 0.06249994 0.125 0.125 0.09375 0.125 0.09375 0.2499999 0.09375 0.3125 0.0625 0.3124999 0.09374994 0.1874999 0.09375 0.2499999 0.0625 0.25 0.09375 0.125 0.09374994 0.1874999 0.0625 0.1874999 0.09375 0.06249994 0.09375 0.125 0.0625 0.125 0.09374994 0.4375 0.09374994 0.5 0.06249994 0.5 0.09375 0.375 0.09374994 0.4375 0.0625 0.4375 0.09375 0.3125 0.09375 0.375 0.0625 0.375 0.0625 0.4375 0.06249994 0.5 0.03124994 0.5 0.0625 0.375 0.0625 0.4375 0.03124994 0.4375 0.0625 0.3124999 0.0625 0.375 0.03125 0.375 0.0625 0.25 0.0625 0.3124999 0.03124994 0.3125 0.0625 0.1874999 0.0625 0.25 0.03125 0.25 0.0625 0.125 0.0625 0.1874999 0.03124994 0.1874999 0.0625 0.06249994 0.0625 0.125 0.03124994 0.125 0.03124994 0.1874999 0.03125 0.25 0 0.2499999 0.03124994 0.125 0.03124994 0.1874999 0 0.1874999 0.03125 0.06249994 0.03124994 0.125 0 0.125 0.03124994 0.4375 0.03124994 0.5 0 0.5 0.03125 0.375 0.03124994 0.4375 0 0.4375 0.03124994 0.3125 0.03125 0.375 0 0.375 0.03125 0.25 0.03124994 0.3125 0 0.3125 1 0.5 0.9687499 0.5 0.96875 0.4375 1 0.4375 0.96875 0.4375 0.96875 0.375 1 0.375 0.96875 0.375 0.96875 0.3124999 1 0.3125 0.96875 0.3124999 0.96875 0.2499999 1 0.2499999 0.96875 0.2499999 0.96875 0.1874999 1 0.1874999 0.96875 0.1874999 0.96875 0.125 1 0.125 0.96875 0.125 0.96875 0.06249994 0.96875 0.2499999 0.9375 0.2499999 0.9375 0.1874999 0.96875 0.1874999 0.9375 0.1874999 0.9375 0.125 0.96875 0.125 0.9375 0.125 0.9375 0.06249994 0.9687499 0.5 0.9374999 0.5 0.9375 0.4375 0.96875 0.4375 0.9375 0.4375 0.9375 0.375 0.96875 0.375 0.9375 0.375 0.9375 0.3124999 0.96875 0.3124999 0.9375 0.3124999 0.9375 0.2499999 0.9375 0.4375 0.90625 0.4375 0.90625 0.375 0.9375 0.375 0.90625 0.375 0.90625 0.3124999 0.9375 0.3124999 0.90625 0.3124999 0.90625 0.2499999 0.9375 0.2499999 0.90625 0.2499999 0.90625 0.1874999 0.9375 0.1874999 0.90625 0.1874999 0.90625 0.125 0.9375 0.125 0.90625 0.125 0.90625 0.06249994 0.9374999 0.5 0.90625 0.5 0.90625 0.4375 0.90625 0.1874999 0.8749999 0.1874999 0.875 0.125 0.90625 0.125 0.875 0.125 0.875 0.06249994 0.90625 0.5 0.8749999 0.5 0.875 0.4375 0.90625 0.4375 0.875 0.4375 0.875 0.375 0.90625 0.375 0.875 0.375 0.875 0.3124999 0.90625 0.3124999 0.875 0.3124999 0.875 0.2499999 0.90625 0.2499999 0.875 0.2499999 0.8749999 0.1874999 0.875 0.375 0.84375 0.375 0.84375 0.3124999 0.875 0.3124999 0.84375 0.3124999 0.84375 0.2499999 0.875 0.2499999 0.84375 0.2499999 0.84375 0.1874998 0.8749999 0.1874999 0.84375 0.1874998 0.84375 0.125 0.875 0.125 0.84375 0.125 0.84375 0.06249994 0.8749999 0.5 0.8437499 0.5 0.84375 0.4375 0.875 0.4375 0.84375 0.4375 0.84375 0.375 0.84375 0.125 0.8125 0.125 0.8125 0.06249988 0.8437499 0.5 0.8125 0.5 0.8125 0.4375 0.84375 0.4375 0.8125 0.4375 0.8125 0.375 0.84375 0.375 0.8125 0.375 0.8125 0.3124999 0.84375 0.3124999 0.8125 0.3124999 0.8125 0.2499999 0.84375 0.2499999 0.8125 0.2499999 0.8125 0.1874998 0.84375 0.1874998 0.8125 0.1874998 0.8125 0.125 0.8125 0.375 0.78125 0.375 0.78125 0.3124999 0.8125 0.3124999 0.78125 0.3124999 0.78125 0.25 0.8125 0.2499999 0.78125 0.25 0.78125 0.1874998 0.8125 0.1874998 0.78125 0.1874998 0.78125 0.125 0.8125 0.125 0.78125 0.125 0.78125 0.06249988 0.8125 0.5 0.7812499 0.5 0.78125 0.4375 0.8125 0.4375 0.78125 0.4375 0.78125 0.375 0.78125 0.125 0.75 0.125 0.75 0.06249988 0.7812499 0.5 0.75 0.5 0.75 0.4375 0.78125 0.4375 0.75 0.4375 0.75 0.375 0.78125 0.375 0.75 0.375 0.75 0.3125001 0.78125 0.3124999 0.75 0.3125001 0.75 0.2499999 0.78125 0.25 0.75 0.2499999 0.75 0.1874998 0.78125 0.1874998 0.75 0.1874998 0.75 0.125 0.75 0.06249988 0.75 0.125 0.71875 0.125 0.75 0.4375 0.75 0.5 0.71875 0.5 0.75 0.375 0.75 0.4375 0.71875 0.4375 0.75 0.3125001 0.75 0.375 0.71875 0.375 0.75 0.2499999 0.75 0.3125001 0.71875 0.3125 0.75 0.1874998 0.75 0.2499999 0.71875 0.25 0.75 0.125 0.75 0.1874998 0.71875 0.1875 0.71875 0.125 0.71875 0.1875 0.6875 0.1875 0.71875 0.06249994 0.71875 0.125 0.6875 0.125 0.71875 0.4375 0.71875 0.5 0.6875 0.5 0.71875 0.375 0.71875 0.4375 0.6875 0.4375 0.71875 0.3125 0.71875 0.375 0.6875 0.375 0.71875 0.25 0.71875 0.3125 0.6875 0.3125 0.71875 0.1875 0.71875 0.25 0.6875 0.25 0.6875 0.375 0.6875 0.4375 0.65625 0.4375 0.6875 0.3125 0.6875 0.375 0.65625 0.375 0.6875 0.25 0.6875 0.3125 0.65625 0.3125 0.6875 0.1875 0.6875 0.25 0.65625 0.25 0.6875 0.125 0.6875 0.1875 0.65625 0.1875 0.6875 0.06249994 0.6875 0.125 0.65625 0.125 0.6875 0.4375 0.6875 0.5 0.65625 0.5 0.65625 0.125 0.65625 0.1875 0.625 0.1875 0.65625 0.06249994 0.65625 0.125 0.625 0.125 0.65625 0.4375 0.65625 0.5 0.625 0.5 0.65625 0.375 0.65625 0.4375 0.625 0.4375 0.65625 0.3125 0.65625 0.375 0.625 0.375 0.65625 0.25 0.65625 0.3125 0.625 0.3125 0.65625 0.1875 0.65625 0.25 0.625 0.25 0.625 0.3125 0.625 0.375 0.59375 0.375 0.625 0.25 0.625 0.3125 0.59375 0.3125 0.625 0.1875 0.625 0.25 0.59375 0.25 0.625 0.125 0.625 0.1875 0.59375 0.1875 0.625 0.06249994 0.625 0.125 0.59375 0.125 0.625 0.4375 0.625 0.5 0.59375 0.5 0.625 0.375 0.625 0.4375 0.59375 0.4375 0.59375 0.06249994 0.59375 0.125 0.5625 0.125 0.59375 0.4375 0.59375 0.5 0.5625 0.5 0.59375 0.375 0.59375 0.4375 0.5625 0.4375 0.59375 0.3125 0.59375 0.375 0.5625 0.375 0.59375 0.25 0.59375 0.3125 0.5625 0.3125 0.59375 0.1875 0.59375 0.25 0.5625 0.25 0.59375 0.125 0.59375 0.1875 0.5625 0.1875 0.5625 0.3125 0.5625 0.375 0.53125 0.375 0.5625 0.25 0.5625 0.3125 0.53125 0.3125 0.5625 0.1875 0.5625 0.25 0.53125 0.25 0.5625 0.125 0.5625 0.1875 0.53125 0.1875 0.5625 0.06249994 0.5625 0.125 0.53125 0.125 0.5625 0.4375 0.5625 0.5 0.53125 0.5 0.5625 0.375 0.5625 0.4375 0.53125 0.4375 0.53125 0.06249994 0.53125 0.125 0.5 0.125 0.53125 0.4375 0.53125 0.5 0.5 0.5 0.53125 0.375 0.53125 0.4375 0.5 0.4375 0.53125 0.3125 0.53125 0.375 0.5 0.375 0.53125 0.25 0.53125 0.3125 0.5 0.3125 0.53125 0.1875 0.53125 0.25 0.5 0.25 0.53125 0.125 0.53125 0.1875 0.5 0.1875 0.5 0.3125 0.46875 0.3125 0.46875 0.25 0.5 0.25 0.46875 0.25 0.46875 0.1875 0.5 0.1875 0.46875 0.1875 0.46875 0.125 0.5 0.125 0.46875 0.125 0.46875 0.06249994 0.5 0.5 0.46875 0.5 0.46875 0.4375 0.5 0.4375 0.46875 0.4375 0.46875 0.375 0.5 0.375 0.46875 0.375 0.46875 0.3125 0.46875 0.5 0.4375 0.5 0.4375 0.4375 0.46875 0.4375 0.4375 0.4375 0.4375 0.375 0.46875 0.375 0.4375 0.375 0.4375 0.3125 0.46875 0.3125 0.4375 0.3125 0.4375 0.25 0.46875 0.25 0.4375 0.25 0.4375 0.1875 0.46875 0.1875 0.4375 0.1875 0.4375 0.125 0.46875 0.125 0.4375 0.125 0.4375 0.06249994 0.4375 0.25 0.40625 0.25 0.40625 0.1875 0.4375 0.1875 0.40625 0.1875 0.40625 0.125 0.4375 0.125 0.40625 0.125 0.40625 0.06249994 0.4375 0.5 0.40625 0.5 0.40625 0.4375 0.4375 0.4375 0.40625 0.4375 0.40625 0.375 0.4375 0.375 0.40625 0.375 0.40625 0.3125 0.4375 0.3125 0.40625 0.3125 0.40625 0.25 0.40625 0.5 0.375 0.5 0.375 0.4375 0.40625 0.4375 0.375 0.4375 0.375 0.375 0.40625 0.375 0.375 0.375 0.375 0.3125 0.40625 0.3125 0.375 0.3125 0.375 0.25 0.40625 0.25 0.375 0.25 0.375 0.1875 0.40625 0.1875 0.375 0.1875 0.375 0.125 0.40625 0.125 0.375 0.125 0.375 0.06249994 0.375 0.25 0.34375 0.25 0.34375 0.1875 0.375 0.1875 0.34375 0.1875 0.34375 0.125 0.375 0.125 0.34375 0.125 0.34375 0.06249994 0.375 0.5 0.34375 0.5 0.34375 0.4375 0.375 0.4375 0.34375 0.4375 0.34375 0.375 0.375 0.375 0.34375 0.375 0.34375 0.3125 0.375 0.3125 0.34375 0.3125 0.34375 0.25 0.34375 0.4375 0.3125 0.4375 0.3125 0.375 0.34375 0.375 0.3125 0.375 0.3125 0.3125 0.34375 0.3125 0.3125 0.3125 0.3125 0.25 0.34375 0.25 0.3125 0.25 0.3125 0.1875 0.34375 0.1875 0.3125 0.1875 0.3125 0.125 0.34375 0.125 0.3125 0.125 0.3125 0.06249994 0.34375 0.5 0.3125 0.5 0.3125 0.4375 0.3125 0.1875 0.28125 0.1875 0.28125 0.125 0.3125 0.125 0.28125 0.125 0.28125 0.06249994 0.3125 0.5 0.28125 0.5 0.28125 0.4375 0.3125 0.4375 0.28125 0.4375 0.28125 0.375 0.3125 0.375 0.28125 0.375 0.28125 0.3125 0.3125 0.3125 0.28125 0.3125 0.28125 0.25 0.3125 0.25 0.28125 0.25 0.28125 0.1875 0.28125 0.4375 0.25 0.4375 0.25 0.375 0.28125 0.375 0.25 0.375 0.25 0.3125 0.28125 0.3125 0.25 0.3125 0.25 0.25 0.28125 0.25 0.25 0.25 0.25 0.1875 0.28125 0.1875 0.25 0.1875 0.25 0.125 0.28125 0.125 0.25 0.125 0.25 0.06249994 0.28125 0.5 0.25 0.5 0.25 0.4375 0.25 0.125 0.25 0.1875 0.21875 0.1875 0.25 0.06249994 0.25 0.125 0.21875 0.125 0.25 0.4375 0.25 0.5 0.2187499 0.5 0.25 0.375 0.25 0.4375 0.21875 0.4375 0.25 0.3125 0.25 0.375 0.21875 0.375 0.25 0.25 0.25 0.3125 0.21875 0.3125 0.25 0.1875 0.25 0.25 0.21875 0.25 0.21875 0.3125 0.21875 0.375 0.1875 0.375 0.21875 0.25 0.21875 0.3125 0.1875 0.3125 0.21875 0.1875 0.21875 0.25 0.1875 0.25 0.21875 0.125 0.21875 0.1875 0.1875 0.1875 0.21875 0.06249994 0.21875 0.125 0.1875 0.125 0.21875 0.4375 0.2187499 0.5 0.1875 0.5 0.21875 0.375 0.21875 0.4375 0.1875 0.4375 0.1875 0.06249994 0.1875 0.125 0.15625 0.125 0.1875 0.4375 0.1875 0.5 0.1562499 0.5 0.1875 0.375 0.1875 0.4375 0.15625 0.4375 0.1875 0.3125 0.1875 0.375 0.15625 0.375 0.1875 0.25 0.1875 0.3125 0.15625 0.3125 0.1875 0.1875 0.1875 0.25 0.15625 0.25 0.1875 0.125 0.1875 0.1875 0.15625 0.1874999 0.15625 0.25 0.15625 0.3125 0.125 0.3125 0.15625 0.1874999 0.15625 0.25 0.125 0.25 0.15625 0.125 0.15625 0.1874999 0.125 0.1874999 0.15625 0.06249994 0.15625 0.125 0.125 0.125 0.15625 0.4375 0.1562499 0.5 0.1249999 0.5 0.15625 0.375 0.15625 0.4375 0.125 0.4375 0.15625 0.3125 0.15625 0.375 0.125 0.375 0.125 0.4375 0.1249999 0.5 0.09374994 0.5 0.125 0.375 0.125 0.4375 0.09374994 0.4375 0.125 0.3125 0.125 0.375 0.09375 0.375 0.125 0.25 0.125 0.3125 0.09375 0.3125 0.125 0.1874999 0.125 0.25 0.09375 0.2499999 0.125 0.125 0.125 0.1874999 0.09374994 0.1874999 0.125 0.06249994 0.125 0.125 0.09375 0.125 0.09375 0.2499999 0.09375 0.3125 0.0625 0.3124999 0.09374994 0.1874999 0.09375 0.2499999 0.0625 0.25 0.09375 0.125 0.09374994 0.1874999 0.0625 0.1874999 0.09375 0.06249994 0.09375 0.125 0.0625 0.125 0.09374994 0.4375 0.09374994 0.5 0.06249994 0.5 0.09375 0.375 0.09374994 0.4375 0.0625 0.4375 0.09375 0.3125 0.09375 0.375 0.0625 0.375 0.0625 0.4375 0.06249994 0.5 0.03124994 0.5 0.0625 0.375 0.0625 0.4375 0.03124994 0.4375 0.0625 0.3124999 0.0625 0.375 0.03125 0.375 0.0625 0.25 0.0625 0.3124999 0.03124994 0.3125 0.0625 0.1874999 0.0625 0.25 0.03125 0.25 0.0625 0.125 0.0625 0.1874999 0.03124994 0.1874999 0.0625 0.06249994 0.0625 0.125 0.03124994 0.125 0.03124994 0.1874999 0.03125 0.25 0 0.2499999 0.03124994 0.125 0.03124994 0.1874999 0 0.1874999 0.03125 0.06249994 0.03124994 0.125 0 0.125 0.03124994 0.4375 0.03124994 0.5 0 0.5 0.03125 0.375 0.03124994 0.4375 0 0.4375 0.03124994 0.3125 0.03125 0.375 0 0.375 0.03125 0.25 0.03124994 0.3125 0 0.3125 1 0.5 0.9687499 0.5 0.96875 0.4375 1 0.4375 0.96875 0.4375 0.96875 0.375 1 0.375 0.96875 0.375 0.96875 0.3124999 1 0.3125 0.96875 0.3124999 0.96875 0.2499999 1 0.2499999 0.96875 0.2499999 0.96875 0.1874999 1 0.1874999 0.96875 0.1874999 0.96875 0.125 1 0.125 0.96875 0.125 0.96875 0.06249994 0.96875 0.2499999 0.9375 0.2499999 0.9375 0.1874999 0.96875 0.1874999 0.9375 0.1874999 0.9375 0.125 0.96875 0.125 0.9375 0.125 0.9375 0.06249994 0.9687499 0.5 0.9374999 0.5 0.9375 0.4375 0.96875 0.4375 0.9375 0.4375 0.9375 0.375 0.96875 0.375 0.9375 0.375 0.9375 0.3124999 0.96875 0.3124999 0.9375 0.3124999 0.9375 0.2499999 0.9375 0.4375 0.90625 0.4375 0.90625 0.375 0.9375 0.375 0.90625 0.375 0.90625 0.3124999 0.9375 0.3124999 0.90625 0.3124999 0.90625 0.2499999 0.9375 0.2499999 0.90625 0.2499999 0.90625 0.1874999 0.9375 0.1874999 0.90625 0.1874999 0.90625 0.125 0.9375 0.125 0.90625 0.125 0.90625 0.06249994 0.9374999 0.5 0.90625 0.5 0.90625 0.4375 0.90625 0.1874999 0.8749999 0.1874999 0.875 0.125 0.90625 0.125 0.875 0.125 0.875 0.06249994 0.90625 0.5 0.8749999 0.5 0.875 0.4375 0.90625 0.4375 0.875 0.4375 0.875 0.375 0.90625 0.375 0.875 0.375 0.875 0.3124999 0.90625 0.3124999 0.875 0.3124999 0.875 0.2499999 0.90625 0.2499999 0.875 0.2499999 0.8749999 0.1874999 0.875 0.375 0.84375 0.375 0.84375 0.3124999 0.875 0.3124999 0.84375 0.3124999 0.84375 0.2499999 0.875 0.2499999 0.84375 0.2499999 0.84375 0.1874998 0.8749999 0.1874999 0.84375 0.1874998 0.84375 0.125 0.71875 0.5 0.71875 0.5 0.6875 0.5 0.875 0.125 0.84375 0.125 0.84375 0.06249994 0.75 0.5 0.75 0.5 0.71875 0.5 0.8749999 0.5 0.8437499 0.5 0.84375 0.4375 0.875 0.4375 0.84375 0.4375 0.84375 0.375 0.84375 0.125 0.8125 0.125 0.8125 0.06249988 0.8437499 0.5 0.8125 0.5 0.8125 0.4375 0.84375 0.4375 0.8125 0.4375 0.8125 0.375 0.84375 0.375 0.8125 0.375 0.8125 0.3124999 0.84375 0.3124999 0.8125 0.3124999 0.8125 0.2499999 0.84375 0.2499999 0.8125 0.2499999 0.8125 0.1874998 0.84375 0.1874998 0.8125 0.1874998 0.8125 0.125 0.8125 0.375 0.78125 0.375 0.78125 0.3124999 0.8125 0.3124999 0.78125 0.3124999 0.78125 0.25 0.8125 0.2499999 0.78125 0.25 0.78125 0.1874998 0.8125 0.1874998 0.78125 0.1874998 0.78125 0.125 0.8125 0.125 0.78125 0.125 0.78125 0.06249988 0.8125 0.5 0.7812499 0.5 0.78125 0.4375 0.8125 0.4375 0.78125 0.4375 0.78125 0.375 0.78125 0.125 0.75 0.125 0.75 0.06249988 0.7812499 0.5 0.75 0.5 0.75 0.4375 0.78125 0.4375 0.75 0.4375 0.75 0.375 0.78125 0.375 0.75 0.375 0.75 0.3125001 0.78125 0.3124999 0.75 0.3125001 0.75 0.2499999 0.78125 0.25 0.75 0.2499999 0.75 0.1874998 0.78125 0.1874998 0.75 0.1874998 0.75 0.125 0.6875 0.5 0.6875 0.5 0.65625 0.5 0.65625 0.5 0.65625 0.5 0.625 0.5 0.625 0.5 0.625 0.5 0.59375 0.5 0.59375 0.5 0.59375 0.5 0.5625 0.5 0.5625 0.5 0.5625 0.5 0.53125 0.5 0.53125 0.5 0.53125 0.5 0.5 0.5 0.5 0.5 0.46875 0.5 0.46875 0.5 0.4375 0.5 0.46875 0.5 0.46875 0.5 0.4375 0.5 0.40625 0.5 0.40625 0.5 0.375 0.5 0.40625 0.5 0.40625 0.5 0.375 0.5 0.34375 0.5 0.34375 0.5 0.34375 0.5 0.3125 0.5 0.3125 0.5 0.3125 0.5 0.28125 0.5 0.28125 0.5 0.28125 0.5 0.25 0.5 0.25 0.5 0.25 0.5 0.25 0.5 0.2187499 0.5 0.2187499 0.5 0.2187499 0.5 0.1875 0.5 0.1875 0.5 0.1875 0.5 0.1562499 0.5 0.1562499 0.5 0.1562499 0.5 0.1249999 0.5 0.1249999 0.5 0.1249999 0.5 0.09374994 0.5 0.09374994 0.5 0.09374994 0.5 0.06249994 0.5 0.06249994 0.5 0.06249994 0.5 0.03124994 0.5 0.03124994 0.5 0.03124994 0.5 0 0.5 0.9687499 0.5 0 0.5 1 0.5 0.9687499 0.5 0.9374999 0.5 0.9374999 0.5 0.9374999 0.5 0.90625 0.5 0.90625 0.5 0.90625 0.5 0.8749999 0.5 0.8749999 0.5 0.8749999 0.5 0.8437499 0.5 0.8437499 0.5 0.8437499 0.5 0.8125 0.5 0.8125 0.5 0.8125 0.5 0.7812499 0.5 0.7812499 0.5 0.7812499 0.5 0.75 0.5 0.75 0.5 0.870437 0.5 0.870437 0.75 0.625 0.75 0.625 0.5 0.625 0.75 0.375 0.75 0.375 0.5 0.375 0.25 0.625 0.254563 0.375 0.25 0.4541485 0.25 0.625 0.254563 0.625 0.5 0.375 0.5 0.625 0.254563 0.375 0.5 0.375 0.75 0.125 0.75 0.4541485 0 0.4541485 0.25 0.375 0.25 0.625 0.25 0.625 0.25 0.625 0 0.4541485 0 0.625 0 0.625 0.25 0.375 1 0.375 0.75 0.625 0.995437 0.375 0.75 0.625 0.75 0.625 0.995437 0.4541485 1 0.375 1 0.625 0.995437</float_array>
          <technique_common>
            <accessor source="#Cube_005-mesh-map-0-array" count="3192" stride="2">
              <param name="S" type="float"/>
              <param name="T" type="float"/>
            </accessor>
          </technique_common>
        </source>
        <vertices id="Cube_005-mesh-vertices">
          <input semantic="POSITION" source="#Cube_005-mesh-positions"/>
        </vertices>
        <triangles material="Yellow-material" count="1064">
          <input semantic="VERTEX" source="#Cube_005-mesh-vertices" offset="0"/>
          <input semantic="NORMAL" source="#Cube_005-mesh-normals" offset="1"/>
          <input semantic="TEXCOORD" source="#Cube_005-mesh-map-0" offset="2" set="0"/>
          <p>7 0 0 3 0 1 5 0 2 5 1 3 2 1 4 4 1 5 10 2 6 7 2 7 5 2 8 4 3 9 0 3 10 1 3 11 0 4 12 10 4 13 1 4 14 7 5 15 8 5 16 6 5 17 9 6 18 11 6 19 10 6 20 3 7 21 8 7 22 9 7 23 268 8 24 21 8 25 22 8 26 175 9 27 268 9 28 22 9 29 13 10 30 15 10 31 16 10 32 264 11 33 16 11 34 17 11 35 14 12 36 17 12 37 18 12 38 265 13 39 18 13 40 19 13 41 266 14 42 19 14 43 20 14 44 267 15 45 20 15 46 21 15 47 21 16 48 28 16 49 29 16 50 22 17 51 29 17 52 30 17 53 175 18 54 22 18 55 30 18 56 16 19 57 23 19 58 24 19 59 17 20 60 24 20 61 25 20 62 18 21 63 25 21 64 26 21 65 19 22 66 26 22 67 27 22 68 20 23 69 27 23 70 28 23 71 25 24 72 32 24 73 33 24 74 26 25 75 33 25 76 34 25 77 27 26 78 34 26 79 35 26 80 28 27 81 35 27 82 36 27 83 29 28 84 36 28 85 37 28 86 30 29 87 37 29 88 38 29 89 175 30 90 30 30 91 38 30 92 24 31 93 31 31 94 32 31 95 37 32 96 44 32 97 45 32 98 38 33 99 45 33 100 46 33 101 175 34 102 38 34 103 46 34 104 32 35 105 39 35 106 40 35 107 33 36 108 40 36 109 41 36 110 34 37 111 41 37 112 42 37 113 35 38 114 42 38 115 43 38 116 36 39 117 43 39 118 44 39 119 42 40 120 49 40 121 50 40 122 43 41 123 50 41 124 51 41 125 44 42 126 51 42 127 52 42 128 45 43 129 52 43 130 53 43 131 46 44 132 53 44 133 54 44 134 175 45 135 46 45 136 54 45 137 40 46 138 47 46 139 48 46 140 41 47 141 48 47 142 49 47 143 54 48 144 61 48 145 62 48 146 175 49 147 54 49 148 62 49 149 48 50 150 55 50 151 56 50 152 49 51 153 56 51 154 57 51 155 50 52 156 57 52 157 58 52 158 51 53 159 58 53 160 59 53 161 52 54 162 59 54 163 60 54 164 53 55 165 60 55 166 61 55 167 58 56 168 65 56 169 66 56 170 59 57 171 66 57 172 67 57 173 60 58 174 67 58 175 68 58 176 61 59 177 68 59 178 69 59 179 62 60 180 69 60 181 70 60 182 175 61 183 62 61 184 70 61 185 56 62 186 63 62 187 64 62 188 57 63 189 64 63 190 65 63 191 70 64 192 77 64 193 78 64 194 175 65 195 70 65 196 78 65 197 64 66 198 71 66 199 72 66 200 65 67 201 72 67 202 73 67 203 66 68 204 73 68 205 74 68 206 67 69 207 74 69 208 75 69 209 68 70 210 75 70 211 76 70 212 69 71 213 76 71 214 77 71 215 74 72 216 83 72 217 75 72 218 75 73 219 84 73 220 76 73 221 76 74 222 85 74 223 77 74 224 77 75 225 86 75 226 78 75 227 175 76 228 78 76 229 86 76 230 71 77 231 80 77 232 72 77 233 72 78 234 81 78 235 73 78 236 73 79 237 82 79 238 74 79 239 175 80 240 86 80 241 94 80 242 79 81 243 88 81 244 80 81 245 80 82 246 89 82 247 81 82 248 81 83 249 90 83 250 82 83 251 82 84 252 91 84 253 83 84 254 83 85 255 92 85 256 84 85 257 84 86 258 93 86 259 85 86 260 85 87 261 94 87 262 86 87 263 91 88 264 100 88 265 92 88 266 92 89 267 101 89 268 93 89 269 93 90 270 102 90 271 94 90 272 175 91 273 94 91 274 102 91 275 87 92 276 96 92 277 88 92 278 88 93 279 97 93 280 89 93 281 89 94 282 98 94 283 90 94 284 90 95 285 99 95 286 91 95 287 95 96 288 104 96 289 96 96 290 96 97 291 105 97 292 97 97 293 97 98 294 106 98 295 98 98 296 98 99 297 107 99 298 99 99 299 99 100 300 108 100 301 100 100 302 100 101 303 109 101 304 101 101 305 101 102 306 110 102 307 102 102 308 175 103 309 102 103 310 110 103 311 107 104 312 116 104 313 108 104 314 108 105 315 117 105 316 109 105 317 109 106 318 118 106 319 110 106 320 175 107 321 110 107 322 118 107 323 103 108 324 112 108 325 104 108 326 104 109 327 113 109 328 105 109 329 105 110 330 114 110 331 106 110 332 106 111 333 115 111 334 107 111 335 112 112 336 121 112 337 113 112 338 113 113 339 122 113 340 114 113 341 114 114 342 123 114 343 115 114 344 115 115 345 124 115 346 116 115 347 116 116 348 125 116 349 117 116 350 117 117 351 126 117 352 118 117 353 175 118 354 118 118 355 126 118 356 111 119 357 120 119 358 112 119 359 124 120 360 133 120 361 125 120 362 125 121 363 134 121 364 126 121 365 175 122 366 126 122 367 134 122 368 119 123 369 128 123 370 120 123 371 120 124 372 129 124 373 121 124 374 121 125 375 130 125 376 122 125 377 122 126 378 131 126 379 123 126 380 123 127 381 132 127 382 124 127 383 128 128 384 137 128 385 129 128 386 129 129 387 138 129 388 130 129 389 130 130 390 139 130 391 131 130 392 131 131 393 140 131 394 132 131 395 132 132 396 141 132 397 133 132 398 133 133 399 142 133 400 134 133 401 175 134 402 134 134 403 142 134 404 127 135 405 136 135 406 128 135 407 141 136 408 148 136 409 149 136 410 142 137 411 149 137 412 150 137 413 175 138 414 142 138 415 150 138 416 136 139 417 143 139 418 144 139 419 137 140 420 144 140 421 145 140 422 138 141 423 145 141 424 146 141 425 139 142 426 146 142 427 147 142 428 140 143 429 147 143 430 148 143 431 146 144 432 153 144 433 154 144 434 147 145 435 154 145 436 155 145 437 148 146 438 155 146 439 156 146 440 149 147 441 156 147 442 157 147 443 150 148 444 157 148 445 158 148 446 175 149 447 150 149 448 158 149 449 144 150 450 151 150 451 152 150 452 145 151 453 152 151 454 153 151 455 158 152 456 165 152 457 166 152 458 175 153 459 158 153 460 166 153 461 152 154 462 159 154 463 160 154 464 153 155 465 160 155 466 161 155 467 154 156 468 161 156 469 162 156 470 155 157 471 162 157 472 163 157 473 156 158 474 163 158 475 164 158 476 157 159 477 164 159 478 165 159 479 163 160 480 170 160 481 171 160 482 164 161 483 171 161 484 172 161 485 165 162 486 172 162 487 173 162 488 166 163 489 173 163 490 174 163 491 175 164 492 166 164 493 174 164 494 160 165 495 167 165 496 168 165 497 161 166 498 168 166 499 169 166 500 162 167 501 169 167 502 170 167 503 175 168 504 174 168 505 183 168 506 168 169 507 176 169 508 177 169 509 169 170 510 177 170 511 178 170 512 170 171 513 178 171 514 179 171 515 171 172 516 179 172 517 180 172 518 172 173 519 180 173 520 181 173 521 173 174 522 181 174 523 182 174 524 174 175 525 182 175 526 183 175 527 180 176 528 187 176 529 188 176 530 181 177 531 188 177 532 189 177 533 182 178 534 189 178 535 190 178 536 183 179 537 190 179 538 191 179 539 175 180 540 183 180 541 191 180 542 177 181 543 184 181 544 185 181 545 178 182 546 185 182 547 186 182 548 179 183 549 186 183 550 187 183 551 175 184 552 191 184 553 199 184 554 185 185 555 192 185 556 193 185 557 186 186 558 193 186 559 194 186 560 187 187 561 194 187 562 195 187 563 188 188 564 195 188 565 196 188 566 189 189 567 196 189 568 197 189 569 190 190 570 197 190 571 198 190 572 191 191 573 198 191 574 199 191 575 197 192 576 204 192 577 205 192 578 198 193 579 205 193 580 206 193 581 199 194 582 206 194 583 207 194 584 175 195 585 199 195 586 207 195 587 193 196 588 200 196 589 201 196 590 194 197 591 201 197 592 202 197 593 195 198 594 202 198 595 203 198 596 196 199 597 203 199 598 204 199 599 200 200 600 209 200 601 201 200 602 201 201 603 210 201 604 202 201 605 202 202 606 211 202 607 203 202 608 203 203 609 212 203 610 204 203 611 204 204 612 213 204 613 205 204 614 205 205 615 214 205 616 206 205 617 206 206 618 215 206 619 207 206 620 175 207 621 207 207 622 215 207 623 212 208 624 221 208 625 213 208 626 213 209 627 222 209 628 214 209 629 214 210 630 223 210 631 215 210 632 175 211 633 215 211 634 223 211 635 208 212 636 217 212 637 209 212 638 209 213 639 218 213 640 210 213 641 210 214 642 219 214 643 211 214 644 211 215 645 220 215 646 212 215 647 217 216 648 226 216 649 218 216 650 218 217 651 227 217 652 219 217 653 219 218 654 228 218 655 220 218 656 220 219 657 229 219 658 221 219 659 221 220 660 230 220 661 222 220 662 222 221 663 231 221 664 223 221 665 175 222 666 223 222 667 231 222 668 216 223 669 225 223 670 217 223 671 229 224 672 238 224 673 230 224 674 230 225 675 239 225 676 231 225 677 175 226 678 231 226 679 239 226 680 224 227 681 233 227 682 225 227 683 225 228 684 234 228 685 226 228 686 226 229 687 235 229 688 227 229 689 227 230 690 236 230 691 228 230 692 228 231 693 237 231 694 229 231 695 234 232 696 243 232 697 235 232 698 235 233 699 244 233 700 236 233 701 236 234 702 245 234 703 237 234 704 237 235 705 246 235 706 238 235 707 238 236 708 247 236 709 239 236 710 175 237 711 239 237 712 247 237 713 232 238 714 241 238 715 233 238 716 233 239 717 242 239 718 234 239 719 246 240 720 255 240 721 247 240 722 175 241 723 247 241 724 255 241 725 240 242 726 249 242 727 241 242 728 241 243 729 250 243 730 242 243 731 242 244 732 251 244 733 243 244 734 243 245 735 252 245 736 244 245 737 244 246 738 253 246 739 245 246 740 245 247 741 254 247 742 246 247 743 250 248 744 259 248 745 251 248 746 251 249 747 260 249 748 252 249 749 252 250 750 261 250 751 253 250 752 253 251 753 262 251 754 254 251 755 254 252 756 263 252 757 255 252 758 175 253 759 255 253 760 263 253 761 248 254 762 257 254 763 249 254 764 249 255 765 258 255 766 250 255 767 262 256 768 268 256 769 263 256 770 175 257 771 263 257 772 268 257 773 256 258 774 13 258 775 257 258 776 257 259 777 264 259 778 258 259 779 258 260 780 14 260 781 259 260 782 259 261 783 265 261 784 260 261 785 260 262 786 266 262 787 261 262 788 261 263 789 267 263 790 262 263 791 525 264 792 278 264 793 279 264 794 432 265 795 525 265 796 279 265 797 270 266 798 272 266 799 273 266 800 521 267 801 273 267 802 274 267 803 271 268 804 274 268 805 275 268 806 522 269 807 275 269 808 276 269 809 523 270 810 276 270 811 277 270 812 524 271 813 277 271 814 278 271 815 278 272 816 285 272 817 286 272 818 279 273 819 286 273 820 287 273 821 432 274 822 279 274 823 287 274 824 273 275 825 280 275 826 281 275 827 274 276 828 281 276 829 282 276 830 275 277 831 282 277 832 283 277 833 276 278 834 283 278 835 284 278 836 277 279 837 284 279 838 285 279 839 282 280 840 289 280 841 290 280 842 283 281 843 290 281 844 291 281 845 284 282 846 291 282 847 292 282 848 285 283 849 292 283 850 293 283 851 286 284 852 293 284 853 294 284 854 287 285 855 294 285 856 295 285 857 432 286 858 287 286 859 295 286 860 281 287 861 288 287 862 289 287 863 294 288 864 301 288 865 302 288 866 295 289 867 302 289 868 303 289 869 432 290 870 295 290 871 303 290 872 289 291 873 296 291 874 297 291 875 290 292 876 297 292 877 298 292 878 291 293 879 298 293 880 299 293 881 292 294 882 299 294 883 300 294 884 293 295 885 300 295 886 301 295 887 299 296 888 306 296 889 307 296 890 300 297 891 307 297 892 308 297 893 301 298 894 308 298 895 309 298 896 302 299 897 309 299 898 310 299 899 303 300 900 310 300 901 311 300 902 432 301 903 303 301 904 311 301 905 297 302 906 304 302 907 305 302 908 298 303 909 305 303 910 306 303 911 311 304 912 318 304 913 319 304 914 432 305 915 311 305 916 319 305 917 305 306 918 312 306 919 313 306 920 306 307 921 313 307 922 314 307 923 307 308 924 314 308 925 315 308 926 308 309 927 315 309 928 316 309 929 309 310 930 316 310 931 317 310 932 310 311 933 317 311 934 318 311 935 315 312 936 322 312 937 323 312 938 316 313 939 323 313 940 324 313 941 317 314 942 324 314 943 325 314 944 318 315 945 325 315 946 326 315 947 319 316 948 326 316 949 327 316 950 432 317 951 319 317 952 327 317 953 313 318 954 320 318 955 321 318 956 314 319 957 321 319 958 322 319 959 327 320 960 334 320 961 335 320 962 432 321 963 327 321 964 335 321 965 321 322 966 328 322 967 329 322 968 322 323 969 329 323 970 330 323 971 323 324 972 330 324 973 331 324 974 324 325 975 331 325 976 332 325 977 325 326 978 332 326 979 333 326 980 326 327 981 333 327 982 334 327 983 331 328 984 340 328 985 332 328 986 332 329 987 341 329 988 333 329 989 333 330 990 342 330 991 334 330 992 334 331 993 343 331 994 335 331 995 432 332 996 335 332 997 343 332 998 328 333 999 337 333 1000 329 333 1001 329 334 1002 338 334 1003 330 334 1004 330 335 1005 339 335 1006 331 335 1007 432 336 1008 343 336 1009 351 336 1010 336 337 1011 345 337 1012 337 337 1013 337 338 1014 346 338 1015 338 338 1016 338 339 1017 347 339 1018 339 339 1019 339 340 1020 348 340 1021 340 340 1022 340 341 1023 349 341 1024 341 341 1025 341 342 1026 350 342 1027 342 342 1028 342 343 1029 351 343 1030 343 343 1031 348 344 1032 357 344 1033 349 344 1034 349 345 1035 358 345 1036 350 345 1037 350 346 1038 359 346 1039 351 346 1040 432 347 1041 351 347 1042 359 347 1043 344 348 1044 353 348 1045 345 348 1046 345 349 1047 354 349 1048 346 349 1049 346 350 1050 355 350 1051 347 350 1052 347 351 1053 356 351 1054 348 351 1055 352 352 1056 361 352 1057 353 352 1058 353 353 1059 362 353 1060 354 353 1061 354 354 1062 363 354 1063 355 354 1064 355 355 1065 364 355 1066 356 355 1067 356 356 1068 365 356 1069 357 356 1070 357 357 1071 366 357 1072 358 357 1073 358 358 1074 367 358 1075 359 358 1076 432 359 1077 359 359 1078 367 359 1079 364 360 1080 373 360 1081 365 360 1082 365 361 1083 374 361 1084 366 361 1085 366 362 1086 375 362 1087 367 362 1088 432 363 1089 367 363 1090 375 363 1091 360 364 1092 369 364 1093 361 364 1094 361 365 1095 370 365 1096 362 365 1097 362 366 1098 371 366 1099 363 366 1100 363 367 1101 372 367 1102 364 367 1103 369 368 1104 378 368 1105 370 368 1106 370 369 1107 379 369 1108 371 369 1109 371 370 1110 380 370 1111 372 370 1112 372 371 1113 381 371 1114 373 371 1115 373 372 1116 382 372 1117 374 372 1118 374 373 1119 383 373 1120 375 373 1121 432 374 1122 375 374 1123 383 374 1124 368 375 1125 377 375 1126 369 375 1127 381 376 1128 390 376 1129 382 376 1130 382 377 1131 391 377 1132 383 377 1133 432 378 1134 383 378 1135 391 378 1136 376 379 1137 385 379 1138 377 379 1139 377 380 1140 386 380 1141 378 380 1142 378 381 1143 387 381 1144 379 381 1145 379 382 1146 388 382 1147 380 382 1148 380 383 1149 389 383 1150 381 383 1151 385 384 1152 394 384 1153 386 384 1154 386 385 1155 395 385 1156 387 385 1157 387 386 1158 396 386 1159 388 386 1160 388 387 1161 397 387 1162 389 387 1163 389 388 1164 398 388 1165 390 388 1166 390 389 1167 399 389 1168 391 389 1169 432 390 1170 391 390 1171 399 390 1172 384 391 1173 393 391 1174 385 391 1175 398 392 1176 405 392 1177 406 392 1178 399 393 1179 406 393 1180 407 393 1181 432 394 1182 399 394 1183 407 394 1184 393 395 1185 400 395 1186 401 395 1187 394 396 1188 401 396 1189 402 396 1190 395 397 1191 402 397 1192 403 397 1193 396 398 1194 403 398 1195 404 398 1196 397 399 1197 404 399 1198 405 399 1199 403 400 1200 410 400 1201 411 400 1202 404 401 1203 411 401 1204 412 401 1205 405 402 1206 412 402 1207 413 402 1208 406 403 1209 413 403 1210 414 403 1211 407 404 1212 414 404 1213 415 404 1214 432 405 1215 407 405 1216 415 405 1217 401 406 1218 408 406 1219 409 406 1220 402 407 1221 409 407 1222 410 407 1223 415 408 1224 422 408 1225 423 408 1226 432 409 1227 415 409 1228 423 409 1229 409 410 1230 416 410 1231 417 410 1232 410 411 1233 417 411 1234 418 411 1235 411 412 1236 418 412 1237 419 412 1238 412 413 1239 419 413 1240 420 413 1241 413 414 1242 420 414 1243 421 414 1244 414 415 1245 421 415 1246 422 415 1247 420 416 1248 427 416 1249 428 416 1250 421 417 1251 428 417 1252 429 417 1253 422 418 1254 429 418 1255 430 418 1256 423 419 1257 430 419 1258 431 419 1259 432 420 1260 423 420 1261 431 420 1262 417 421 1263 424 421 1264 425 421 1265 418 422 1266 425 422 1267 426 422 1268 419 423 1269 426 423 1270 427 423 1271 432 424 1272 431 424 1273 440 424 1274 425 425 1275 433 425 1276 434 425 1277 426 426 1278 434 426 1279 435 426 1280 427 427 1281 435 427 1282 436 427 1283 428 428 1284 436 428 1285 437 428 1286 429 429 1287 437 429 1288 438 429 1289 430 430 1290 438 430 1291 439 430 1292 431 431 1293 439 431 1294 440 431 1295 437 432 1296 444 432 1297 445 432 1298 438 433 1299 445 433 1300 446 433 1301 439 434 1302 446 434 1303 447 434 1304 440 435 1305 447 435 1306 448 435 1307 432 436 1308 440 436 1309 448 436 1310 434 437 1311 441 437 1312 442 437 1313 435 438 1314 442 438 1315 443 438 1316 436 439 1317 443 439 1318 444 439 1319 432 440 1320 448 440 1321 456 440 1322 442 441 1323 449 441 1324 450 441 1325 443 442 1326 450 442 1327 451 442 1328 444 443 1329 451 443 1330 452 443 1331 445 444 1332 452 444 1333 453 444 1334 446 445 1335 453 445 1336 454 445 1337 447 446 1338 454 446 1339 455 446 1340 448 447 1341 455 447 1342 456 447 1343 454 448 1344 461 448 1345 462 448 1346 455 449 1347 462 449 1348 463 449 1349 456 450 1350 463 450 1351 464 450 1352 432 451 1353 456 451 1354 464 451 1355 450 452 1356 457 452 1357 458 452 1358 451 453 1359 458 453 1360 459 453 1361 452 454 1362 459 454 1363 460 454 1364 453 455 1365 460 455 1366 461 455 1367 457 456 1368 466 456 1369 458 456 1370 458 457 1371 467 457 1372 459 457 1373 459 458 1374 468 458 1375 460 458 1376 460 459 1377 469 459 1378 461 459 1379 461 460 1380 470 460 1381 462 460 1382 462 461 1383 471 461 1384 463 461 1385 463 462 1386 472 462 1387 464 462 1388 432 463 1389 464 463 1390 472 463 1391 469 464 1392 478 464 1393 470 464 1394 470 465 1395 479 465 1396 471 465 1397 471 466 1398 480 466 1399 472 466 1400 432 467 1401 472 467 1402 480 467 1403 465 468 1404 474 468 1405 466 468 1406 466 469 1407 475 469 1408 467 469 1409 467 470 1410 476 470 1411 468 470 1412 468 471 1413 477 471 1414 469 471 1415 474 472 1416 483 472 1417 475 472 1418 475 473 1419 484 473 1420 476 473 1421 476 474 1422 485 474 1423 477 474 1424 477 475 1425 486 475 1426 478 475 1427 478 476 1428 487 476 1429 479 476 1430 479 477 1431 488 477 1432 480 477 1433 432 478 1434 480 478 1435 488 478 1436 473 479 1437 482 479 1438 474 479 1439 486 480 1440 495 480 1441 487 480 1442 487 481 1443 496 481 1444 488 481 1445 432 482 1446 488 482 1447 496 482 1448 481 483 1449 490 483 1450 482 483 1451 482 484 1452 491 484 1453 483 484 1454 483 485 1455 492 485 1456 484 485 1457 484 486 1458 493 486 1459 485 486 1460 485 487 1461 494 487 1462 486 487 1463 491 488 1464 500 488 1465 492 488 1466 492 489 1467 501 489 1468 493 489 1469 493 490 1470 502 490 1471 494 490 1472 494 491 1473 503 491 1474 495 491 1475 15 492 1476 280 492 1477 23 492 1478 495 493 1479 504 493 1480 496 493 1481 12 494 1482 272 494 1483 15 494 1484 432 495 1485 496 495 1486 504 495 1487 489 496 1488 498 496 1489 490 496 1490 490 497 1491 499 497 1492 491 497 1493 503 498 1494 512 498 1495 504 498 1496 432 499 1497 504 499 1498 512 499 1499 497 500 1500 506 500 1501 498 500 1502 498 501 1503 507 501 1504 499 501 1505 499 502 1506 508 502 1507 500 502 1508 500 503 1509 509 503 1510 501 503 1511 501 504 1512 510 504 1513 502 504 1514 502 505 1515 511 505 1516 503 505 1517 507 506 1518 516 506 1519 508 506 1520 508 507 1521 517 507 1522 509 507 1523 509 508 1524 518 508 1525 510 508 1526 510 509 1527 519 509 1528 511 509 1529 511 510 1530 520 510 1531 512 510 1532 432 511 1533 512 511 1534 520 511 1535 505 512 1536 514 512 1537 506 512 1538 506 513 1539 515 513 1540 507 513 1541 519 514 1542 525 514 1543 520 514 1544 432 515 1545 520 515 1546 525 515 1547 513 516 1548 270 516 1549 514 516 1550 514 517 1551 521 517 1552 515 517 1553 515 518 1554 271 518 1555 516 518 1556 516 519 1557 522 519 1558 517 519 1559 517 520 1560 523 520 1561 518 520 1562 518 521 1563 524 521 1564 519 521 1565 23 522 1566 288 522 1567 31 522 1568 31 523 1569 296 523 1570 39 523 1571 39 524 1572 304 524 1573 47 524 1574 47 525 1575 312 525 1576 55 525 1577 55 526 1578 320 526 1579 63 526 1580 63 527 1581 328 527 1582 71 527 1583 328 528 1584 79 528 1585 71 528 1586 87 529 1587 336 529 1588 344 529 1589 344 530 1590 95 530 1591 87 530 1592 103 531 1593 352 531 1594 360 531 1595 360 532 1596 111 532 1597 103 532 1598 368 533 1599 119 533 1600 111 533 1601 376 534 1602 127 534 1603 119 534 1604 384 535 1605 135 535 1606 127 535 1607 135 536 1608 400 536 1609 143 536 1610 143 537 1611 408 537 1612 151 537 1613 151 538 1614 416 538 1615 159 538 1616 159 539 1617 424 539 1618 167 539 1619 167 540 1620 433 540 1621 176 540 1622 176 541 1623 441 541 1624 184 541 1625 184 542 1626 449 542 1627 192 542 1628 192 543 1629 457 543 1630 200 543 1631 208 544 1632 457 544 1633 465 544 1634 465 545 1635 216 545 1636 208 545 1637 473 546 1638 224 546 1639 216 546 1640 481 547 1641 232 547 1642 224 547 1643 489 548 1644 240 548 1645 232 548 1646 497 549 1647 248 549 1648 240 549 1649 505 550 1650 256 550 1651 248 550 1652 513 551 1653 12 551 1654 256 551 1655 533 552 1656 529 552 1657 531 552 1658 531 553 1659 528 553 1660 530 553 1661 536 554 1662 537 554 1663 533 554 1664 530 555 1665 526 555 1666 527 555 1667 535 556 1668 527 556 1669 526 556 1670 533 557 1671 534 557 1672 532 557 1673 535 558 1674 537 558 1675 536 558 1676 529 559 1677 532 559 1678 534 559 1679 7 560 1680 6 560 1681 3 560 1682 5 561 1683 3 561 1684 2 561 1685 4 562 1686 1 562 1687 10 562 1688 5 563 1689 4 563 1690 10 563 1691 10 564 1692 11 564 1693 7 564 1694 4 565 1695 2 565 1696 0 565 1697 0 566 1698 9 566 1699 10 566 1700 7 567 1701 11 567 1702 8 567 1703 9 568 1704 8 568 1705 11 568 1706 0 569 1707 2 569 1708 9 569 1709 2 570 1710 3 570 1711 9 570 1712 3 571 1713 6 571 1714 8 571 1715 268 572 1716 267 572 1717 21 572 1718 13 573 1719 12 573 1720 15 573 1721 264 574 1722 13 574 1723 16 574 1724 14 575 1725 264 575 1726 17 575 1727 265 576 1728 14 576 1729 18 576 1730 266 577 1731 265 577 1732 19 577 1733 267 578 1734 266 578 1735 20 578 1736 21 579 1737 20 579 1738 28 579 1739 22 580 1740 21 580 1741 29 580 1742 16 581 1743 15 581 1744 23 581 1745 17 582 1746 16 582 1747 24 582 1748 18 583 1749 17 583 1750 25 583 1751 19 584 1752 18 584 1753 26 584 1754 20 585 1755 19 585 1756 27 585 1757 25 586 1758 24 586 1759 32 586 1760 26 587 1761 25 587 1762 33 587 1763 27 588 1764 26 588 1765 34 588 1766 28 589 1767 27 589 1768 35 589 1769 29 590 1770 28 590 1771 36 590 1772 30 591 1773 29 591 1774 37 591 1775 24 592 1776 23 592 1777 31 592 1778 37 593 1779 36 593 1780 44 593 1781 38 594 1782 37 594 1783 45 594 1784 32 595 1785 31 595 1786 39 595 1787 33 596 1788 32 596 1789 40 596 1790 34 597 1791 33 597 1792 41 597 1793 35 598 1794 34 598 1795 42 598 1796 36 599 1797 35 599 1798 43 599 1799 42 600 1800 41 600 1801 49 600 1802 43 601 1803 42 601 1804 50 601 1805 44 602 1806 43 602 1807 51 602 1808 45 603 1809 44 603 1810 52 603 1811 46 604 1812 45 604 1813 53 604 1814 40 605 1815 39 605 1816 47 605 1817 41 606 1818 40 606 1819 48 606 1820 54 607 1821 53 607 1822 61 607 1823 48 608 1824 47 608 1825 55 608 1826 49 609 1827 48 609 1828 56 609 1829 50 610 1830 49 610 1831 57 610 1832 51 611 1833 50 611 1834 58 611 1835 52 612 1836 51 612 1837 59 612 1838 53 613 1839 52 613 1840 60 613 1841 58 614 1842 57 614 1843 65 614 1844 59 615 1845 58 615 1846 66 615 1847 60 616 1848 59 616 1849 67 616 1850 61 617 1851 60 617 1852 68 617 1853 62 618 1854 61 618 1855 69 618 1856 56 619 1857 55 619 1858 63 619 1859 57 620 1860 56 620 1861 64 620 1862 70 621 1863 69 621 1864 77 621 1865 64 622 1866 63 622 1867 71 622 1868 65 623 1869 64 623 1870 72 623 1871 66 624 1872 65 624 1873 73 624 1874 67 625 1875 66 625 1876 74 625 1877 68 626 1878 67 626 1879 75 626 1880 69 627 1881 68 627 1882 76 627 1883 74 628 1884 82 628 1885 83 628 1886 75 629 1887 83 629 1888 84 629 1889 76 630 1890 84 630 1891 85 630 1892 77 631 1893 85 631 1894 86 631 1895 71 632 1896 79 632 1897 80 632 1898 72 633 1899 80 633 1900 81 633 1901 73 634 1902 81 634 1903 82 634 1904 79 635 1905 87 635 1906 88 635 1907 80 636 1908 88 636 1909 89 636 1910 81 637 1911 89 637 1912 90 637 1913 82 638 1914 90 638 1915 91 638 1916 83 639 1917 91 639 1918 92 639 1919 84 640 1920 92 640 1921 93 640 1922 85 641 1923 93 641 1924 94 641 1925 91 642 1926 99 642 1927 100 642 1928 92 643 1929 100 643 1930 101 643 1931 93 644 1932 101 644 1933 102 644 1934 87 645 1935 95 645 1936 96 645 1937 88 646 1938 96 646 1939 97 646 1940 89 647 1941 97 647 1942 98 647 1943 90 648 1944 98 648 1945 99 648 1946 95 649 1947 103 649 1948 104 649 1949 96 650 1950 104 650 1951 105 650 1952 97 651 1953 105 651 1954 106 651 1955 98 652 1956 106 652 1957 107 652 1958 99 653 1959 107 653 1960 108 653 1961 100 654 1962 108 654 1963 109 654 1964 101 655 1965 109 655 1966 110 655 1967 107 656 1968 115 656 1969 116 656 1970 108 657 1971 116 657 1972 117 657 1973 109 658 1974 117 658 1975 118 658 1976 103 659 1977 111 659 1978 112 659 1979 104 660 1980 112 660 1981 113 660 1982 105 661 1983 113 661 1984 114 661 1985 106 662 1986 114 662 1987 115 662 1988 112 663 1989 120 663 1990 121 663 1991 113 664 1992 121 664 1993 122 664 1994 114 665 1995 122 665 1996 123 665 1997 115 666 1998 123 666 1999 124 666 2000 116 667 2001 124 667 2002 125 667 2003 117 668 2004 125 668 2005 126 668 2006 111 669 2007 119 669 2008 120 669 2009 124 670 2010 132 670 2011 133 670 2012 125 671 2013 133 671 2014 134 671 2015 119 672 2016 127 672 2017 128 672 2018 120 673 2019 128 673 2020 129 673 2021 121 674 2022 129 674 2023 130 674 2024 122 675 2025 130 675 2026 131 675 2027 123 676 2028 131 676 2029 132 676 2030 128 677 2031 136 677 2032 137 677 2033 129 678 2034 137 678 2035 138 678 2036 130 679 2037 138 679 2038 139 679 2039 131 680 2040 139 680 2041 140 680 2042 132 681 2043 140 681 2044 141 681 2045 133 682 2046 141 682 2047 142 682 2048 127 683 2049 135 683 2050 136 683 2051 141 684 2052 140 684 2053 148 684 2054 142 685 2055 141 685 2056 149 685 2057 136 686 2058 135 686 2059 143 686 2060 137 687 2061 136 687 2062 144 687 2063 138 688 2064 137 688 2065 145 688 2066 139 689 2067 138 689 2068 146 689 2069 140 690 2070 139 690 2071 147 690 2072 146 691 2073 145 691 2074 153 691 2075 147 692 2076 146 692 2077 154 692 2078 148 693 2079 147 693 2080 155 693 2081 149 694 2082 148 694 2083 156 694 2084 150 695 2085 149 695 2086 157 695 2087 144 696 2088 143 696 2089 151 696 2090 145 697 2091 144 697 2092 152 697 2093 158 698 2094 157 698 2095 165 698 2096 152 699 2097 151 699 2098 159 699 2099 153 700 2100 152 700 2101 160 700 2102 154 701 2103 153 701 2104 161 701 2105 155 702 2106 154 702 2107 162 702 2108 156 703 2109 155 703 2110 163 703 2111 157 704 2112 156 704 2113 164 704 2114 163 705 2115 162 705 2116 170 705 2117 164 706 2118 163 706 2119 171 706 2120 165 707 2121 164 707 2122 172 707 2123 166 708 2124 165 708 2125 173 708 2126 160 709 2127 159 709 2128 167 709 2129 161 710 2130 160 710 2131 168 710 2132 162 711 2133 161 711 2134 169 711 2135 168 712 2136 167 712 2137 176 712 2138 169 713 2139 168 713 2140 177 713 2141 170 714 2142 169 714 2143 178 714 2144 171 715 2145 170 715 2146 179 715 2147 172 716 2148 171 716 2149 180 716 2150 173 717 2151 172 717 2152 181 717 2153 174 718 2154 173 718 2155 182 718 2156 180 719 2157 179 719 2158 187 719 2159 181 720 2160 180 720 2161 188 720 2162 182 721 2163 181 721 2164 189 721 2165 183 722 2166 182 722 2167 190 722 2168 177 723 2169 176 723 2170 184 723 2171 178 724 2172 177 724 2173 185 724 2174 179 725 2175 178 725 2176 186 725 2177 185 726 2178 184 726 2179 192 726 2180 186 727 2181 185 727 2182 193 727 2183 187 728 2184 186 728 2185 194 728 2186 188 729 2187 187 729 2188 195 729 2189 189 730 2190 188 730 2191 196 730 2192 190 731 2193 189 731 2194 197 731 2195 191 732 2196 190 732 2197 198 732 2198 197 733 2199 196 733 2200 204 733 2201 198 734 2202 197 734 2203 205 734 2204 199 735 2205 198 735 2206 206 735 2207 193 736 2208 192 736 2209 200 736 2210 194 737 2211 193 737 2212 201 737 2213 195 738 2214 194 738 2215 202 738 2216 196 739 2217 195 739 2218 203 739 2219 200 740 2220 208 740 2221 209 740 2222 201 741 2223 209 741 2224 210 741 2225 202 742 2226 210 742 2227 211 742 2228 203 743 2229 211 743 2230 212 743 2231 204 744 2232 212 744 2233 213 744 2234 205 745 2235 213 745 2236 214 745 2237 206 746 2238 214 746 2239 215 746 2240 212 747 2241 220 747 2242 221 747 2243 213 748 2244 221 748 2245 222 748 2246 214 749 2247 222 749 2248 223 749 2249 208 750 2250 216 750 2251 217 750 2252 209 751 2253 217 751 2254 218 751 2255 210 752 2256 218 752 2257 219 752 2258 211 753 2259 219 753 2260 220 753 2261 217 754 2262 225 754 2263 226 754 2264 218 755 2265 226 755 2266 227 755 2267 219 756 2268 227 756 2269 228 756 2270 220 757 2271 228 757 2272 229 757 2273 221 758 2274 229 758 2275 230 758 2276 222 759 2277 230 759 2278 231 759 2279 216 760 2280 224 760 2281 225 760 2282 229 761 2283 237 761 2284 238 761 2285 230 762 2286 238 762 2287 239 762 2288 224 763 2289 232 763 2290 233 763 2291 225 764 2292 233 764 2293 234 764 2294 226 765 2295 234 765 2296 235 765 2297 227 766 2298 235 766 2299 236 766 2300 228 767 2301 236 767 2302 237 767 2303 234 768 2304 242 768 2305 243 768 2306 235 769 2307 243 769 2308 244 769 2309 236 770 2310 244 770 2311 245 770 2312 237 771 2313 245 771 2314 246 771 2315 238 772 2316 246 772 2317 247 772 2318 232 773 2319 240 773 2320 241 773 2321 233 774 2322 241 774 2323 242 774 2324 246 775 2325 254 775 2326 255 775 2327 240 776 2328 248 776 2329 249 776 2330 241 777 2331 249 777 2332 250 777 2333 242 778 2334 250 778 2335 251 778 2336 243 779 2337 251 779 2338 252 779 2339 244 780 2340 252 780 2341 253 780 2342 245 781 2343 253 781 2344 254 781 2345 250 782 2346 258 782 2347 259 782 2348 251 783 2349 259 783 2350 260 783 2351 252 784 2352 260 784 2353 261 784 2354 253 785 2355 261 785 2356 262 785 2357 254 786 2358 262 786 2359 263 786 2360 248 787 2361 256 787 2362 257 787 2363 249 788 2364 257 788 2365 258 788 2366 262 789 2367 267 789 2368 268 789 2369 256 790 2370 12 790 2371 13 790 2372 257 791 2373 13 791 2374 264 791 2375 258 792 2376 264 792 2377 14 792 2378 259 793 2379 14 793 2380 265 793 2381 260 794 2382 265 794 2383 266 794 2384 261 795 2385 266 795 2386 267 795 2387 525 796 2388 524 796 2389 278 796 2390 270 797 2391 269 797 2392 272 797 2393 521 798 2394 270 798 2395 273 798 2396 271 799 2397 521 799 2398 274 799 2399 522 800 2400 271 800 2401 275 800 2402 523 801 2403 522 801 2404 276 801 2405 524 802 2406 523 802 2407 277 802 2408 278 803 2409 277 803 2410 285 803 2411 279 804 2412 278 804 2413 286 804 2414 273 805 2415 272 805 2416 280 805 2417 274 806 2418 273 806 2419 281 806 2420 275 807 2421 274 807 2422 282 807 2423 276 808 2424 275 808 2425 283 808 2426 277 809 2427 276 809 2428 284 809 2429 282 810 2430 281 810 2431 289 810 2432 283 811 2433 282 811 2434 290 811 2435 284 812 2436 283 812 2437 291 812 2438 285 813 2439 284 813 2440 292 813 2441 286 814 2442 285 814 2443 293 814 2444 287 815 2445 286 815 2446 294 815 2447 281 816 2448 280 816 2449 288 816 2450 294 817 2451 293 817 2452 301 817 2453 295 818 2454 294 818 2455 302 818 2456 289 819 2457 288 819 2458 296 819 2459 290 820 2460 289 820 2461 297 820 2462 291 821 2463 290 821 2464 298 821 2465 292 822 2466 291 822 2467 299 822 2468 293 823 2469 292 823 2470 300 823 2471 299 824 2472 298 824 2473 306 824 2474 300 825 2475 299 825 2476 307 825 2477 301 826 2478 300 826 2479 308 826 2480 302 827 2481 301 827 2482 309 827 2483 303 828 2484 302 828 2485 310 828 2486 297 829 2487 296 829 2488 304 829 2489 298 830 2490 297 830 2491 305 830 2492 311 831 2493 310 831 2494 318 831 2495 305 832 2496 304 832 2497 312 832 2498 306 833 2499 305 833 2500 313 833 2501 307 834 2502 306 834 2503 314 834 2504 308 835 2505 307 835 2506 315 835 2507 309 836 2508 308 836 2509 316 836 2510 310 837 2511 309 837 2512 317 837 2513 315 838 2514 314 838 2515 322 838 2516 316 839 2517 315 839 2518 323 839 2519 317 840 2520 316 840 2521 324 840 2522 318 841 2523 317 841 2524 325 841 2525 319 842 2526 318 842 2527 326 842 2528 313 843 2529 312 843 2530 320 843 2531 314 844 2532 313 844 2533 321 844 2534 327 845 2535 326 845 2536 334 845 2537 321 846 2538 320 846 2539 328 846 2540 322 847 2541 321 847 2542 329 847 2543 323 848 2544 322 848 2545 330 848 2546 324 849 2547 323 849 2548 331 849 2549 325 850 2550 324 850 2551 332 850 2552 326 851 2553 325 851 2554 333 851 2555 331 852 2556 339 852 2557 340 852 2558 332 853 2559 340 853 2560 341 853 2561 333 854 2562 341 854 2563 342 854 2564 334 855 2565 342 855 2566 343 855 2567 328 856 2568 336 856 2569 337 856 2570 329 857 2571 337 857 2572 338 857 2573 330 858 2574 338 858 2575 339 858 2576 336 859 2577 344 859 2578 345 859 2579 337 860 2580 345 860 2581 346 860 2582 338 861 2583 346 861 2584 347 861 2585 339 862 2586 347 862 2587 348 862 2588 340 863 2589 348 863 2590 349 863 2591 341 864 2592 349 864 2593 350 864 2594 342 865 2595 350 865 2596 351 865 2597 348 866 2598 356 866 2599 357 866 2600 349 867 2601 357 867 2602 358 867 2603 350 868 2604 358 868 2605 359 868 2606 344 869 2607 352 869 2608 353 869 2609 345 870 2610 353 870 2611 354 870 2612 346 871 2613 354 871 2614 355 871 2615 347 872 2616 355 872 2617 356 872 2618 352 873 2619 360 873 2620 361 873 2621 353 874 2622 361 874 2623 362 874 2624 354 875 2625 362 875 2626 363 875 2627 355 876 2628 363 876 2629 364 876 2630 356 877 2631 364 877 2632 365 877 2633 357 878 2634 365 878 2635 366 878 2636 358 879 2637 366 879 2638 367 879 2639 364 880 2640 372 880 2641 373 880 2642 365 881 2643 373 881 2644 374 881 2645 366 882 2646 374 882 2647 375 882 2648 360 883 2649 368 883 2650 369 883 2651 361 884 2652 369 884 2653 370 884 2654 362 885 2655 370 885 2656 371 885 2657 363 886 2658 371 886 2659 372 886 2660 369 887 2661 377 887 2662 378 887 2663 370 888 2664 378 888 2665 379 888 2666 371 889 2667 379 889 2668 380 889 2669 372 890 2670 380 890 2671 381 890 2672 373 891 2673 381 891 2674 382 891 2675 374 892 2676 382 892 2677 383 892 2678 368 893 2679 376 893 2680 377 893 2681 381 894 2682 389 894 2683 390 894 2684 382 895 2685 390 895 2686 391 895 2687 376 896 2688 384 896 2689 385 896 2690 377 897 2691 385 897 2692 386 897 2693 378 898 2694 386 898 2695 387 898 2696 379 899 2697 387 899 2698 388 899 2699 380 900 2700 388 900 2701 389 900 2702 385 901 2703 393 901 2704 394 901 2705 386 902 2706 394 902 2707 395 902 2708 387 903 2709 395 903 2710 396 903 2711 388 904 2712 396 904 2713 397 904 2714 389 905 2715 397 905 2716 398 905 2717 390 906 2718 398 906 2719 399 906 2720 384 907 2721 392 907 2722 393 907 2723 398 908 2724 397 908 2725 405 908 2726 399 909 2727 398 909 2728 406 909 2729 393 910 2730 392 910 2731 400 910 2732 394 911 2733 393 911 2734 401 911 2735 395 912 2736 394 912 2737 402 912 2738 396 913 2739 395 913 2740 403 913 2741 397 914 2742 396 914 2743 404 914 2744 403 915 2745 402 915 2746 410 915 2747 404 916 2748 403 916 2749 411 916 2750 405 917 2751 404 917 2752 412 917 2753 406 918 2754 405 918 2755 413 918 2756 407 919 2757 406 919 2758 414 919 2759 401 920 2760 400 920 2761 408 920 2762 402 921 2763 401 921 2764 409 921 2765 415 922 2766 414 922 2767 422 922 2768 409 923 2769 408 923 2770 416 923 2771 410 924 2772 409 924 2773 417 924 2774 411 925 2775 410 925 2776 418 925 2777 412 926 2778 411 926 2779 419 926 2780 413 927 2781 412 927 2782 420 927 2783 414 928 2784 413 928 2785 421 928 2786 420 929 2787 419 929 2788 427 929 2789 421 930 2790 420 930 2791 428 930 2792 422 931 2793 421 931 2794 429 931 2795 423 932 2796 422 932 2797 430 932 2798 417 933 2799 416 933 2800 424 933 2801 418 934 2802 417 934 2803 425 934 2804 419 935 2805 418 935 2806 426 935 2807 425 936 2808 424 936 2809 433 936 2810 426 937 2811 425 937 2812 434 937 2813 427 938 2814 426 938 2815 435 938 2816 428 939 2817 427 939 2818 436 939 2819 429 940 2820 428 940 2821 437 940 2822 430 941 2823 429 941 2824 438 941 2825 431 942 2826 430 942 2827 439 942 2828 437 943 2829 436 943 2830 444 943 2831 438 944 2832 437 944 2833 445 944 2834 439 945 2835 438 945 2836 446 945 2837 440 946 2838 439 946 2839 447 946 2840 434 947 2841 433 947 2842 441 947 2843 435 948 2844 434 948 2845 442 948 2846 436 949 2847 435 949 2848 443 949 2849 442 950 2850 441 950 2851 449 950 2852 443 951 2853 442 951 2854 450 951 2855 444 952 2856 443 952 2857 451 952 2858 445 953 2859 444 953 2860 452 953 2861 446 954 2862 445 954 2863 453 954 2864 447 955 2865 446 955 2866 454 955 2867 448 956 2868 447 956 2869 455 956 2870 454 957 2871 453 957 2872 461 957 2873 455 958 2874 454 958 2875 462 958 2876 456 959 2877 455 959 2878 463 959 2879 450 960 2880 449 960 2881 457 960 2882 451 961 2883 450 961 2884 458 961 2885 452 962 2886 451 962 2887 459 962 2888 453 963 2889 452 963 2890 460 963 2891 457 964 2892 465 964 2893 466 964 2894 458 965 2895 466 965 2896 467 965 2897 459 966 2898 467 966 2899 468 966 2900 460 967 2901 468 967 2902 469 967 2903 461 968 2904 469 968 2905 470 968 2906 462 969 2907 470 969 2908 471 969 2909 463 970 2910 471 970 2911 472 970 2912 469 971 2913 477 971 2914 478 971 2915 470 972 2916 478 972 2917 479 972 2918 471 973 2919 479 973 2920 480 973 2921 465 974 2922 473 974 2923 474 974 2924 466 975 2925 474 975 2926 475 975 2927 467 976 2928 475 976 2929 476 976 2930 468 977 2931 476 977 2932 477 977 2933 474 978 2934 482 978 2935 483 978 2936 475 979 2937 483 979 2938 484 979 2939 476 980 2940 484 980 2941 485 980 2942 477 981 2943 485 981 2944 486 981 2945 478 982 2946 486 982 2947 487 982 2948 479 983 2949 487 983 2950 488 983 2951 473 984 2952 481 984 2953 482 984 2954 486 985 2955 494 985 2956 495 985 2957 487 986 2958 495 986 2959 496 986 2960 481 987 2961 489 987 2962 490 987 2963 482 988 2964 490 988 2965 491 988 2966 483 989 2967 491 989 2968 492 989 2969 484 990 2970 492 990 2971 493 990 2972 485 991 2973 493 991 2974 494 991 2975 491 992 2976 499 992 2977 500 992 2978 492 993 2979 500 993 2980 501 993 2981 493 994 2982 501 994 2983 502 994 2984 494 995 2985 502 995 2986 503 995 2987 15 996 2988 272 996 2989 280 996 2990 495 997 2991 503 997 2992 504 997 2993 12 998 2994 269 998 2995 272 998 2996 489 999 2997 497 999 2998 498 999 2999 490 1000 3000 498 1000 3001 499 1000 3002 503 1001 3003 511 1001 3004 512 1001 3005 497 1002 3006 505 1002 3007 506 1002 3008 498 1003 3009 506 1003 3010 507 1003 3011 499 1004 3012 507 1004 3013 508 1004 3014 500 1005 3015 508 1005 3016 509 1005 3017 501 1006 3018 509 1006 3019 510 1006 3020 502 1007 3021 510 1007 3022 511 1007 3023 507 1008 3024 515 1008 3025 516 1008 3026 508 1009 3027 516 1009 3028 517 1009 3029 509 1010 3030 517 1010 3031 518 1010 3032 510 1011 3033 518 1011 3034 519 1011 3035 511 1012 3036 519 1012 3037 520 1012 3038 505 1013 3039 513 1013 3040 514 1013 3041 506 1014 3042 514 1014 3043 515 1014 3044 519 1015 3045 524 1015 3046 525 1015 3047 513 1016 3048 269 1016 3049 270 1016 3050 514 1017 3051 270 1017 3052 521 1017 3053 515 1018 3054 521 1018 3055 271 1018 3056 516 1019 3057 271 1019 3058 522 1019 3059 517 1020 3060 522 1020 3061 523 1020 3062 518 1021 3063 523 1021 3064 524 1021 3065 23 1022 3066 280 1022 3067 288 1022 3068 31 1023 3069 288 1023 3070 296 1023 3071 39 1024 3072 296 1024 3073 304 1024 3074 47 1025 3075 304 1025 3076 312 1025 3077 55 1026 3078 312 1026 3079 320 1026 3080 63 1027 3081 320 1027 3082 328 1027 3083 328 1028 3084 336 1028 3085 79 1028 3086 87 1029 3087 79 1029 3088 336 1029 3089 344 1030 3090 352 1030 3091 95 1030 3092 103 1031 3093 95 1031 3094 352 1031 3095 360 1032 3096 368 1032 3097 111 1032 3098 368 1033 3099 376 1033 3100 119 1033 3101 376 1034 3102 384 1034 3103 127 1034 3104 384 1035 3105 392 1035 3106 135 1035 3107 135 1036 3108 392 1036 3109 400 1036 3110 143 1037 3111 400 1037 3112 408 1037 3113 151 1038 3114 408 1038 3115 416 1038 3116 159 1039 3117 416 1039 3118 424 1039 3119 167 1040 3120 424 1040 3121 433 1040 3122 176 1041 3123 433 1041 3124 441 1041 3125 184 1042 3126 441 1042 3127 449 1042 3128 192 1043 3129 449 1043 3130 457 1043 3131 208 1044 3132 200 1044 3133 457 1044 3134 465 1045 3135 473 1045 3136 216 1045 3137 473 1046 3138 481 1046 3139 224 1046 3140 481 1047 3141 489 1047 3142 232 1047 3143 489 1048 3144 497 1048 3145 240 1048 3146 497 1049 3147 505 1049 3148 248 1049 3149 505 1050 3150 513 1050 3151 256 1050 3152 513 1051 3153 269 1051 3154 12 1051 3155 533 1052 3156 532 1052 3157 529 1052 3158 531 1053 3159 529 1053 3160 528 1053 3161 530 1054 3162 527 1054 3163 533 1054 3164 527 1055 3165 536 1055 3166 533 1055 3167 531 1056 3168 530 1056 3169 533 1056 3170 530 1057 3171 528 1057 3172 526 1057 3173 535 1058 3174 536 1058 3175 527 1058 3176 533 1059 3177 537 1059 3178 534 1059 3179 535 1060 3180 534 1060 3181 537 1060 3182 526 1061 3183 528 1061 3184 534 1061 3185 528 1062 3186 529 1062 3187 534 1062 3188 535 1063 3189 526 1063 3190 534 1063 3191</p>
        </triangles>
      </mesh>
    </geometry>
    <geometry id="Cube_003-mesh" name="Cube.003">
      <mesh>
        <source id="Cube_003-mesh-positions">
          <float_array id="Cube_003-mesh-positions-array" count="1614">-1 -1 -1 -1 1 -1 1 -1 -1 1 -1 1 1 1 -1 1 1 1 -0.9634958 -1 1 -0.9634958 1 1 -0.9634958 -1 1 -1 -1 -0.3668113 -1 1 -0.3668115 -0.9634958 1 1 -6.098873 3.895911 -72.68577 -6.098873 3.821052 -75.82395 -6.098873 3.239331 -81.62256 -6.366577 3.821052 -72.68577 -6.361433 3.747631 -75.82395 -6.346199 3.530192 -78.84154 -6.321461 3.177088 -81.62256 -6.288168 2.701892 -84.06015 -6.247601 2.122863 -86.06063 -6.201319 1.462253 -87.54711 -6.151099 0.7454503 -88.46249 -6.623993 3.599352 -72.68577 -6.613903 3.530192 -75.82395 -6.584021 3.325368 -78.84154 -6.535494 2.992752 -81.62256 -6.470189 2.545126 -84.06015 -6.390614 1.999693 -86.06063 -6.299828 1.377413 -87.54711 -6.201319 0.7021988 -88.46249 -6.861229 3.239331 -72.68577 -6.846581 3.177088 -75.82395 -6.803198 2.992752 -78.84154 -6.732749 2.693405 -81.62256 -6.63794 2.290553 -84.06015 -6.522415 1.799676 -86.06063 -6.390614 1.239639 -87.54711 -6.247601 0.6319622 -88.46249 -7.069169 2.754824 -72.68577 -7.050525 2.701891 -75.82395 -6.995309 2.545126 -78.84154 -6.905644 2.290553 -81.62256 -6.784976 1.947955 -84.06015 -6.63794 1.530498 -86.06063 -6.470189 1.054226 -87.54711 -6.288168 0.5374396 -88.46249 -7.23982 2.164451 -72.68577 -7.217897 2.122862 -75.82395 -7.15297 1.999693 -78.84154 -7.047536 1.799676 -81.62256 -6.905644 1.530499 -84.06015 -6.732749 1.202505 -86.06063 -6.535494 0.8282999 -87.54711 -6.32146 0.4222636 -88.46249 -7.366625 1.4909 -72.68577 -7.342266 1.462253 -75.82395 -7.270123 1.377413 -78.84154 -7.15297 1.239638 -81.62256 -6.995309 1.054226 -84.06015 -6.803198 0.8282997 -86.06063 -6.584021 0.5705429 -87.54711 -6.346199 0.2908602 -88.46249 -7.444712 0.7600538 -72.68577 -7.418852 0.7454499 -75.82395 -7.342266 0.702199 -78.84154 -7.217897 0.6319618 -81.62256 -7.050525 0.5374398 -84.06015 -6.846581 0.4222635 -86.06063 -6.613903 0.2908602 -87.54711 -6.361433 0.1482792 -88.46249 -7.471078 -6.3859e-7 -72.68577 -7.444712 -3.48322e-7 -75.82395 -7.366626 1.74161e-7 -78.84154 -7.23982 -3.48322e-7 -81.62256 -7.069169 0 -84.06015 -6.861229 -2.03188e-7 -86.06063 -6.623993 0 -87.54711 -6.366577 0 -88.46249 -7.444712 -0.760055 -72.68577 -7.418852 -0.7454505 -75.82395 -7.342266 -0.7021986 -78.84154 -7.217897 -0.6319625 -81.62256 -7.050525 -0.5374396 -84.06015 -6.846581 -0.4222638 -86.06063 -6.613903 -0.2908603 -87.54711 -6.361433 -0.1482793 -88.46249 -7.366625 -1.490901 -72.68577 -7.342266 -1.462253 -75.82395 -7.270123 -1.377412 -78.84154 -7.15297 -1.239639 -81.62256 -6.995309 -1.054226 -84.06015 -6.803198 -0.8283 -86.06063 -6.584021 -0.570543 -87.54711 -6.346199 -0.2908602 -88.46249 -7.23982 -2.164452 -72.68577 -7.217897 -2.122863 -75.82395 -7.15297 -1.999693 -78.84154 -7.047535 -1.799676 -81.62256 -6.905644 -1.530499 -84.06015 -6.732749 -1.202505 -86.06063 -6.535494 -0.8282999 -87.54711 -6.32146 -0.4222635 -88.46249 -7.069168 -2.754825 -72.68577 -7.050525 -2.701891 -75.82395 -6.995309 -2.545126 -78.84154 -6.905644 -2.290553 -81.62256 -6.784976 -1.947955 -84.06015 -6.63794 -1.530499 -86.06063 -6.470189 -1.054226 -87.54711 -6.288168 -0.5374395 -88.46249 -6.861229 -3.239331 -72.68577 -6.84658 -3.177088 -75.82395 -6.803198 -2.992751 -78.84154 -6.732749 -2.693405 -81.62256 -6.63794 -2.290553 -84.06015 -6.522415 -1.799676 -86.06063 -6.390614 -1.239638 -87.54711 -6.247601 -0.631962 -88.46249 -6.623992 -3.599351 -72.68577 -6.613903 -3.530191 -75.82395 -6.584021 -3.325367 -78.84154 -6.535494 -2.992751 -81.62256 -6.470189 -2.545126 -84.06015 -6.390614 -1.999692 -86.06063 -6.299828 -1.377412 -87.54711 -6.201319 -0.7021985 -88.46249 -6.366576 -3.82105 -72.68577 -6.361433 -3.747631 -75.82395 -6.346199 -3.530191 -78.84154 -6.32146 -3.177088 -81.62256 -6.288168 -2.701891 -84.06015 -6.247601 -2.122862 -86.06063 -6.201318 -1.462253 -87.54711 -6.151099 -0.7454499 -88.46249 -6.098872 -3.895908 -72.68577 -6.098873 -3.821051 -75.82395 -6.098873 -3.599351 -78.84154 -6.098873 -3.23933 -81.62256 -6.098873 -2.754825 -84.06015 -6.098873 -2.164451 -86.06063 -6.098873 -1.4909 -87.54711 -6.098873 -0.760054 -88.46249 -5.831168 -3.821049 -72.68577 -5.836312 -3.74763 -75.82395 -5.851546 -3.530191 -78.84154 -5.876285 -3.177087 -81.62256 -5.909577 -2.701891 -84.06015 -5.950144 -2.122862 -86.06063 -5.996427 -1.462253 -87.54711 -6.046646 -0.7454498 -88.46249 -5.573752 -3.599349 -72.68577 -5.583842 -3.53019 -75.82395 -5.613725 -3.325367 -78.84154 -5.662251 -2.992751 -81.62256 -5.727556 -2.545126 -84.06015 -5.807131 -1.999692 -86.06063 -5.897918 -1.377412 -87.54711 -5.996427 -0.7021983 -88.46249 -5.336516 -3.239328 -72.68577 -5.351164 -3.177087 -75.82395 -5.394547 -2.992751 -78.84154 -5.464996 -2.693404 -81.62256 -5.559805 -2.290553 -84.06015 -5.67533 -1.799675 -86.06063 -5.807131 -1.239638 -87.54711 -5.950144 -0.6319618 -88.46249 -5.128577 -2.754822 -72.68577 -5.147221 -2.70189 -75.82395 -5.202436 -2.545126 -78.84154 -5.292101 -2.290552 -81.62256 -5.41277 -1.947955 -84.06015 -5.559805 -1.530497 -86.06063 -5.727556 -1.054225 -87.54711 -5.909577 -0.5374392 -88.46249 -6.098873 0 -88.77157 -4.957926 -2.164449 -72.68577 -4.979848 -2.122861 -75.82395 -5.044775 -1.999692 -78.84154 -5.15021 -1.799675 -81.62256 -5.292101 -1.530498 -84.06015 -5.464996 -1.202504 -86.06063 -5.662251 -0.8282996 -87.54711 -5.876285 -0.4222633 -88.46249 -4.83112 -1.490898 -72.68577 -4.85548 -1.462252 -75.82395 -4.927622 -1.377412 -78.84154 -5.044775 -1.239637 -81.62256 -5.202436 -1.054226 -84.06015 -5.394547 -0.8282989 -86.06063 -5.613725 -0.5705426 -87.54711 -5.851546 -0.2908599 -88.46249 -4.753035 -0.7600521 -72.68577 -4.778893 -0.745449 -75.82395 -4.85548 -0.7021986 -78.84154 -4.979849 -0.6319613 -81.62256 -5.147221 -0.5374395 -84.06015 -5.351165 -0.4222628 -86.06063 -5.583842 -0.2908599 -87.54711 -5.836313 -0.148279 -88.46249 -4.726668 1.74161e-6 -72.68577 -4.753034 1.04496e-6 -75.82395 -4.83112 0 -78.84154 -4.957926 6.3859e-7 -81.62256 -5.128577 0 -84.06015 -5.336516 5.80536e-7 -86.06063 -5.573752 2.03188e-7 -87.54711 -5.831169 0 -88.46249 -4.753035 0.7600556 -72.68577 -4.778894 0.745451 -75.82395 -4.85548 0.7021986 -78.84154 -4.979849 0.6319626 -81.62256 -5.147221 0.5374397 -84.06015 -5.351165 0.4222639 -86.06063 -5.583842 0.2908603 -87.54711 -5.836313 0.1482792 -88.46249 -4.831121 1.490901 -72.68577 -4.85548 1.462254 -75.82395 -4.927622 1.377412 -78.84154 -5.044775 1.239638 -81.62256 -5.202436 1.054226 -84.06015 -5.394547 0.8282998 -86.06063 -5.613725 0.5705429 -87.54711 -5.851547 0.2908601 -88.46249 -4.957927 2.164452 -72.68577 -4.979849 2.122863 -75.82395 -5.044775 1.999692 -78.84154 -5.15021 1.799676 -81.62256 -5.292101 1.530498 -84.06015 -5.464997 1.202505 -86.06063 -5.662251 0.8282997 -87.54711 -5.876285 0.4222633 -88.46249 -5.128578 2.754823 -72.68577 -5.147221 2.701891 -75.82395 -5.202436 2.545125 -78.84154 -5.292102 2.290552 -81.62256 -5.41277 1.947955 -84.06015 -5.559806 1.530498 -86.06063 -5.727557 1.054225 -87.54711 -5.909577 0.5374392 -88.46249 -5.336517 3.239329 -72.68577 -5.351165 3.177087 -75.82395 -5.394547 2.992751 -78.84154 -5.464997 2.693404 -81.62256 -5.559805 2.290553 -84.06015 -5.675331 1.799675 -86.06063 -5.807132 1.239638 -87.54711 -5.950144 0.6319617 -88.46249 -5.573753 3.599349 -72.68577 -5.583843 3.53019 -75.82395 -5.613725 3.325366 -78.84154 -5.662251 2.99275 -81.62256 -5.727557 2.545126 -84.06015 -5.807132 1.999691 -86.06063 -5.897918 1.377412 -87.54711 -5.996427 0.7021981 -88.46249 -5.83117 3.821048 -72.68577 -5.836313 3.74763 -75.82395 -5.851546 3.53019 -78.84154 -5.876286 3.177086 -81.62256 -5.909577 2.701891 -84.06015 -5.950145 2.12286 -86.06063 -5.996427 1.462253 -87.54711 -6.046646 0.7454495 -88.46249 -6.098873 3.59935 -78.84154 -6.098873 2.754824 -84.06015 -6.098873 2.164449 -86.06063 -6.098873 1.4909 -87.54711 -6.098873 0.7600536 -88.46249 -6.098873 4.329693 -72.68577 -6.098873 4.246499 -76.17337 -6.098873 3.600008 -82.61761 -6.396384 4.246499 -72.68577 -6.390667 4.164904 -76.17337 -6.373737 3.923253 -79.52694 -6.346244 3.530835 -82.61761 -6.309245 3.002728 -85.3266 -6.264161 2.359229 -87.54982 -6.212725 1.625065 -89.20182 -6.156914 0.8284509 -90.21911 -6.682462 4.000114 -72.68577 -6.671248 3.923253 -76.17337 -6.638039 3.695624 -79.52694 -6.584109 3.325973 -82.61761 -6.511532 2.828508 -85.3266 -6.423097 2.222344 -87.54982 -6.322203 1.530778 -89.20182 -6.212725 0.7803837 -90.21911 -6.946113 3.600008 -72.68577 -6.929833 3.530835 -76.17337 -6.88162 3.325973 -79.52694 -6.803327 2.993297 -82.61761 -6.697962 2.54559 -85.3266 -6.569574 2.000057 -87.54982 -6.423097 1.377663 -89.20182 -6.264161 0.7023267 -90.21911 -7.177204 3.061554 -72.68577 -7.156485 3.002728 -76.17337 -7.095121 2.828508 -79.52694 -6.995472 2.54559 -82.61761 -6.861368 2.164846 -85.3266 -6.697962 1.700909 -87.54982 -6.511532 1.171606 -89.20182 -6.309245 0.5972797 -90.21911 -7.366857 2.405447 -72.68577 -7.342493 2.359228 -76.17337 -7.270337 2.222345 -79.52694 -7.153163 2.000057 -82.61761 -6.995473 1.700909 -85.3266 -6.803327 1.336395 -87.54982 -6.584109 0.9205253 -89.20182 -6.346244 0.4692796 -90.21911 -7.507781 1.656901 -72.68577 -7.480709 1.625064 -76.17337 -7.400534 1.530778 -79.52694 -7.270337 1.377663 -82.61761 -7.095121 1.171606 -85.3266 -6.88162 0.920525 -87.54982 -6.638039 0.6340688 -89.20182 -6.373737 0.3232454 -90.21911 -7.594562 0.8446804 -72.68577 -7.565823 0.8284505 -76.17337 -7.480709 0.7803839 -79.52694 -7.342492 0.7023263 -82.61761 -7.156485 0.5972799 -85.3266 -6.929833 0.4692795 -87.54982 -6.671248 0.3232454 -89.20182 -6.390667 0.164789 -90.21911 -7.623864 -7.09692e-7 -72.68577 -7.594562 -3.87105e-7 -76.17337 -7.507781 1.93552e-7 -79.52694 -7.366857 -3.87105e-7 -82.61761 -7.177204 0 -85.3266 -6.946112 -2.25811e-7 -87.54982 -6.682462 0 -89.20182 -6.396384 0 -90.21911 -7.594561 -0.8446816 -72.68577 -7.565822 -0.8284512 -76.17337 -7.480709 -0.7803835 -79.52694 -7.342492 -0.702327 -82.61761 -7.156485 -0.5972797 -85.3266 -6.929833 -0.4692798 -87.54982 -6.671248 -0.3232455 -89.20182 -6.390667 -0.1647891 -90.21911 -7.50778 -1.656902 -72.68577 -7.480709 -1.625065 -76.17337 -7.400534 -1.530777 -79.52694 -7.270337 -1.377663 -82.61761 -7.095121 -1.171606 -85.3266 -6.88162 -0.9205254 -87.54982 -6.638039 -0.6340689 -89.20182 -6.373737 -0.3232454 -90.21911 -7.366856 -2.405448 -72.68577 -7.342492 -2.359228 -76.17337 -7.270337 -2.222344 -79.52694 -7.153162 -2.000057 -82.61761 -6.995472 -1.700909 -85.3266 -6.803327 -1.336395 -87.54982 -6.584109 -0.9205253 -89.20182 -6.346244 -0.4692795 -90.21911 -7.177204 -3.061555 -72.68577 -7.156484 -3.002728 -76.17337 -7.095121 -2.828508 -79.52694 -6.995472 -2.54559 -82.61761 -6.861368 -2.164846 -85.3266 -6.697961 -1.700909 -87.54982 -6.511532 -1.171606 -89.20182 -6.309245 -0.5972796 -90.21911 -6.946112 -3.600007 -72.68577 -6.929832 -3.530834 -76.17337 -6.88162 -3.325973 -79.52694 -6.803327 -2.993297 -82.61761 -6.697962 -2.54559 -85.3266 -6.569573 -2.000057 -87.54982 -6.423097 -1.377663 -89.20182 -6.264161 -0.7023264 -90.21911 -6.682461 -4.000113 -72.68577 -6.671247 -3.923253 -76.17337 -6.638039 -3.695623 -79.52694 -6.584109 -3.325973 -82.61761 -6.511532 -2.828508 -85.3266 -6.423097 -2.222344 -87.54982 -6.322202 -1.530777 -89.20182 -6.212725 -0.7803833 -90.21911 -6.396383 -4.246497 -72.68577 -6.390667 -4.164903 -76.17337 -6.373737 -3.923253 -79.52694 -6.346244 -3.530834 -82.61761 -6.309245 -3.002728 -85.3266 -6.264161 -2.359228 -87.54982 -6.212725 -1.625064 -89.20182 -6.156914 -0.8284504 -90.21911 -6.098872 -4.32969 -72.68577 -6.098873 -4.246498 -76.17337 -6.098873 -4.000113 -79.52694 -6.098873 -3.600007 -82.61761 -6.098873 -3.061555 -85.3266 -6.098873 -2.405447 -87.54982 -6.098873 -1.656901 -89.20182 -6.098873 -0.8446807 -90.21911 -5.801361 -4.246496 -72.68577 -5.807078 -4.164902 -76.17337 -5.824008 -3.923252 -79.52694 -5.851501 -3.530833 -82.61761 -5.888501 -3.002728 -85.3266 -5.933584 -2.359227 -87.54982 -5.98502 -1.625064 -89.20182 -6.040831 -0.8284503 -90.21911 -5.515284 -4.000111 -72.68577 -5.526497 -3.923252 -76.17337 -5.559707 -3.695623 -79.52694 -5.613636 -3.325972 -82.61761 -5.686213 -2.828508 -85.3266 -5.774648 -2.222343 -87.54982 -5.875543 -1.530777 -89.20182 -5.98502 -0.7803831 -90.21911 -5.251633 -3.600005 -72.68577 -5.267912 -3.530833 -76.17337 -5.316125 -3.325973 -79.52694 -5.394419 -2.993296 -82.61761 -5.499783 -2.54559 -85.3266 -5.628171 -2.000056 -87.54982 -5.774648 -1.377663 -89.20182 -5.933585 -0.7023262 -90.21911 -5.020541 -3.061552 -72.68577 -5.041261 -3.002727 -76.17337 -5.102624 -2.828507 -79.52694 -5.202273 -2.545588 -82.61761 -5.336377 -2.164846 -85.3266 -5.499784 -1.700907 -87.54982 -5.686213 -1.171606 -89.20182 -5.888501 -0.5972793 -90.21911 -6.098873 0 -90.56261 -4.83089 -2.405445 -72.68577 -4.855253 -2.359227 -76.17337 -4.927409 -2.222344 -79.52694 -5.044583 -2.000056 -82.61761 -5.202273 -1.700909 -85.3266 -5.394419 -1.336394 -87.54982 -5.613636 -0.9205248 -89.20182 -5.851501 -0.4692793 -90.21911 -4.689965 -1.656898 -72.68577 -4.717037 -1.625063 -76.17337 -4.797212 -1.530777 -79.52694 -4.927409 -1.377662 -82.61761 -5.102624 -1.171606 -85.3266 -5.316126 -0.9205241 -87.54982 -5.559707 -0.6340684 -89.20182 -5.824008 -0.3232452 -90.21911 -4.603185 -0.8446785 -72.68577 -4.631924 -0.8284494 -76.17337 -4.717037 -0.7803834 -79.52694 -4.855253 -0.7023257 -82.61761 -5.041261 -0.5972796 -85.3266 -5.267913 -0.4692788 -87.54982 -5.526497 -0.3232452 -89.20182 -5.807078 -0.1647889 -90.21911 -4.573883 1.93552e-6 -72.68577 -4.603184 1.16131e-6 -76.17337 -4.689965 0 -79.52694 -4.830889 7.09692e-7 -82.61761 -5.020541 1.29035e-7 -85.3266 -5.251634 6.45175e-7 -87.54982 -5.515284 2.25811e-7 -89.20182 -5.801362 0 -90.21911 -4.603185 0.8446823 -72.68577 -4.631924 0.8284516 -76.17337 -4.717037 0.7803835 -79.52694 -4.855253 0.7023271 -82.61761 -5.041261 0.5972798 -85.3266 -5.267913 0.46928 -87.54982 -5.526497 0.3232455 -89.20182 -5.807078 0.164789 -90.21911 -4.689966 1.656902 -72.68577 -4.717037 1.625065 -76.17337 -4.797212 1.530777 -79.52694 -4.927409 1.377663 -82.61761 -5.102624 1.171606 -85.3266 -5.316126 0.9205252 -87.54982 -5.559707 0.6340688 -89.20182 -5.824008 0.3232453 -90.21911 -4.830891 2.405448 -72.68577 -4.855253 2.359228 -76.17337 -4.927409 2.222344 -79.52694 -5.044583 2.000057 -82.61761 -5.202273 1.700909 -85.3266 -5.394419 1.336395 -87.54982 -5.613636 0.920525 -89.20182 -5.851501 0.4692794 -90.21911 -5.020543 3.061553 -72.68577 -5.041262 3.002727 -76.17337 -5.102624 2.828507 -79.52694 -5.202273 2.545589 -82.61761 -5.336377 2.164846 -85.3266 -5.499784 1.700908 -87.54982 -5.686213 1.171606 -89.20182 -5.888501 0.5972793 -90.21911 -5.251635 3.600005 -72.68577 -5.267913 3.530833 -76.17337 -5.316125 3.325972 -79.52694 -5.394419 2.993296 -82.61761 -5.499784 2.54559 -85.3266 -5.628172 2.000056 -87.54982 -5.774648 1.377663 -89.20182 -5.933585 0.7023261 -90.21911 -5.515285 4.000111 -72.68577 -5.526498 3.923251 -76.17337 -5.559707 3.695622 -79.52694 -5.613637 3.325972 -82.61761 -5.686213 2.828508 -85.3266 -5.774649 2.222342 -87.54982 -5.875543 1.530777 -89.20182 -5.98502 0.7803829 -90.21911 -5.801362 4.246494 -72.68577 -5.807079 4.164902 -76.17337 -5.824008 3.923251 -79.52694 -5.851502 3.530833 -82.61761 -5.888501 3.002728 -85.3266 -5.933585 2.359226 -87.54982 -5.98502 1.625064 -89.20182 -6.040831 0.82845 -90.21911 -6.098873 4.000113 -79.52694 -6.098873 3.061554 -85.3266 -6.098873 2.405446 -87.54982 -6.098873 1.656901 -89.20182 -6.098873 0.8446803 -90.21911 -4.638136 -1 -75.70476 -4.638136 1 -75.70476 -0.7987602 -1 0.1305809 -0.9679802 -1 1.065693 -0.7987602 1 0.1305809 -0.9679802 1 1.065693 -4.737279 -1 -73.3855 -4.737279 1 -73.3855 -4.737279 -1 -73.3855 -4.69171 -1 -75.40871 -4.69171 1 -75.40871 -4.737279 1 -73.3855</float_array>
          <technique_common>
            <accessor source="#Cube_003-mesh-positions-array" count="538" stride="3">
              <param name="X" type="float"/>
              <param name="Y" type="float"/>
              <param name="Z" type="float"/>
            </accessor>
          </technique_common>
        </source>
        <source id="Cube_003-mesh-normals">
          <float_array id="Cube_003-mesh-normals-array" count="3192">0 0 1 1 0 0 0 1 0 0 0 -1 -1 0 0 0 0 1 -0.9996436 0 0.02669805 0 -1 0 0.2134751 -0.76346 0.609555 0.1047523 -0.3746291 0.9212383 0.2692319 -0.9628015 0.02296692 0.268624 -0.9606559 0.07057857 0.2672333 -0.9556572 0.1237158 0.2644978 -0.9458827 0.1880078 0.2590279 -0.9263714 0.2733872 0.2468172 -0.8826765 0.3999544 0.6145827 -0.7135934 0.3362628 0.5523568 -0.6413446 0.5325216 0.2992721 -0.3474868 0.8886445 0.652468 -0.7575832 0.0187937 0.6514925 -0.7564503 0.05779689 0.6492153 -0.7538039 0.1014848 0.6447222 -0.7485913 0.1547396 0.6356227 -0.7380231 0.2265076 0.8341444 -0.5496603 0.04556947 0.8323274 -0.5484631 0.08012074 0.8287246 -0.5460892 0.1224828 0.8213375 -0.5412204 0.1802364 0.8038063 -0.5296694 0.2708244 0.7481315 -0.4929797 0.4441511 0.4575018 -0.3014699 0.8365452 0.83492 -0.550172 0.01480931 0.8955478 -0.3843493 0.2242092 0.8516262 -0.3654982 0.3756914 0.5744586 -0.2465444 0.780521 0.918876 -0.3943606 0.01211094 0.9183044 -0.3941161 0.03727751 0.9169643 -0.3935411 0.06558907 0.9142991 -0.3923961 0.1004111 0.9087969 -0.3900364 0.1481891 0.9591472 -0.2772482 0.05630362 0.95709 -0.2766539 0.08626204 0.9528299 -0.2754213 0.1275081 0.942487 -0.2724316 0.1936478 0.9073583 -0.2622773 0.328499 0.655556 -0.1894923 0.730985 0.9606191 -0.2776741 0.01039052 0.9601796 -0.277546 0.03198808 0.9381744 -0.1766262 0.2977113 0.7087596 -0.1334353 0.6927157 0.9826934 -0.1850053 0.009316682 0.9823315 -0.1849379 0.02868455 0.9814822 -0.1847768 0.05049991 0.9797877 -0.1844585 0.07740223 0.9762715 -0.1837968 0.1145114 0.9676974 -0.1821822 0.1742741 0.9932371 -0.1061215 0.04709839 0.9917452 -0.1059617 0.072205 0.9886458 -0.1056311 0.1068719 0.98107 -0.1048215 0.1628315 0.9547896 -0.1020139 0.279231 0.7406896 -0.07913857 0.6671702 0.9943031 -0.1062349 0.008687794 0.9939848 -0.1062014 0.02674931 0.9621237 -0.03337502 0.2705627 0.7556316 -0.02621197 0.6544722 0.9993637 -0.03466814 0.008396506 0.9990649 -0.03465813 0.02585273 0.9983628 -0.03463363 0.04552215 0.9969617 -0.0345847 0.06979548 0.9940496 -0.03448385 0.1033264 0.9869241 -0.03423607 0.1575084 0.9969617 0.0345847 0.06979548 0.9940496 0.03448385 0.1033264 0.9869241 0.03423613 0.1575084 0.9621237 0.03337496 0.2705627 0.7556316 0.02621197 0.6544722 0.9993637 0.03466814 0.008396506 0.9990649 0.03465813 0.02585273 0.9983628 0.03463363 0.04552215 0.7406895 0.07913857 0.6671702 0.9943031 0.1062349 0.008687794 0.9939848 0.1062014 0.02674931 0.9932371 0.1061215 0.04709833 0.9917452 0.1059617 0.072205 0.9886458 0.1056311 0.1068719 0.98107 0.1048215 0.1628316 0.9547896 0.102014 0.279231 0.9762715 0.1837968 0.1145114 0.9676974 0.1821823 0.1742741 0.9381743 0.1766264 0.2977114 0.7087595 0.1334354 0.6927157 0.9826933 0.1850061 0.009316504 0.9823315 0.1849378 0.02868461 0.981482 0.1847777 0.05049985 0.9797877 0.1844585 0.07740229 0.9606193 0.2776736 0.01039057 0.9601796 0.2775461 0.03198796 0.9591472 0.2772483 0.05630373 0.9570901 0.2766539 0.08626192 0.9528295 0.2754226 0.1275082 0.9424864 0.2724334 0.1936481 0.9073582 0.2622773 0.328499 0.6555559 0.1894924 0.730985 0.9087973 0.3900353 0.1481891 0.8955487 0.3843476 0.2242088 0.851626 0.3654987 0.3756912 0.5744584 0.2465446 0.7805212 0.9188756 0.3943617 0.01211071 0.9183044 0.3941161 0.03727757 0.9169646 0.3935404 0.06558912 0.9142991 0.3923962 0.1004109 0.8341442 0.5496606 0.04556936 0.8323272 0.5484634 0.08012074 0.8287246 0.5460892 0.1224828 0.8213363 0.5412222 0.1802367 0.8038058 0.52967 0.2708245 0.7481309 0.4929803 0.4441514 0.4575014 0.3014702 0.8365454 0.8349199 0.5501723 0.01480931 0.6145803 0.7135952 0.3362632 0.5523561 0.641345 0.5325218 0.299272 0.347487 0.8886445 0.652468 0.7575832 0.01879358 0.6514925 0.7564503 0.05779677 0.6492135 0.7538055 0.1014849 0.6447222 0.7485913 0.1547395 0.6356222 0.7380235 0.2265079 0.26863 0.9606542 0.07057839 0.267233 0.9556574 0.123716 0.2644999 0.9458822 0.1880074 0.2590423 0.9263676 0.2733867 0.246825 0.8826746 0.3999537 0.2134863 0.7634578 0.6095538 0.1047577 0.3746287 0.9212378 0.2692307 0.9628018 0.02296656 -0.246824 0.8826749 0.3999536 -0.2134869 0.7634577 0.6095537 -0.1047582 0.3746287 0.9212378 -0.269231 0.9628017 0.02296638 -0.2686309 0.960654 0.07057845 -0.2672333 0.9556572 0.1237159 -0.2645009 0.9458819 0.1880074 -0.2590437 0.9263671 0.2733866 -0.6492148 0.7538043 0.1014848 -0.6447224 0.7485913 0.1547394 -0.6356223 0.7380234 0.2265079 -0.6145828 0.7135934 0.3362625 -0.5523568 0.6413446 0.5325216 -0.2992723 0.347487 0.8886445 -0.6524689 0.7575825 0.0187934 -0.6514925 0.7564503 0.05779677 -0.7481313 0.49298 0.4441511 -0.4575017 0.3014702 0.8365453 -0.83492 0.550172 0.01480907 -0.8341442 0.5496606 0.04556936 -0.8323272 0.5484634 0.08012074 -0.8287246 0.5460892 0.1224828 -0.8213376 0.5412202 0.1802365 -0.8038063 0.5296694 0.2708241 -0.9142991 0.3923962 0.1004109 -0.9087973 0.3900351 0.1481893 -0.8955478 0.3843495 0.2242088 -0.851626 0.3654984 0.3756914 -0.5744586 0.2465445 0.780521 -0.9188758 0.3943609 0.01211059 -0.9183048 0.3941153 0.03727757 -0.9169648 0.39354 0.06558901 -0.655556 0.1894924 0.7309849 -0.9606194 0.2776733 0.0103904 -0.9601795 0.2775468 0.0319879 -0.9591472 0.2772483 0.05630379 -0.9570901 0.2766539 0.08626186 -0.9528294 0.2754228 0.1275083 -0.942487 0.2724316 0.1936476 -0.9073583 0.2622774 0.328499 -0.9797877 0.1844586 0.07740223 -0.9762716 0.1837956 0.1145116 -0.9676974 0.1821823 0.1742737 -0.9381743 0.1766263 0.2977113 -0.7087596 0.1334353 0.6927156 -0.9826934 0.1850053 0.009316623 -0.9823315 0.1849379 0.02868437 -0.981482 0.1847777 0.05049991 -0.7406909 0.07913631 0.667169 -0.9943031 0.1062355 0.008687436 -0.9939849 0.1062007 0.02674943 -0.9932372 0.1061208 0.04709839 -0.9917452 0.1059617 0.07220476 -0.9886458 0.1056312 0.1068721 -0.9810701 0.1048215 0.1628312 -0.9547899 0.1020109 0.2792311 -0.9940495 0.03448385 0.1033267 -0.9869241 0.03423613 0.1575081 -0.9621236 0.03337806 0.2705627 -0.7556316 0.02621442 0.6544722 -0.9993637 0.03466814 0.008396208 -0.9990648 0.03465813 0.02585285 -0.9983628 0.03463363 0.04552215 -0.9969617 0.03458476 0.06979531 -0.9993637 -0.0346688 0.008396208 -0.9990648 -0.03465813 0.02585285 -0.9983628 -0.03463363 0.04552215 -0.9969617 -0.0345847 0.06979531 -0.9940495 -0.03448385 0.1033267 -0.9869241 -0.03423613 0.1575081 -0.9621236 -0.03337806 0.2705627 -0.7556316 -0.02621442 0.6544722 -0.9886458 -0.1056312 0.1068721 -0.9810701 -0.1048215 0.1628313 -0.9547894 -0.1020141 0.2792314 -0.7406901 -0.07913869 0.6671696 -0.9943031 -0.1062356 0.008687674 -0.9939848 -0.1062014 0.02674937 -0.9932372 -0.1061208 0.04709833 -0.9917452 -0.1059626 0.07220488 -0.9823316 -0.1849372 0.02868443 -0.9814819 -0.1847786 0.05049973 -0.9797877 -0.1844585 0.07740247 -0.9762714 -0.1837968 0.1145114 -0.9676973 -0.1821824 0.1742738 -0.938175 -0.1766232 0.2977111 -0.7087615 -0.1334332 0.6927141 -0.9826934 -0.1850054 0.009316504 -0.9424864 -0.2724335 0.1936479 -0.9073582 -0.2622775 0.3284991 -0.6555559 -0.1894924 0.730985 -0.9606193 -0.2776737 0.0103904 -0.9601795 -0.277547 0.0319879 -0.9591471 -0.2772485 0.05630385 -0.9570904 -0.2766529 0.08626186 -0.9528294 -0.2754229 0.1275082 -0.9169646 -0.3935404 0.06558907 -0.9142987 -0.3923973 0.1004109 -0.9087972 -0.3900355 0.1481894 -0.8955477 -0.3843498 0.224209 -0.8516259 -0.3654989 0.3756912 -0.5744584 -0.2465447 0.7805212 -0.9188758 -0.3943611 0.01211047 -0.9183044 -0.3941161 0.03727757 -0.7481279 -0.4929838 0.4441528 -0.4574985 -0.3014717 0.8365465 -0.8349197 -0.5501726 0.01480889 -0.8341448 -0.5496598 0.04556947 -0.8323269 -0.548464 0.08012074 -0.8287246 -0.5460892 0.1224828 -0.8213369 -0.5412213 0.1802367 -0.8038076 -0.5296679 0.2708237 -0.649213 -0.7538059 0.1014851 -0.6447232 -0.7485905 0.1547392 -0.6356202 -0.7380251 0.2265084 -0.6145805 -0.7135953 0.3362628 -0.5523595 -0.6413429 0.5325208 -0.2992745 -0.3474866 0.8886438 -0.6524682 -0.7575833 0.01879316 -0.6514921 -0.7564507 0.05779677 -0.2134863 -0.7634578 0.6095538 -0.1047577 -0.3746289 0.9212378 -0.269238 -0.9627999 0.02296602 -0.26863 -0.9606542 0.07057839 -0.267243 -0.9556546 0.1237158 -0.2644999 -0.9458823 0.188007 -0.2590408 -0.9263678 0.2733873 -0.2468251 -0.8826748 0.3999531 0.2134751 -0.7634602 0.6095546 0.1047527 -0.374631 0.9212374 0.2692314 -0.9628016 0.02296686 0.2686246 -0.9606558 0.07057869 0.2672331 -0.9556573 0.1237158 0.2644967 -0.9458829 0.1880084 0.2590273 -0.9263719 0.2733861 0.2468177 -0.8826758 0.3999556 0.6145807 -0.7135945 0.3362641 0.5523585 -0.6413437 0.5325209 0.2992749 -0.3474882 0.888643 0.6524683 -0.757583 0.01879376 0.6514919 -0.7564508 0.05779695 0.6492143 -0.7538047 0.1014848 0.644723 -0.7485905 0.1547401 0.6356242 -0.7380222 0.2265064 0.8341447 -0.5496601 0.04556953 0.8323277 -0.5484628 0.08012068 0.8287241 -0.5460898 0.1224833 0.8213368 -0.5412216 0.1802358 0.8038073 -0.5296676 0.2708249 0.7481293 -0.4929824 0.4441518 0.4575012 -0.3014722 0.8365448 0.8349198 -0.5501723 0.01480931 0.8955476 -0.3843492 0.22421 0.8516272 -0.3654968 0.3756904 0.5744619 -0.2465445 0.7805186 0.9188758 -0.3943609 0.01211071 0.9183043 -0.3941165 0.03727757 0.9169645 -0.3935405 0.06558918 0.9142991 -0.3923959 0.1004113 0.9087971 -0.3900359 0.1481884 0.959147 -0.2772489 0.05630373 0.9570899 -0.2766543 0.08626234 0.95283 -0.2754213 0.1275076 0.9424863 -0.2724332 0.1936486 0.9073582 -0.2622776 0.3284991 0.6555579 -0.1894931 0.7309831 0.9606193 -0.2776735 0.01039063 0.9601795 -0.2775465 0.0319879 0.9381747 -0.1766247 0.2977111 0.7087626 -0.1334345 0.6927127 0.9826933 -0.1850056 0.009316682 0.9823316 -0.1849375 0.02868449 0.9814821 -0.1847774 0.05049979 0.9797877 -0.1844584 0.07740259 0.9762715 -0.1837965 0.114511 0.9676973 -0.1821822 0.1742745 0.9932372 -0.1061204 0.04709845 0.9917452 -0.1059617 0.07220506 0.9886458 -0.1056311 0.1068715 0.9810701 -0.1048205 0.162832 0.9547897 -0.1020134 0.279231 0.740692 -0.07913845 0.6671675 0.994303 -0.1062355 0.008687734 0.9939848 -0.1062011 0.02674949 0.9621236 -0.03337764 0.2705627 0.7556334 -0.02621412 0.6544701 0.9993636 -0.0346679 0.008396446 0.9990648 -0.03465807 0.02585285 0.9983627 -0.03463429 0.04552209 0.9969616 -0.0345844 0.06979572 0.9940496 -0.03448337 0.1033262 0.9869239 -0.0342375 0.1575084 0.9969616 0.0345844 0.06979578 0.9940495 0.03448337 0.1033262 0.9869239 0.03423756 0.1575084 0.9621236 0.03337758 0.2705628 0.7556334 0.02621412 0.6544701 0.9993636 0.0346685 0.008396446 0.9990648 0.03465807 0.02585285 0.9983627 0.03463423 0.04552209 0.740692 0.07913845 0.6671675 0.9943031 0.1062349 0.008687734 0.9939848 0.1062011 0.02674937 0.9932372 0.1061211 0.04709845 0.9917452 0.1059618 0.07220506 0.9886458 0.1056311 0.1068715 0.9810701 0.1048205 0.162832 0.9547896 0.1020135 0.279231 0.9762715 0.1837967 0.114511 0.9676973 0.1821822 0.1742745 0.9381747 0.1766247 0.2977112 0.7087626 0.1334346 0.6927127 0.9826932 0.1850063 0.009316563 0.9823316 0.1849375 0.02868455 0.981482 0.1847774 0.05049991 0.9797876 0.1844593 0.07740253 0.9606193 0.2776736 0.01039052 0.9601795 0.2775465 0.03198784 0.9591472 0.2772482 0.05630379 0.9570902 0.2766534 0.08626234 0.9528297 0.2754224 0.1275075 0.9424863 0.2724333 0.1936486 0.9073581 0.2622777 0.3284992 0.6555578 0.1894932 0.7309831 0.9087971 0.3900361 0.1481885 0.8955476 0.3843494 0.2242099 0.851625 0.3655003 0.3756919 0.5744593 0.2465463 0.78052 0.9188757 0.3943614 0.01211076 0.9183043 0.3941165 0.03727751 0.9169644 0.3935407 0.06558912 0.9142991 0.3923959 0.1004114 0.8341447 0.5496601 0.04556941 0.832327 0.5484639 0.08012074 0.8287241 0.5460898 0.1224833 0.8213372 0.5412212 0.1802359 0.8038054 0.5296701 0.2708255 0.7481313 0.4929801 0.4441511 0.4575037 0.3014715 0.8365436 0.83492 0.5501721 0.01480925 0.6145824 0.7135931 0.3362638 0.5523572 0.6413445 0.5325211 0.2992741 0.3474885 0.8886432 0.6524682 0.7575831 0.01879346 0.6514919 0.7564508 0.05779683 0.6492138 0.7538052 0.101485 0.644723 0.7485906 0.1547399 0.6356218 0.7380241 0.2265069 0.2686291 0.9606545 0.07057851 0.2672331 0.9556573 0.123716 0.2644987 0.9458823 0.188008 0.259041 0.9263682 0.2733857 0.2468244 0.8826742 0.3999547 0.2134872 0.7634578 0.6095535 0.1047587 0.3746306 0.9212369 0.26923 0.9628021 0.02296656 -0.2468246 0.8826743 0.3999547 -0.2134875 0.7634577 0.6095535 -0.1047591 0.3746306 0.9212369 -0.269231 0.9628018 0.02296644 -0.2686307 0.960654 0.07057851 -0.2672334 0.9556571 0.1237159 -0.2644999 0.945882 0.188008 -0.2590415 0.9263681 0.2733857 -0.6492143 0.7538048 0.1014848 -0.6447229 0.7485906 0.15474 -0.6356241 0.7380222 0.2265067 -0.6145813 0.7135941 0.3362637 -0.552358 0.6413439 0.5325211 -0.2992748 0.3474885 0.888643 -0.6524689 0.7575824 0.01879334 -0.6514922 0.7564505 0.05779683 -0.7481313 0.4929803 0.444151 -0.4575038 0.3014715 0.8365436 -0.83492 0.5501721 0.01480901 -0.8341442 0.5496608 0.04556941 -0.8323278 0.5484625 0.08012074 -0.8287242 0.5460898 0.1224832 -0.8213369 0.5412216 0.180236 -0.8038073 0.5296676 0.2708247 -0.9142991 0.3923959 0.1004112 -0.9087976 0.3900347 0.1481885 -0.8955475 0.3843497 0.2242097 -0.8516252 0.3654999 0.3756917 -0.5744597 0.2465462 0.7805197 -0.9188758 0.3943611 0.01211059 -0.9183045 0.3941157 0.03727757 -0.9169645 0.3935405 0.06558912 -0.6555578 0.1894932 0.730983 -0.9606196 0.2776728 0.0103904 -0.9601795 0.2775465 0.03198784 -0.9591472 0.2772482 0.05630373 -0.9570902 0.2766534 0.08626222 -0.9528296 0.2754225 0.1275076 -0.9424869 0.2724314 0.1936484 -0.9073582 0.2622778 0.3284988 -0.9797877 0.1844584 0.07740259 -0.9762717 0.1837956 0.114511 -0.9676973 0.1821823 0.1742744 -0.9381749 0.1766246 0.2977107 -0.7087626 0.1334346 0.6927126 -0.9826933 0.1850057 0.009316563 -0.9823316 0.1849375 0.02868443 -0.9814821 0.1847774 0.05049979 -0.740692 0.07913845 0.6671675 -0.9943031 0.1062349 0.008687674 -0.9939848 0.1062011 0.02674931 -0.9932372 0.1061211 0.04709833 -0.9917451 0.1059626 0.07220506 -0.9886458 0.1056312 0.1068717 -0.9810699 0.104822 0.1628318 -0.9547896 0.1020135 0.279231 -0.9940496 0.03448337 0.1033264 -0.9869241 0.03423613 0.1575085 -0.9621236 0.03337478 0.2705628 -0.7556339 0.02621197 0.6544695 -0.9993636 0.0346685 0.008396148 -0.9990648 0.03465747 0.02585297 -0.9983628 0.03463357 0.04552197 -0.9969617 0.0345844 0.0697956 -0.9993636 -0.0346685 0.008396148 -0.9990648 -0.03465747 0.02585297 -0.9983628 -0.03463357 0.04552191 -0.9969616 -0.03458517 0.0697956 -0.9940496 -0.03448337 0.1033263 -0.986924 -0.03423613 0.1575085 -0.9621236 -0.03337484 0.2705628 -0.7556339 -0.02621197 0.6544695 -0.9886458 -0.1056312 0.1068715 -0.9810699 -0.104822 0.1628319 -0.9547896 -0.1020135 0.279231 -0.740692 -0.07913851 0.6671676 -0.994303 -0.1062355 0.008687615 -0.9939848 -0.1062011 0.02674937 -0.993237 -0.1061218 0.04709827 -0.9917452 -0.1059618 0.07220524 -0.9823316 -0.1849375 0.02868443 -0.981482 -0.1847775 0.05049991 -0.9797877 -0.1844585 0.07740247 -0.9762715 -0.1837967 0.114511 -0.9676973 -0.1821823 0.1742745 -0.9381748 -0.1766248 0.2977108 -0.7087625 -0.1334346 0.6927126 -0.9826934 -0.1850051 0.009316563 -0.9424868 -0.2724316 0.1936483 -0.9073582 -0.262278 0.3284988 -0.6555578 -0.1894934 0.7309831 -0.960619 -0.2776745 0.01039022 -0.9601795 -0.2775466 0.03198802 -0.959147 -0.2772484 0.05630379 -0.9570903 -0.2766535 0.08626216 -0.9528295 -0.2754228 0.1275078 -0.9169643 -0.3935408 0.06558912 -0.9142988 -0.3923969 0.1004112 -0.9087967 -0.3900364 0.1481889 -0.8955475 -0.3843498 0.2242096 0 0 1 -0.8516249 -0.3655003 0.3756919 0 0 1 -0.5744594 -0.2465463 0.7805199 -0.9188757 -0.3943614 0.01211059 -0.9183045 -0.3941157 0.03727746 -0.7481309 -0.4929805 0.4441512 -0.4575034 -0.3014717 0.8365437 -0.83492 -0.550172 0.01480895 -0.834144 -0.549661 0.04556936 -0.832327 -0.5484639 0.08012092 -0.8287248 -0.5460889 0.1224831 -0.8213369 -0.5412216 0.1802362 -0.8038057 -0.5296699 0.2708249 -0.6492134 -0.7538056 0.101485 -0.644723 -0.7485906 0.1547396 -0.6356222 -0.7380236 0.2265073 -0.6145821 -0.7135936 0.3362634 -0.5523572 -0.6413445 0.5325212 -0.2992742 -0.3474887 0.8886432 -0.6524683 -0.757583 0.01879316 -0.6514918 -0.7564509 0.05779683 -0.2134872 -0.7634578 0.6095534 -0.1047587 -0.3746308 0.9212369 -0.2692377 -0.9627999 0.02296602 -0.2686307 -0.960654 0.07057857 -0.2672421 -0.9556547 0.1237158 -0.2644988 -0.9458824 0.1880076 -0.2590402 -0.9263682 0.2733863 -0.2468245 -0.8826745 0.3999543 0 0 1 0 0 1 0 0 1 0 0 1 0 0 1 0 0 1 0 0 1 0 0 1 0 0 1 0 0 1 0 0 1 0 0 1 0 0 1 0 0 1 0 0 1 0 0 1 0 0 1 0 0 1 0 0 1 0 0 1 0 0 1 0 0 1 0 0 1 0 0 1 0 0 1 0 0 1 0 0 1 0 0 1 0 0 1 0 0 1 -0.9987209 0 0.05056303 0.9840179 0 0.1780701 0 0 1 0.998721 0 -0.05056303 -0.9840175 0 -0.1780717 0 0 1 -0.9997465 0 -0.02251738 0 0 1 0 0 1 1 0 0 0 1 0 0 1 0 0 0 1 0 0 -1 -1 0 0 0 0 1 -0.9996436 0 0.02669805 0 -1 0 0 -1 0 0 0 1 0.2134811 -0.7634586 0.6095545 0.2692312 -0.9628016 0.02296686 0.2686313 -0.9606539 0.07057911 0.2672268 -0.9556591 0.1237155 0.2644999 -0.945882 0.1880079 0.2590407 -0.9263678 0.2733874 0.2468106 -0.8826783 0.3999545 0.6145827 -0.7135934 0.3362628 0.5523577 -0.6413439 0.5325213 0.6524687 -0.7575827 0.01879376 0.6514924 -0.7564504 0.05779689 0.6492142 -0.7538049 0.1014848 0.6447243 -0.7485895 0.1547396 0.6356214 -0.7380242 0.2265077 0.8341442 -0.5496608 0.04556947 0.8323274 -0.5484631 0.08012074 0.8287248 -0.5460891 0.1224828 0.8213371 -0.5412213 0.1802365 0.8038068 -0.5296686 0.2708241 0.7481301 -0.4929814 0.4441518 0.8349201 -0.5501719 0.01480931 0.8955475 -0.38435 0.2242093 0.8516258 -0.3654989 0.3756916 0.9188757 -0.3943613 0.01211082 0.9183047 -0.3941154 0.03727757 0.9169643 -0.393541 0.06558912 0.9142988 -0.3923971 0.1004111 0.9087975 -0.390035 0.1481891 0.9591474 -0.2772476 0.05630367 0.9570902 -0.2766537 0.0862621 0.9528296 -0.2754223 0.127508 0.942487 -0.2724316 0.1936478 0.9073583 -0.2622773 0.328499 0.9606195 -0.277673 0.01039075 0.9601794 -0.2775471 0.0319879 0.9381748 -0.1766242 0.2977111 0.9826934 -0.1850054 0.009316623 0.9823316 -0.1849372 0.02868467 0.981482 -0.184778 0.05049967 0.9797878 -0.1844578 0.07740235 0.9762715 -0.1837965 0.1145114 0.9676973 -0.1821825 0.1742741 0.9932371 -0.1061215 0.04709839 0.9917451 -0.1059621 0.07220494 0.9886458 -0.1056306 0.1068719 0.98107 -0.1048217 0.1628315 0.9547898 -0.1020136 0.279231 0.9943031 -0.1062351 0.008687734 0.9939848 -0.1062008 0.02674943 0.9621237 -0.03337579 0.2705626 0.9993636 -0.03466844 0.008396446 0.9990648 -0.03465777 0.02585279 0.9983628 -0.03463381 0.04552215 0.9969616 -0.03458505 0.06979542 0.9940496 -0.03448367 0.1033265 0.9869241 -0.0342366 0.1575083 0.9969617 0.03458505 0.06979542 0.9940496 0.03448367 0.1033264 0.9869241 0.0342366 0.1575083 0.9621237 0.03337579 0.2705626 0.9993636 0.03466844 0.008396446 0.9990648 0.03465777 0.02585279 0.9983628 0.03463381 0.04552215 0.994303 0.1062358 0.008687615 0.9939848 0.1062008 0.02674943 0.9932371 0.1061215 0.04709839 0.9917451 0.1059621 0.07220494 0.9886458 0.1056306 0.1068719 0.98107 0.1048217 0.1628315 0.9547898 0.1020136 0.279231 0.9762715 0.1837965 0.1145114 0.9676973 0.1821826 0.1742741 0.9381748 0.1766242 0.2977111 0.9826933 0.1850055 0.009316682 0.9823315 0.184938 0.02868455 0.981482 0.1847779 0.05049979 0.9797877 0.1844587 0.07740229 0.9606192 0.2776739 0.01039052 0.9601795 0.2775464 0.0319879 0.9591474 0.2772477 0.05630379 0.9570902 0.2766538 0.08626198 0.9528296 0.2754223 0.1275082 0.9424865 0.2724329 0.1936481 0.9073576 0.2622791 0.3284994 0.9087975 0.390035 0.1481891 0.895548 0.3843489 0.224209 0.8516267 0.3654974 0.3756908 0.9188758 0.394361 0.01211082 0.9183041 0.3941165 0.03727751 0.9169643 0.393541 0.06558907 0.9142991 0.3923964 0.1004109 0.834144 0.549661 0.04556936 0.8323273 0.5484634 0.08012074 0.8287246 0.5460894 0.1224828 0.821337 0.5412212 0.1802366 0.8038055 0.5296703 0.2708246 0.7481296 0.492982 0.4441521 0.8349195 0.5501727 0.01480925 0.6145821 0.7135938 0.336263 0.5523555 0.6413454 0.5325219 0.6524674 0.7575837 0.01879352 0.6514924 0.7564504 0.05779677 0.6492141 0.7538049 0.1014849 0.6447225 0.7485911 0.1547395 0.6356214 0.7380242 0.2265079 0.2686302 0.9606541 0.07057845 0.2672327 0.9556574 0.1237159 0.2644995 0.9458823 0.1880074 0.2590429 0.9263674 0.2733867 0.2468244 0.8826748 0.3999537 0.213488 0.7634575 0.6095535 0.2692288 0.9628024 0.02296638 -0.2468257 0.8826745 0.3999536 -0.213487 0.7634576 0.6095537 -0.269232 0.9628015 0.02296644 -0.2686305 0.9606541 0.07057845 -0.2672336 0.9556571 0.1237159 -0.2644999 0.9458821 0.1880074 -0.259044 0.9263671 0.2733866 -0.6492141 0.7538049 0.1014848 -0.6447238 0.7485899 0.1547394 -0.6356214 0.7380242 0.2265079 -0.6145824 0.7135937 0.3362627 -0.5523577 0.6413439 0.5325213 -0.6524687 0.7575827 0.0187934 -0.6514933 0.7564497 0.05779683 -0.7481301 0.4929814 0.4441518 -0.8349204 0.5501714 0.01480919 -0.8341442 0.5496608 0.04556936 -0.8323273 0.5484634 0.08012074 -0.8287246 0.5460894 0.1224828 -0.821337 0.5412212 0.1802366 -0.803807 0.5296685 0.2708239 -0.9142992 0.392396 0.1004109 -0.9087974 0.3900349 0.1481893 -0.8955481 0.3843488 0.2242087 -0.8516256 0.3654991 0.3756917 -0.918876 0.3943606 0.01211065 -0.9183045 0.3941158 0.03727751 -0.9169647 0.3935402 0.06558901 -0.9606195 0.2776731 0.01039046 -0.9601796 0.2775462 0.03198796 -0.9591472 0.2772485 0.05630379 -0.9570902 0.2766537 0.08626186 -0.9528296 0.2754223 0.1275084 -0.9424865 0.272433 0.1936477 -0.9073583 0.2622774 0.328499 -0.9797877 0.1844587 0.07740223 -0.9762715 0.1837965 0.1145114 -0.9676976 0.1821814 0.1742737 -0.9381748 0.1766242 0.2977111 -0.9826933 0.1850055 0.009316563 -0.9823317 0.1849372 0.02868449 -0.981482 0.184778 0.05049985 -0.9943032 0.1062346 0.008687674 -0.9939847 0.1062015 0.02674925 -0.9932372 0.1061208 0.04709839 -0.9917453 0.1059614 0.07220488 -0.9886458 0.1056306 0.1068722 -0.9810701 0.1048218 0.1628312 -0.9547896 0.1020136 0.279231 -0.9940495 0.03448367 0.1033267 -0.9869241 0.03423666 0.157508 -0.9621235 0.03337579 0.270563 -0.9993636 0.0346685 0.008396148 -0.9990648 0.03465777 0.02585297 -0.9983628 0.03463381 0.04552215 -0.9969616 0.03458505 0.06979519 -0.9993636 -0.0346685 0.008396327 -0.9990648 -0.03465843 0.02585285 -0.9983628 -0.03463381 0.04552215 -0.9969616 -0.03458505 0.06979519 -0.9940495 -0.03448367 0.1033267 -0.9869241 -0.03423666 0.157508 -0.9621236 -0.03337585 0.270563 -0.9886457 -0.1056315 0.106872 -0.9810699 -0.1048218 0.1628313 -0.9547895 -0.1020136 0.2792315 -0.994303 -0.1062359 0.008687615 -0.9939848 -0.1062015 0.02674931 -0.9932371 -0.1061215 0.04709821 -0.9917453 -0.1059614 0.07220506 -0.9823316 -0.1849373 0.02868443 -0.9814822 -0.1847773 0.05049991 -0.9797875 -0.1844596 0.07740235 -0.9762715 -0.1837965 0.1145114 -0.9676973 -0.1821827 0.1742738 -0.9381748 -0.1766244 0.2977111 -0.9826933 -0.1850057 0.009316504 -0.9424865 -0.2724332 0.1936479 -0.9073576 -0.2622792 0.3284995 -0.9606191 -0.2776742 0.01039028 -0.9601795 -0.2775467 0.03198796 -0.9591471 -0.2772485 0.05630385 -0.9570902 -0.2766539 0.08626174 -0.9528298 -0.2754214 0.1275083 -0.9169643 -0.393541 0.06558901 -0.9142991 -0.3923964 0.1004109 -0.9087969 -0.390036 0.1481894 -0.8955479 -0.3843492 0.2242089 -0.8516256 -0.3654994 0.3756914 -0.9188756 -0.3943614 0.01211047 -0.9183045 -0.3941159 0.03727763 -0.7481312 -0.49298 0.4441512 -0.8349198 -0.5501724 0.01480889 -0.8341438 -0.5496612 0.0455693 -0.8323278 -0.5484625 0.0801208 -0.8287242 -0.54609 0.1224828 -0.821337 -0.5412212 0.1802367 -0.8038063 -0.5296695 0.270824 -0.6492137 -0.7538053 0.1014851 -0.6447221 -0.7485915 0.1547392 -0.6356223 -0.7380233 0.2265083 -0.6145802 -0.7135954 0.3362629 -0.5523555 -0.6413454 0.5325219 -0.6524671 -0.757584 0.01879304 -0.6514924 -0.7564504 0.05779677 -0.213488 -0.7634575 0.6095535 -0.2692464 -0.9627974 0.02296674 -0.2686374 -0.9606522 0.07057893 -0.2672327 -0.9556574 0.1237152 -0.2645094 -0.9458794 0.1880074 -0.2590429 -0.9263672 0.2733874 -0.2468231 -0.8826754 0.3999531 0.2134815 -0.7634587 0.6095542 0.2692307 -0.9628018 0.0229668 0.2686309 -0.960654 0.07057917 0.2672273 -0.955659 0.1237155 0.2644996 -0.945882 0.1880085 0.2590399 -0.9263683 0.2733864 0.2468098 -0.882678 0.3999558 0.6145837 -0.7135921 0.3362635 0.5523563 -0.641345 0.5325216 0.6524683 -0.757583 0.01879376 0.6514927 -0.7564502 0.05779701 0.6492136 -0.7538054 0.1014848 0.6447234 -0.7485902 0.1547401 0.6356223 -0.7380237 0.2265065 0.834144 -0.549661 0.04556947 0.8323277 -0.5484628 0.08012068 0.8287249 -0.5460887 0.1224833 0.8213368 -0.5412219 0.1802358 0.8038059 -0.5296695 0.2708252 0.7481314 -0.4929801 0.444151 0.8349202 -0.5501716 0.01480942 0.8955475 -0.3843494 0.2242101 0.8516259 -0.3654989 0.3756911 0.9188762 -0.3943602 0.01211088 0.9183045 -0.3941157 0.03727763 0.9169642 -0.3935413 0.06558912 0.914299 -0.3923965 0.1004113 0.9087976 -0.3900348 0.1481884 0.9591472 -0.2772481 0.05630385 0.95709 -0.2766543 0.08626234 0.9528295 -0.2754228 0.1275075 0.9424868 -0.2724316 0.1936485 0.9073576 -0.262279 0.3284994 0.9606192 -0.2776739 0.01039052 0.9601795 -0.2775464 0.0319879 0.9381749 -0.1766241 0.2977111 0.9826934 -0.1850053 0.009316742 0.9823315 -0.1849375 0.02868449 0.9814821 -0.1847776 0.05049979 0.9797877 -0.1844584 0.07740259 0.9762715 -0.1837965 0.114511 0.9676973 -0.1821823 0.1742745 0.9932371 -0.1061212 0.04709827 0.9917452 -0.105961 0.07220518 0.9886458 -0.1056306 0.1068716 0.9810699 -0.1048217 0.1628319 0.9547898 -0.1020126 0.279231 0.9943031 -0.1062355 0.008687734 0.9939848 -0.1062014 0.02674937 0.9621236 -0.03337723 0.2705628 0.9993637 -0.03466802 0.008396387 0.9990648 -0.03465753 0.02585297 0.9983628 -0.03463375 0.04552221 0.9969616 -0.03458565 0.06979548 0.9940496 -0.03448337 0.1033262 0.9869239 -0.03423619 0.1575087 0.9969616 0.03458565 0.06979548 0.9940496 0.03448337 0.1033262 0.9869239 0.03423619 0.1575087 0.9621236 0.03337723 0.2705628 0.9993637 0.03466862 0.008396387 0.9990648 0.03465813 0.02585285 0.9983628 0.03463375 0.04552221 0.9943031 0.1062355 0.008687615 0.9939848 0.1062008 0.02674943 0.9932371 0.1061212 0.04709839 0.9917452 0.1059617 0.07220512 0.9886459 0.1056306 0.1068716 0.9810699 0.1048217 0.1628319 0.9547898 0.1020126 0.279231 0.9762713 0.1837973 0.1145109 0.9676973 0.1821824 0.1742745 0.9381749 0.1766242 0.2977111 0.9826932 0.1850059 0.009316623 0.9823315 0.1849382 0.02868443 0.9814821 0.1847776 0.05049991 0.9797877 0.1844585 0.07740265 0.9606193 0.2776734 0.01039052 0.9601795 0.2775465 0.03198784 0.9591472 0.2772481 0.05630379 0.9570901 0.2766536 0.08626228 0.9528298 0.2754219 0.1275075 0.9424865 0.2724326 0.1936486 0.9073576 0.2622791 0.3284995 0.9087976 0.3900348 0.1481885 0.8955475 0.3843496 0.2242099 0.8516258 0.3654991 0.3756915 0.9188757 0.3943613 0.01211076 0.9183043 0.3941162 0.03727751 0.9169642 0.3935413 0.06558907 0.9142988 0.3923967 0.1004113 0.8341441 0.5496608 0.0455693 0.8323277 0.5484628 0.0801208 0.8287242 0.5460898 0.1224833 0.8213368 0.5412219 0.1802359 0.8038061 0.5296691 0.2708253 0.7481294 0.4929822 0.4441519 0.8349196 0.5501726 0.01480919 0.6145814 0.7135939 0.336264 0.5523579 0.6413441 0.532521 0.6524682 0.7575831 0.01879346 0.6514925 0.7564502 0.05779689 0.6492136 0.7538054 0.101485 0.6447228 0.7485907 0.1547399 0.6356223 0.7380237 0.2265069 0.2686294 0.9606544 0.07057851 0.2672319 0.9556576 0.1237159 0.2644997 0.9458822 0.188008 0.2590419 0.9263679 0.2733857 0.2468229 0.8826747 0.3999549 0.2134876 0.7634577 0.6095534 0.2692293 0.9628022 0.0229665 -0.2468234 0.8826746 0.3999548 -0.2134876 0.7634577 0.6095534 -0.2692321 0.9628014 0.02296656 -0.2686305 0.9606542 0.07057851 -0.2672334 0.9556572 0.1237159 -0.2645 0.945882 0.188008 -0.2590429 0.9263677 0.2733857 -0.6492138 0.7538051 0.1014848 -0.6447233 0.7485903 0.15474 -0.6356223 0.7380237 0.2265068 -0.6145838 0.7135922 0.3362633 -0.5523567 0.6413447 0.5325214 -0.6524696 0.7575818 0.01879346 -0.6514933 0.7564496 0.05779695 -0.7481314 0.4929801 0.4441509 -0.8349204 0.5501714 0.01480913 -0.8341441 0.5496608 0.04556941 -0.8323272 0.5484635 0.08012068 -0.8287251 0.5460885 0.1224832 -0.8213367 0.5412218 0.180236 -0.803806 0.5296696 0.270825 -0.914299 0.3923965 0.1004112 -0.9087976 0.3900348 0.1481885 -0.8955482 0.3843483 0.2242096 -0.8516255 0.3654994 0.3756916 -0.9188758 0.3943608 0.01211059 -0.9183045 0.3941159 0.03727757 -0.9169645 0.3935406 0.06558907 -0.9606195 0.2776728 0.0103904 -0.9601797 0.2775457 0.03198796 -0.9591472 0.2772481 0.05630373 -0.9570901 0.2766536 0.08626222 -0.9528298 0.2754219 0.1275076 -0.9424864 0.2724327 0.1936484 -0.9073584 0.2622774 0.3284987 -0.9797877 0.1844584 0.07740259 -0.9762715 0.1837965 0.1145108 -0.9676975 0.1821813 0.1742744 -0.9381749 0.1766242 0.2977107 -0.9826933 0.1850058 0.009316563 -0.9823316 0.1849375 0.02868443 -0.9814821 0.1847776 0.05049979 -0.9943031 0.1062349 0.008687674 -0.9939849 0.1062009 0.02674937 -0.9932372 0.1061213 0.04709833 -0.9917452 0.1059617 0.07220524 -0.9886458 0.1056315 0.1068717 -0.9810699 0.1048218 0.1628319 -0.9547896 0.1020141 0.279231 -0.9940496 0.03448337 0.1033264 -0.986924 0.03423619 0.1575084 -0.9621236 0.03337579 0.2705626 -0.9993637 0.03466749 0.008396387 -0.9990648 0.03465813 0.02585285 -0.9983628 0.03463315 0.04552203 -0.9969617 0.03458499 0.06979542 -0.9993637 -0.03466808 0.008396267 -0.9990648 -0.03465813 0.02585285 -0.9983628 -0.03463315 0.04552203 -0.9969616 -0.03458499 0.06979566 -0.9940496 -0.0344842 0.1033262 -0.986924 -0.03423619 0.1575085 -0.9621236 -0.03337579 0.2705626 -0.9886459 -0.1056306 0.1068716 -0.9810699 -0.1048218 0.1628319 -0.9547896 -0.1020141 0.279231 -0.9943031 -0.1062356 0.008687615 -0.9939848 -0.1062015 0.02674931 -0.9932371 -0.1061213 0.04709839 -0.9917451 -0.1059625 0.07220512 -0.9823316 -0.184937 0.02868455 -0.9814821 -0.1847776 0.05049985 -0.9797877 -0.1844586 0.07740247 -0.9762715 -0.1837965 0.114511 -0.9676972 -0.1821825 0.1742745 -0.9381749 -0.1766243 0.2977107 -0.9826932 -0.185006 0.009316325 -0.9424864 -0.2724331 0.1936483 -0.9073583 -0.2622775 0.3284987 -0.9606192 -0.2776737 0.0103904 -0.9601792 -0.2775474 0.0319879 -0.9591472 -0.2772482 0.05630385 -0.9570901 -0.2766538 0.0862621 -0.9528298 -0.275422 0.1275078 -0.9169645 -0.3935406 0.06558918 -0.9142988 -0.3923969 0.1004112 -0.9087971 -0.3900358 0.1481889 -0.8955475 -0.38435 0.2242096 0 0 1 -0.8516255 -0.3654994 0.3756917 0 0 1 -0.9188755 -0.3943616 0.01211053 -0.9183043 -0.3941162 0.0372774 -0.7481296 -0.492982 0.4441518 -0.8349197 -0.5501726 0.01480889 -0.8341441 -0.5496608 0.04556936 -0.832327 -0.5484637 0.08012092 -0.8287242 -0.5460898 0.122483 -0.8213373 -0.5412209 0.1802361 -0.803806 -0.5296696 0.2708249 -0.6492134 -0.7538055 0.101485 -0.6447224 -0.7485911 0.1547396 -0.6356222 -0.7380236 0.2265073 -0.6145819 -0.7135937 0.3362634 -0.5523574 -0.6413443 0.5325211 -0.6524674 -0.7575837 0.0187931 -0.6514927 -0.7564502 0.05779689 -0.2134876 -0.7634577 0.6095533 -0.2692458 -0.9627977 0.02296668 -0.2686371 -0.9606523 0.07057905 -0.2672334 -0.9556573 0.1237152 -0.2645086 -0.9458796 0.188008 -0.2590419 -0.9263678 0.2733863 -0.2468223 -0.8826751 0.3999543 0 0 1 0 0 1 0 0 1 0 0 1 0 0 1 0 0 1 0 0 1 0 0 1 0 0 1 0 0 1 0 0 1 0 0 1 0 0 1 0 0 1 0 0 1 0 0 1 0 0 1 0 0 1 0 0 1 0 0 1 0 0 1 0 0 1 0 0 1 0 0 1 0 0 1 0 0 1 0 0 1 0 0 1 0 0 1 0 0 1 -0.9987209 0 0.05056303 0.9840179 0 0.1780701 0 1 0 0 1 0 0 1 0 0.998721 0 -0.05056303 -0.9840175 0 -0.1780717 0 0 1 -0.9997465 0 -0.02251738 0 -1 0 0 -1 0 0 -1 0</float_array>
          <technique_common>
            <accessor source="#Cube_003-mesh-normals-array" count="1064" stride="3">
              <param name="X" type="float"/>
              <param name="Y" type="float"/>
              <param name="Z" type="float"/>
            </accessor>
          </technique_common>
        </source>
        <source id="Cube_003-mesh-map-0">
          <float_array id="Cube_003-mesh-map-0-array" count="6384">0.870437 0.5 0.625 0.75 0.625 0.5 0.625 0.5 0.375 0.75 0.375 0.5 0.4541485 0.25 0.625 0.254563 0.625 0.5 0.375 0.5 0.125 0.75 0.125 0.5 0.375 0 0.4541485 0.25 0.375 0.25 0.625 0.25 0.625 0 0.625 0 0.4541485 0 0.625 0.25 0.4541485 0.25 0.625 0.75 0.625 0.995437 0.4541485 1 0.75 0.06249988 0.71875 0.125 0.71875 0.06249994 0.734375 0 0.75 0.06249988 0.71875 0.06249994 0.75 0.4375 0.71875 0.5 0.71875 0.4375 0.75 0.375 0.71875 0.4375 0.71875 0.375 0.75 0.3125001 0.71875 0.375 0.71875 0.3125 0.75 0.2499999 0.71875 0.3125 0.71875 0.25 0.75 0.1874998 0.71875 0.25 0.71875 0.1875 0.75 0.125 0.71875 0.1875 0.71875 0.125 0.71875 0.125 0.6875 0.1875 0.6875 0.125 0.71875 0.06249994 0.6875 0.125 0.6875 0.06249994 0.703125 0 0.71875 0.06249994 0.6875 0.06249994 0.71875 0.4375 0.6875 0.5 0.6875 0.4375 0.71875 0.375 0.6875 0.4375 0.6875 0.375 0.71875 0.3125 0.6875 0.375 0.6875 0.3125 0.71875 0.25 0.6875 0.3125 0.6875 0.25 0.71875 0.1875 0.6875 0.25 0.6875 0.1875 0.6875 0.375 0.65625 0.4375 0.65625 0.375 0.6875 0.3125 0.65625 0.375 0.65625 0.3125 0.6875 0.25 0.65625 0.3125 0.65625 0.25 0.6875 0.1875 0.65625 0.25 0.65625 0.1875 0.6875 0.125 0.65625 0.1875 0.65625 0.125 0.6875 0.06249994 0.65625 0.125 0.65625 0.06249994 0.671875 0 0.6875 0.06249994 0.65625 0.06249994 0.6875 0.4375 0.65625 0.5 0.65625 0.4375 0.65625 0.125 0.625 0.1875 0.625 0.125 0.65625 0.06249994 0.625 0.125 0.625 0.06249994 0.640625 0 0.65625 0.06249994 0.625 0.06249994 0.65625 0.4375 0.625 0.5 0.625 0.4375 0.65625 0.375 0.625 0.4375 0.625 0.375 0.65625 0.3125 0.625 0.375 0.625 0.3125 0.65625 0.25 0.625 0.3125 0.625 0.25 0.65625 0.1875 0.625 0.25 0.625 0.1875 0.625 0.3125 0.59375 0.375 0.59375 0.3125 0.625 0.25 0.59375 0.3125 0.59375 0.25 0.625 0.1875 0.59375 0.25 0.59375 0.1875 0.625 0.125 0.59375 0.1875 0.59375 0.125 0.625 0.06249994 0.59375 0.125 0.59375 0.06249994 0.609375 0 0.625 0.06249994 0.59375 0.06249994 0.625 0.4375 0.59375 0.5 0.59375 0.4375 0.625 0.375 0.59375 0.4375 0.59375 0.375 0.59375 0.06249994 0.5625 0.125 0.5625 0.06249994 0.578125 0 0.59375 0.06249994 0.5625 0.06249994 0.59375 0.4375 0.5625 0.5 0.5625 0.4375 0.59375 0.375 0.5625 0.4375 0.5625 0.375 0.59375 0.3125 0.5625 0.375 0.5625 0.3125 0.59375 0.25 0.5625 0.3125 0.5625 0.25 0.59375 0.1875 0.5625 0.25 0.5625 0.1875 0.59375 0.125 0.5625 0.1875 0.5625 0.125 0.5625 0.3125 0.53125 0.375 0.53125 0.3125 0.5625 0.25 0.53125 0.3125 0.53125 0.25 0.5625 0.1875 0.53125 0.25 0.53125 0.1875 0.5625 0.125 0.53125 0.1875 0.53125 0.125 0.5625 0.06249994 0.53125 0.125 0.53125 0.06249994 0.546875 0 0.5625 0.06249994 0.53125 0.06249994 0.5625 0.4375 0.53125 0.5 0.53125 0.4375 0.5625 0.375 0.53125 0.4375 0.53125 0.375 0.53125 0.06249994 0.5 0.125 0.5 0.06249994 0.515625 0 0.53125 0.06249994 0.5 0.06249994 0.53125 0.4375 0.5 0.5 0.5 0.4375 0.53125 0.375 0.5 0.4375 0.5 0.375 0.53125 0.3125 0.5 0.375 0.5 0.3125 0.53125 0.25 0.5 0.3125 0.5 0.25 0.53125 0.1875 0.5 0.25 0.5 0.1875 0.53125 0.125 0.5 0.1875 0.5 0.125 0.5 0.3125 0.46875 0.25 0.5 0.25 0.5 0.25 0.46875 0.1875 0.5 0.1875 0.5 0.1875 0.46875 0.125 0.5 0.125 0.5 0.125 0.46875 0.06249994 0.5 0.06249994 0.484375 0 0.5 0.06249994 0.46875 0.06249994 0.5 0.5 0.46875 0.4375 0.5 0.4375 0.5 0.4375 0.46875 0.375 0.5 0.375 0.5 0.375 0.46875 0.3125 0.5 0.3125 0.453125 0 0.46875 0.06249994 0.4375 0.06249994 0.46875 0.5 0.4375 0.4375 0.46875 0.4375 0.46875 0.4375 0.4375 0.375 0.46875 0.375 0.46875 0.375 0.4375 0.3125 0.46875 0.3125 0.46875 0.3125 0.4375 0.25 0.46875 0.25 0.46875 0.25 0.4375 0.1875 0.46875 0.1875 0.46875 0.1875 0.4375 0.125 0.46875 0.125 0.46875 0.125 0.4375 0.06249994 0.46875 0.06249994 0.4375 0.25 0.40625 0.1875 0.4375 0.1875 0.4375 0.1875 0.40625 0.125 0.4375 0.125 0.4375 0.125 0.40625 0.06249994 0.4375 0.06249994 0.421875 0 0.4375 0.06249994 0.40625 0.06249994 0.4375 0.5 0.40625 0.4375 0.4375 0.4375 0.4375 0.4375 0.40625 0.375 0.4375 0.375 0.4375 0.375 0.40625 0.3125 0.4375 0.3125 0.4375 0.3125 0.40625 0.25 0.4375 0.25 0.40625 0.5 0.375 0.4375 0.40625 0.4375 0.40625 0.4375 0.375 0.375 0.40625 0.375 0.40625 0.375 0.375 0.3125 0.40625 0.3125 0.40625 0.3125 0.375 0.25 0.40625 0.25 0.40625 0.25 0.375 0.1875 0.40625 0.1875 0.40625 0.1875 0.375 0.125 0.40625 0.125 0.40625 0.125 0.375 0.06249994 0.40625 0.06249994 0.390625 0 0.40625 0.06249994 0.375 0.06249994 0.375 0.25 0.34375 0.1875 0.375 0.1875 0.375 0.1875 0.34375 0.125 0.375 0.125 0.375 0.125 0.34375 0.06249994 0.375 0.06249994 0.359375 0 0.375 0.06249994 0.34375 0.06249994 0.375 0.5 0.34375 0.4375 0.375 0.4375 0.375 0.4375 0.34375 0.375 0.375 0.375 0.375 0.375 0.34375 0.3125 0.375 0.3125 0.375 0.3125 0.34375 0.25 0.375 0.25 0.34375 0.4375 0.3125 0.375 0.34375 0.375 0.34375 0.375 0.3125 0.3125 0.34375 0.3125 0.34375 0.3125 0.3125 0.25 0.34375 0.25 0.34375 0.25 0.3125 0.1875 0.34375 0.1875 0.34375 0.1875 0.3125 0.125 0.34375 0.125 0.34375 0.125 0.3125 0.06249994 0.34375 0.06249994 0.328125 0 0.34375 0.06249994 0.3125 0.06249994 0.34375 0.5 0.3125 0.4375 0.34375 0.4375 0.3125 0.1875 0.28125 0.125 0.3125 0.125 0.3125 0.125 0.28125 0.06249994 0.3125 0.06249994 0.296875 0 0.3125 0.06249994 0.28125 0.06249994 0.3125 0.5 0.28125 0.4375 0.3125 0.4375 0.3125 0.4375 0.28125 0.375 0.3125 0.375 0.3125 0.375 0.28125 0.3125 0.3125 0.3125 0.3125 0.3125 0.28125 0.25 0.3125 0.25 0.3125 0.25 0.28125 0.1875 0.3125 0.1875 0.28125 0.4375 0.25 0.375 0.28125 0.375 0.28125 0.375 0.25 0.3125 0.28125 0.3125 0.28125 0.3125 0.25 0.25 0.28125 0.25 0.28125 0.25 0.25 0.1875 0.28125 0.1875 0.28125 0.1875 0.25 0.125 0.28125 0.125 0.28125 0.125 0.25 0.06249994 0.28125 0.06249994 0.265625 0 0.28125 0.06249994 0.25 0.06249994 0.28125 0.5 0.25 0.4375 0.28125 0.4375 0.25 0.125 0.21875 0.1875 0.21875 0.125 0.25 0.06249994 0.21875 0.125 0.21875 0.06249994 0.234375 0 0.25 0.06249994 0.21875 0.06249994 0.25 0.4375 0.2187499 0.5 0.21875 0.4375 0.25 0.375 0.21875 0.4375 0.21875 0.375 0.25 0.3125 0.21875 0.375 0.21875 0.3125 0.25 0.25 0.21875 0.3125 0.21875 0.25 0.25 0.1875 0.21875 0.25 0.21875 0.1875 0.21875 0.3125 0.1875 0.375 0.1875 0.3125 0.21875 0.25 0.1875 0.3125 0.1875 0.25 0.21875 0.1875 0.1875 0.25 0.1875 0.1875 0.21875 0.125 0.1875 0.1875 0.1875 0.125 0.21875 0.06249994 0.1875 0.125 0.1875 0.06249994 0.203125 0 0.21875 0.06249994 0.1875 0.06249994 0.21875 0.4375 0.1875 0.5 0.1875 0.4375 0.21875 0.375 0.1875 0.4375 0.1875 0.375 0.1875 0.06249994 0.15625 0.125 0.15625 0.06249994 0.171875 0 0.1875 0.06249994 0.15625 0.06249994 0.1875 0.4375 0.1562499 0.5 0.15625 0.4375 0.1875 0.375 0.15625 0.4375 0.15625 0.375 0.1875 0.3125 0.15625 0.375 0.15625 0.3125 0.1875 0.25 0.15625 0.3125 0.15625 0.25 0.1875 0.1875 0.15625 0.25 0.15625 0.1874999 0.1875 0.125 0.15625 0.1874999 0.15625 0.125 0.15625 0.25 0.125 0.3125 0.125 0.25 0.15625 0.1874999 0.125 0.25 0.125 0.1874999 0.15625 0.125 0.125 0.1874999 0.125 0.125 0.15625 0.06249994 0.125 0.125 0.125 0.06249994 0.140625 0 0.15625 0.06249994 0.125 0.06249994 0.15625 0.4375 0.1249999 0.5 0.125 0.4375 0.15625 0.375 0.125 0.4375 0.125 0.375 0.15625 0.3125 0.125 0.375 0.125 0.3125 0.109375 0 0.125 0.06249994 0.09375 0.06249994 0.125 0.4375 0.09374994 0.5 0.09374994 0.4375 0.125 0.375 0.09374994 0.4375 0.09375 0.375 0.125 0.3125 0.09375 0.375 0.09375 0.3125 0.125 0.25 0.09375 0.3125 0.09375 0.2499999 0.125 0.1874999 0.09375 0.2499999 0.09374994 0.1874999 0.125 0.125 0.09374994 0.1874999 0.09375 0.125 0.125 0.06249994 0.09375 0.125 0.09375 0.06249994 0.09375 0.2499999 0.0625 0.3124999 0.0625 0.25 0.09374994 0.1874999 0.0625 0.25 0.0625 0.1874999 0.09375 0.125 0.0625 0.1874999 0.0625 0.125 0.09375 0.06249994 0.0625 0.125 0.0625 0.06249994 0.078125 0 0.09375 0.06249994 0.0625 0.06249994 0.09374994 0.4375 0.06249994 0.5 0.0625 0.4375 0.09375 0.375 0.0625 0.4375 0.0625 0.375 0.09375 0.3125 0.0625 0.375 0.0625 0.3124999 0.04687494 0 0.0625 0.06249994 0.03125 0.06249994 0.0625 0.4375 0.03124994 0.5 0.03124994 0.4375 0.0625 0.375 0.03124994 0.4375 0.03125 0.375 0.0625 0.3124999 0.03125 0.375 0.03124994 0.3125 0.0625 0.25 0.03124994 0.3125 0.03125 0.25 0.0625 0.1874999 0.03125 0.25 0.03124994 0.1874999 0.0625 0.125 0.03124994 0.1874999 0.03124994 0.125 0.0625 0.06249994 0.03124994 0.125 0.03125 0.06249994 0.03124994 0.1874999 0 0.2499999 0 0.1874999 0.03124994 0.125 0 0.1874999 0 0.125 0.03125 0.06249994 0 0.125 0 0.06249994 0.015625 0 0.03125 0.06249994 0 0.06249994 0.03124994 0.4375 0 0.5 0 0.4375 0.03125 0.375 0 0.4375 0 0.375 0.03124994 0.3125 0 0.375 0 0.3125 0.03125 0.25 0 0.3125 0 0.2499999 1 0.5 0.96875 0.4375 1 0.4375 1 0.4375 0.96875 0.375 1 0.375 1 0.375 0.96875 0.3124999 1 0.3125 1 0.3125 0.96875 0.2499999 1 0.2499999 1 0.2499999 0.96875 0.1874999 1 0.1874999 1 0.1874999 0.96875 0.125 1 0.125 1 0.125 0.96875 0.06249994 1 0.06249994 0.984375 0 1 0.06249994 0.96875 0.06249994 0.96875 0.2499999 0.9375 0.1874999 0.96875 0.1874999 0.96875 0.1874999 0.9375 0.125 0.96875 0.125 0.96875 0.125 0.9375 0.06249994 0.96875 0.06249994 0.953125 0 0.96875 0.06249994 0.9375 0.06249994 0.9687499 0.5 0.9375 0.4375 0.96875 0.4375 0.96875 0.4375 0.9375 0.375 0.96875 0.375 0.96875 0.375 0.9375 0.3124999 0.96875 0.3124999 0.96875 0.3124999 0.9375 0.2499999 0.96875 0.2499999 0.9375 0.4375 0.90625 0.375 0.9375 0.375 0.9375 0.375 0.90625 0.3124999 0.9375 0.3124999 0.9375 0.3124999 0.90625 0.2499999 0.9375 0.2499999 0.9375 0.2499999 0.90625 0.1874999 0.9375 0.1874999 0.9375 0.1874999 0.90625 0.125 0.9375 0.125 0.9375 0.125 0.90625 0.06249994 0.9375 0.06249994 0.921875 0 0.9375 0.06249994 0.90625 0.06249994 0.9374999 0.5 0.90625 0.4375 0.9375 0.4375 0.90625 0.1874999 0.875 0.125 0.90625 0.125 0.90625 0.125 0.875 0.06249994 0.90625 0.06249994 0.890625 0 0.90625 0.06249994 0.875 0.06249994 0.90625 0.5 0.875 0.4375 0.90625 0.4375 0.90625 0.4375 0.875 0.375 0.90625 0.375 0.90625 0.375 0.875 0.3124999 0.90625 0.3124999 0.90625 0.3124999 0.875 0.2499999 0.90625 0.2499999 0.90625 0.2499999 0.8749999 0.1874999 0.90625 0.1874999 0.875 0.375 0.84375 0.3124999 0.875 0.3124999 0.875 0.3124999 0.84375 0.2499999 0.875 0.2499999 0.875 0.2499999 0.84375 0.1874998 0.8749999 0.1874999 0.8749999 0.1874999 0.84375 0.125 0.875 0.125 0.875 0.125 0.84375 0.06249994 0.875 0.06249994 0.859375 0 0.875 0.06249994 0.84375 0.06249994 0.8749999 0.5 0.84375 0.4375 0.875 0.4375 0.875 0.4375 0.84375 0.375 0.875 0.375 0.84375 0.125 0.8125 0.06249988 0.84375 0.06249994 0.828125 0 0.84375 0.06249994 0.8125 0.06249988 0.8437499 0.5 0.8125 0.4375 0.84375 0.4375 0.84375 0.4375 0.8125 0.375 0.84375 0.375 0.84375 0.375 0.8125 0.3124999 0.84375 0.3124999 0.84375 0.3124999 0.8125 0.2499999 0.84375 0.2499999 0.84375 0.2499999 0.8125 0.1874998 0.84375 0.1874998 0.84375 0.1874998 0.8125 0.125 0.84375 0.125 0.8125 0.375 0.78125 0.3124999 0.8125 0.3124999 0.8125 0.3124999 0.78125 0.25 0.8125 0.2499999 0.8125 0.2499999 0.78125 0.1874998 0.8125 0.1874998 0.8125 0.1874998 0.78125 0.125 0.8125 0.125 0.8125 0.125 0.78125 0.06249988 0.8125 0.06249988 0.796875 0 0.8125 0.06249988 0.78125 0.06249988 0.8125 0.5 0.78125 0.4375 0.8125 0.4375 0.8125 0.4375 0.78125 0.375 0.8125 0.375 0.78125 0.125 0.75 0.06249988 0.78125 0.06249988 0.765625 0 0.78125 0.06249988 0.75 0.06249988 0.7812499 0.5 0.75 0.4375 0.78125 0.4375 0.78125 0.4375 0.75 0.375 0.78125 0.375 0.78125 0.375 0.75 0.3125001 0.78125 0.3124999 0.78125 0.3124999 0.75 0.2499999 0.78125 0.25 0.78125 0.25 0.75 0.1874998 0.78125 0.1874998 0.78125 0.1874998 0.75 0.125 0.78125 0.125 0.75 0.06249988 0.71875 0.125 0.71875 0.06249994 0.734375 0 0.75 0.06249988 0.71875 0.06249994 0.75 0.4375 0.71875 0.5 0.71875 0.4375 0.75 0.375 0.71875 0.4375 0.71875 0.375 0.75 0.3125001 0.71875 0.375 0.71875 0.3125 0.75 0.2499999 0.71875 0.3125 0.71875 0.25 0.75 0.1874998 0.71875 0.25 0.71875 0.1875 0.75 0.125 0.71875 0.1875 0.71875 0.125 0.71875 0.125 0.6875 0.1875 0.6875 0.125 0.71875 0.06249994 0.6875 0.125 0.6875 0.06249994 0.703125 0 0.71875 0.06249994 0.6875 0.06249994 0.71875 0.4375 0.6875 0.5 0.6875 0.4375 0.71875 0.375 0.6875 0.4375 0.6875 0.375 0.71875 0.3125 0.6875 0.375 0.6875 0.3125 0.71875 0.25 0.6875 0.3125 0.6875 0.25 0.71875 0.1875 0.6875 0.25 0.6875 0.1875 0.6875 0.375 0.65625 0.4375 0.65625 0.375 0.6875 0.3125 0.65625 0.375 0.65625 0.3125 0.6875 0.25 0.65625 0.3125 0.65625 0.25 0.6875 0.1875 0.65625 0.25 0.65625 0.1875 0.6875 0.125 0.65625 0.1875 0.65625 0.125 0.6875 0.06249994 0.65625 0.125 0.65625 0.06249994 0.671875 0 0.6875 0.06249994 0.65625 0.06249994 0.6875 0.4375 0.65625 0.5 0.65625 0.4375 0.65625 0.125 0.625 0.1875 0.625 0.125 0.65625 0.06249994 0.625 0.125 0.625 0.06249994 0.640625 0 0.65625 0.06249994 0.625 0.06249994 0.65625 0.4375 0.625 0.5 0.625 0.4375 0.65625 0.375 0.625 0.4375 0.625 0.375 0.65625 0.3125 0.625 0.375 0.625 0.3125 0.65625 0.25 0.625 0.3125 0.625 0.25 0.65625 0.1875 0.625 0.25 0.625 0.1875 0.625 0.3125 0.59375 0.375 0.59375 0.3125 0.625 0.25 0.59375 0.3125 0.59375 0.25 0.625 0.1875 0.59375 0.25 0.59375 0.1875 0.625 0.125 0.59375 0.1875 0.59375 0.125 0.625 0.06249994 0.59375 0.125 0.59375 0.06249994 0.609375 0 0.625 0.06249994 0.59375 0.06249994 0.625 0.4375 0.59375 0.5 0.59375 0.4375 0.625 0.375 0.59375 0.4375 0.59375 0.375 0.59375 0.06249994 0.5625 0.125 0.5625 0.06249994 0.578125 0 0.59375 0.06249994 0.5625 0.06249994 0.59375 0.4375 0.5625 0.5 0.5625 0.4375 0.59375 0.375 0.5625 0.4375 0.5625 0.375 0.59375 0.3125 0.5625 0.375 0.5625 0.3125 0.59375 0.25 0.5625 0.3125 0.5625 0.25 0.59375 0.1875 0.5625 0.25 0.5625 0.1875 0.59375 0.125 0.5625 0.1875 0.5625 0.125 0.5625 0.3125 0.53125 0.375 0.53125 0.3125 0.5625 0.25 0.53125 0.3125 0.53125 0.25 0.5625 0.1875 0.53125 0.25 0.53125 0.1875 0.5625 0.125 0.53125 0.1875 0.53125 0.125 0.5625 0.06249994 0.53125 0.125 0.53125 0.06249994 0.546875 0 0.5625 0.06249994 0.53125 0.06249994 0.5625 0.4375 0.53125 0.5 0.53125 0.4375 0.5625 0.375 0.53125 0.4375 0.53125 0.375 0.53125 0.06249994 0.5 0.125 0.5 0.06249994 0.515625 0 0.53125 0.06249994 0.5 0.06249994 0.53125 0.4375 0.5 0.5 0.5 0.4375 0.53125 0.375 0.5 0.4375 0.5 0.375 0.53125 0.3125 0.5 0.375 0.5 0.3125 0.53125 0.25 0.5 0.3125 0.5 0.25 0.53125 0.1875 0.5 0.25 0.5 0.1875 0.53125 0.125 0.5 0.1875 0.5 0.125 0.5 0.3125 0.46875 0.25 0.5 0.25 0.5 0.25 0.46875 0.1875 0.5 0.1875 0.5 0.1875 0.46875 0.125 0.5 0.125 0.5 0.125 0.46875 0.06249994 0.5 0.06249994 0.484375 0 0.5 0.06249994 0.46875 0.06249994 0.5 0.5 0.46875 0.4375 0.5 0.4375 0.5 0.4375 0.46875 0.375 0.5 0.375 0.5 0.375 0.46875 0.3125 0.5 0.3125 0.453125 0 0.46875 0.06249994 0.4375 0.06249994 0.46875 0.5 0.4375 0.4375 0.46875 0.4375 0.46875 0.4375 0.4375 0.375 0.46875 0.375 0.46875 0.375 0.4375 0.3125 0.46875 0.3125 0.46875 0.3125 0.4375 0.25 0.46875 0.25 0.46875 0.25 0.4375 0.1875 0.46875 0.1875 0.46875 0.1875 0.4375 0.125 0.46875 0.125 0.46875 0.125 0.4375 0.06249994 0.46875 0.06249994 0.4375 0.25 0.40625 0.1875 0.4375 0.1875 0.4375 0.1875 0.40625 0.125 0.4375 0.125 0.4375 0.125 0.40625 0.06249994 0.4375 0.06249994 0.421875 0 0.4375 0.06249994 0.40625 0.06249994 0.4375 0.5 0.40625 0.4375 0.4375 0.4375 0.4375 0.4375 0.40625 0.375 0.4375 0.375 0.4375 0.375 0.40625 0.3125 0.4375 0.3125 0.4375 0.3125 0.40625 0.25 0.4375 0.25 0.40625 0.5 0.375 0.4375 0.40625 0.4375 0.40625 0.4375 0.375 0.375 0.40625 0.375 0.40625 0.375 0.375 0.3125 0.40625 0.3125 0.40625 0.3125 0.375 0.25 0.40625 0.25 0.40625 0.25 0.375 0.1875 0.40625 0.1875 0.40625 0.1875 0.375 0.125 0.40625 0.125 0.40625 0.125 0.375 0.06249994 0.40625 0.06249994 0.390625 0 0.40625 0.06249994 0.375 0.06249994 0.375 0.25 0.34375 0.1875 0.375 0.1875 0.375 0.1875 0.34375 0.125 0.375 0.125 0.375 0.125 0.34375 0.06249994 0.375 0.06249994 0.359375 0 0.375 0.06249994 0.34375 0.06249994 0.375 0.5 0.34375 0.4375 0.375 0.4375 0.375 0.4375 0.34375 0.375 0.375 0.375 0.375 0.375 0.34375 0.3125 0.375 0.3125 0.375 0.3125 0.34375 0.25 0.375 0.25 0.34375 0.4375 0.3125 0.375 0.34375 0.375 0.34375 0.375 0.3125 0.3125 0.34375 0.3125 0.34375 0.3125 0.3125 0.25 0.34375 0.25 0.34375 0.25 0.3125 0.1875 0.34375 0.1875 0.34375 0.1875 0.3125 0.125 0.34375 0.125 0.34375 0.125 0.3125 0.06249994 0.34375 0.06249994 0.328125 0 0.34375 0.06249994 0.3125 0.06249994 0.34375 0.5 0.3125 0.4375 0.34375 0.4375 0.3125 0.1875 0.28125 0.125 0.3125 0.125 0.3125 0.125 0.28125 0.06249994 0.3125 0.06249994 0.296875 0 0.3125 0.06249994 0.28125 0.06249994 0.3125 0.5 0.28125 0.4375 0.3125 0.4375 0.3125 0.4375 0.28125 0.375 0.3125 0.375 0.3125 0.375 0.28125 0.3125 0.3125 0.3125 0.3125 0.3125 0.28125 0.25 0.3125 0.25 0.3125 0.25 0.28125 0.1875 0.3125 0.1875 0.28125 0.4375 0.25 0.375 0.28125 0.375 0.28125 0.375 0.25 0.3125 0.28125 0.3125 0.28125 0.3125 0.25 0.25 0.28125 0.25 0.28125 0.25 0.25 0.1875 0.28125 0.1875 0.28125 0.1875 0.25 0.125 0.28125 0.125 0.28125 0.125 0.25 0.06249994 0.28125 0.06249994 0.265625 0 0.28125 0.06249994 0.25 0.06249994 0.28125 0.5 0.25 0.4375 0.28125 0.4375 0.25 0.125 0.21875 0.1875 0.21875 0.125 0.25 0.06249994 0.21875 0.125 0.21875 0.06249994 0.234375 0 0.25 0.06249994 0.21875 0.06249994 0.25 0.4375 0.2187499 0.5 0.21875 0.4375 0.25 0.375 0.21875 0.4375 0.21875 0.375 0.25 0.3125 0.21875 0.375 0.21875 0.3125 0.25 0.25 0.21875 0.3125 0.21875 0.25 0.25 0.1875 0.21875 0.25 0.21875 0.1875 0.21875 0.3125 0.1875 0.375 0.1875 0.3125 0.21875 0.25 0.1875 0.3125 0.1875 0.25 0.21875 0.1875 0.1875 0.25 0.1875 0.1875 0.21875 0.125 0.1875 0.1875 0.1875 0.125 0.21875 0.06249994 0.1875 0.125 0.1875 0.06249994 0.203125 0 0.21875 0.06249994 0.1875 0.06249994 0.21875 0.4375 0.1875 0.5 0.1875 0.4375 0.21875 0.375 0.1875 0.4375 0.1875 0.375 0.1875 0.06249994 0.15625 0.125 0.15625 0.06249994 0.171875 0 0.1875 0.06249994 0.15625 0.06249994 0.1875 0.4375 0.1562499 0.5 0.15625 0.4375 0.1875 0.375 0.15625 0.4375 0.15625 0.375 0.1875 0.3125 0.15625 0.375 0.15625 0.3125 0.1875 0.25 0.15625 0.3125 0.15625 0.25 0.1875 0.1875 0.15625 0.25 0.15625 0.1874999 0.1875 0.125 0.15625 0.1874999 0.15625 0.125 0.15625 0.25 0.125 0.3125 0.125 0.25 0.15625 0.1874999 0.125 0.25 0.125 0.1874999 0.15625 0.125 0.125 0.1874999 0.125 0.125 0.15625 0.06249994 0.125 0.125 0.125 0.06249994 0.140625 0 0.15625 0.06249994 0.125 0.06249994 0.15625 0.4375 0.1249999 0.5 0.125 0.4375 0.15625 0.375 0.125 0.4375 0.125 0.375 0.15625 0.3125 0.125 0.375 0.125 0.3125 0.109375 0 0.125 0.06249994 0.09375 0.06249994 0.125 0.4375 0.09374994 0.5 0.09374994 0.4375 0.125 0.375 0.09374994 0.4375 0.09375 0.375 0.125 0.3125 0.09375 0.375 0.09375 0.3125 0.125 0.25 0.09375 0.3125 0.09375 0.2499999 0.125 0.1874999 0.09375 0.2499999 0.09374994 0.1874999 0.125 0.125 0.09374994 0.1874999 0.09375 0.125 0.125 0.06249994 0.09375 0.125 0.09375 0.06249994 0.09375 0.2499999 0.0625 0.3124999 0.0625 0.25 0.09374994 0.1874999 0.0625 0.25 0.0625 0.1874999 0.09375 0.125 0.0625 0.1874999 0.0625 0.125 0.09375 0.06249994 0.0625 0.125 0.0625 0.06249994 0.078125 0 0.09375 0.06249994 0.0625 0.06249994 0.09374994 0.4375 0.06249994 0.5 0.0625 0.4375 0.09375 0.375 0.0625 0.4375 0.0625 0.375 0.09375 0.3125 0.0625 0.375 0.0625 0.3124999 0.04687494 0 0.0625 0.06249994 0.03125 0.06249994 0.0625 0.4375 0.03124994 0.5 0.03124994 0.4375 0.0625 0.375 0.03124994 0.4375 0.03125 0.375 0.0625 0.3124999 0.03125 0.375 0.03124994 0.3125 0.0625 0.25 0.03124994 0.3125 0.03125 0.25 0.0625 0.1874999 0.03125 0.25 0.03124994 0.1874999 0.0625 0.125 0.03124994 0.1874999 0.03124994 0.125 0.0625 0.06249994 0.03124994 0.125 0.03125 0.06249994 0.03124994 0.1874999 0 0.2499999 0 0.1874999 0.03124994 0.125 0 0.1874999 0 0.125 0.03125 0.06249994 0 0.125 0 0.06249994 0.015625 0 0.03125 0.06249994 0 0.06249994 0.03124994 0.4375 0 0.5 0 0.4375 0.03125 0.375 0 0.4375 0 0.375 0.03124994 0.3125 0 0.375 0 0.3125 0.03125 0.25 0 0.3125 0 0.2499999 1 0.5 0.96875 0.4375 1 0.4375 1 0.4375 0.96875 0.375 1 0.375 1 0.375 0.96875 0.3124999 1 0.3125 1 0.3125 0.96875 0.2499999 1 0.2499999 1 0.2499999 0.96875 0.1874999 1 0.1874999 1 0.1874999 0.96875 0.125 1 0.125 1 0.125 0.96875 0.06249994 1 0.06249994 0.984375 0 1 0.06249994 0.96875 0.06249994 0.96875 0.2499999 0.9375 0.1874999 0.96875 0.1874999 0.96875 0.1874999 0.9375 0.125 0.96875 0.125 0.96875 0.125 0.9375 0.06249994 0.96875 0.06249994 0.953125 0 0.96875 0.06249994 0.9375 0.06249994 0.9687499 0.5 0.9375 0.4375 0.96875 0.4375 0.96875 0.4375 0.9375 0.375 0.96875 0.375 0.96875 0.375 0.9375 0.3124999 0.96875 0.3124999 0.96875 0.3124999 0.9375 0.2499999 0.96875 0.2499999 0.9375 0.4375 0.90625 0.375 0.9375 0.375 0.9375 0.375 0.90625 0.3124999 0.9375 0.3124999 0.9375 0.3124999 0.90625 0.2499999 0.9375 0.2499999 0.9375 0.2499999 0.90625 0.1874999 0.9375 0.1874999 0.9375 0.1874999 0.90625 0.125 0.9375 0.125 0.9375 0.125 0.90625 0.06249994 0.9375 0.06249994 0.921875 0 0.9375 0.06249994 0.90625 0.06249994 0.9374999 0.5 0.90625 0.4375 0.9375 0.4375 0.90625 0.1874999 0.875 0.125 0.90625 0.125 0.90625 0.125 0.875 0.06249994 0.90625 0.06249994 0.890625 0 0.90625 0.06249994 0.875 0.06249994 0.90625 0.5 0.875 0.4375 0.90625 0.4375 0.90625 0.4375 0.875 0.375 0.90625 0.375 0.90625 0.375 0.875 0.3124999 0.90625 0.3124999 0.90625 0.3124999 0.875 0.2499999 0.90625 0.2499999 0.90625 0.2499999 0.8749999 0.1874999 0.90625 0.1874999 0.875 0.375 0.84375 0.3124999 0.875 0.3124999 0.875 0.3124999 0.84375 0.2499999 0.875 0.2499999 0.875 0.2499999 0.84375 0.1874998 0.8749999 0.1874999 0.8749999 0.1874999 0.84375 0.125 0.875 0.125 0.71875 0.5 0.6875 0.5 0.6875 0.5 0.875 0.125 0.84375 0.06249994 0.875 0.06249994 0.75 0.5 0.71875 0.5 0.71875 0.5 0.859375 0 0.875 0.06249994 0.84375 0.06249994 0.8749999 0.5 0.84375 0.4375 0.875 0.4375 0.875 0.4375 0.84375 0.375 0.875 0.375 0.84375 0.125 0.8125 0.06249988 0.84375 0.06249994 0.828125 0 0.84375 0.06249994 0.8125 0.06249988 0.8437499 0.5 0.8125 0.4375 0.84375 0.4375 0.84375 0.4375 0.8125 0.375 0.84375 0.375 0.84375 0.375 0.8125 0.3124999 0.84375 0.3124999 0.84375 0.3124999 0.8125 0.2499999 0.84375 0.2499999 0.84375 0.2499999 0.8125 0.1874998 0.84375 0.1874998 0.84375 0.1874998 0.8125 0.125 0.84375 0.125 0.8125 0.375 0.78125 0.3124999 0.8125 0.3124999 0.8125 0.3124999 0.78125 0.25 0.8125 0.2499999 0.8125 0.2499999 0.78125 0.1874998 0.8125 0.1874998 0.8125 0.1874998 0.78125 0.125 0.8125 0.125 0.8125 0.125 0.78125 0.06249988 0.8125 0.06249988 0.796875 0 0.8125 0.06249988 0.78125 0.06249988 0.8125 0.5 0.78125 0.4375 0.8125 0.4375 0.8125 0.4375 0.78125 0.375 0.8125 0.375 0.78125 0.125 0.75 0.06249988 0.78125 0.06249988 0.765625 0 0.78125 0.06249988 0.75 0.06249988 0.7812499 0.5 0.75 0.4375 0.78125 0.4375 0.78125 0.4375 0.75 0.375 0.78125 0.375 0.78125 0.375 0.75 0.3125001 0.78125 0.3124999 0.78125 0.3124999 0.75 0.2499999 0.78125 0.25 0.78125 0.25 0.75 0.1874998 0.78125 0.1874998 0.78125 0.1874998 0.75 0.125 0.78125 0.125 0.6875 0.5 0.65625 0.5 0.65625 0.5 0.65625 0.5 0.625 0.5 0.625 0.5 0.625 0.5 0.59375 0.5 0.59375 0.5 0.59375 0.5 0.5625 0.5 0.5625 0.5 0.5625 0.5 0.53125 0.5 0.53125 0.5 0.53125 0.5 0.5 0.5 0.5 0.5 0.5 0.5 0.46875 0.5 0.5 0.5 0.4375 0.5 0.46875 0.5 0.4375 0.5 0.4375 0.5 0.40625 0.5 0.4375 0.5 0.375 0.5 0.40625 0.5 0.375 0.5 0.375 0.5 0.34375 0.5 0.375 0.5 0.34375 0.5 0.3125 0.5 0.34375 0.5 0.3125 0.5 0.28125 0.5 0.3125 0.5 0.28125 0.5 0.25 0.5 0.28125 0.5 0.25 0.5 0.2187499 0.5 0.2187499 0.5 0.2187499 0.5 0.1875 0.5 0.1875 0.5 0.1875 0.5 0.1562499 0.5 0.1562499 0.5 0.1562499 0.5 0.1249999 0.5 0.1249999 0.5 0.1249999 0.5 0.09374994 0.5 0.09374994 0.5 0.09374994 0.5 0.06249994 0.5 0.06249994 0.5 0.06249994 0.5 0.03124994 0.5 0.03124994 0.5 0.03124994 0.5 0 0.5 0 0.5 0.9687499 0.5 1 0.5 0.9687499 0.5 0.9687499 0.5 0.9374999 0.5 0.9687499 0.5 0.9374999 0.5 0.90625 0.5 0.9374999 0.5 0.90625 0.5 0.8749999 0.5 0.90625 0.5 0.8749999 0.5 0.8437499 0.5 0.8749999 0.5 0.8437499 0.5 0.8125 0.5 0.8437499 0.5 0.8125 0.5 0.7812499 0.5 0.8125 0.5 0.7812499 0.5 0.75 0.5 0.7812499 0.5 0.870437 0.5 0.625 0.75 0.625 0.5 0.625 0.5 0.375 0.75 0.375 0.5 0.4541485 0.25 0.625 0.254563 0.625 0.254563 0.375 0.5 0.125 0.75 0.125 0.5 0.4541485 0 0.375 0.25 0.375 0 0.625 0.25 0.625 0 0.625 0 0.4541485 0 0.625 0.25 0.4541485 0.25 0.625 0.75 0.625 0.995437 0.625 0.995437 0.870437 0.5 0.870437 0.75 0.625 0.75 0.625 0.5 0.625 0.75 0.375 0.75 0.375 0.5 0.375 0.25 0.4541485 0.25 0.625 0.5 0.375 0.5 0.4541485 0.25 0.4541485 0.25 0.625 0.254563 0.625 0.254563 0.375 0.5 0.375 0.75 0.125 0.75 0.375 0 0.4541485 0 0.4541485 0.25 0.625 0.25 0.625 0.25 0.625 0 0.4541485 0 0.625 0 0.625 0.25 0.375 1 0.375 0.75 0.4541485 1 0.375 0.75 0.625 0.75 0.4541485 1 0.625 0.75 0.625 0.995437 0.625 0.995437 0.75 0.06249988 0.75 0.125 0.71875 0.125 0.75 0.4375 0.75 0.5 0.71875 0.5 0.75 0.375 0.75 0.4375 0.71875 0.4375 0.75 0.3125001 0.75 0.375 0.71875 0.375 0.75 0.2499999 0.75 0.3125001 0.71875 0.3125 0.75 0.1874998 0.75 0.2499999 0.71875 0.25 0.75 0.125 0.75 0.1874998 0.71875 0.1875 0.71875 0.125 0.71875 0.1875 0.6875 0.1875 0.71875 0.06249994 0.71875 0.125 0.6875 0.125 0.71875 0.4375 0.71875 0.5 0.6875 0.5 0.71875 0.375 0.71875 0.4375 0.6875 0.4375 0.71875 0.3125 0.71875 0.375 0.6875 0.375 0.71875 0.25 0.71875 0.3125 0.6875 0.3125 0.71875 0.1875 0.71875 0.25 0.6875 0.25 0.6875 0.375 0.6875 0.4375 0.65625 0.4375 0.6875 0.3125 0.6875 0.375 0.65625 0.375 0.6875 0.25 0.6875 0.3125 0.65625 0.3125 0.6875 0.1875 0.6875 0.25 0.65625 0.25 0.6875 0.125 0.6875 0.1875 0.65625 0.1875 0.6875 0.06249994 0.6875 0.125 0.65625 0.125 0.6875 0.4375 0.6875 0.5 0.65625 0.5 0.65625 0.125 0.65625 0.1875 0.625 0.1875 0.65625 0.06249994 0.65625 0.125 0.625 0.125 0.65625 0.4375 0.65625 0.5 0.625 0.5 0.65625 0.375 0.65625 0.4375 0.625 0.4375 0.65625 0.3125 0.65625 0.375 0.625 0.375 0.65625 0.25 0.65625 0.3125 0.625 0.3125 0.65625 0.1875 0.65625 0.25 0.625 0.25 0.625 0.3125 0.625 0.375 0.59375 0.375 0.625 0.25 0.625 0.3125 0.59375 0.3125 0.625 0.1875 0.625 0.25 0.59375 0.25 0.625 0.125 0.625 0.1875 0.59375 0.1875 0.625 0.06249994 0.625 0.125 0.59375 0.125 0.625 0.4375 0.625 0.5 0.59375 0.5 0.625 0.375 0.625 0.4375 0.59375 0.4375 0.59375 0.06249994 0.59375 0.125 0.5625 0.125 0.59375 0.4375 0.59375 0.5 0.5625 0.5 0.59375 0.375 0.59375 0.4375 0.5625 0.4375 0.59375 0.3125 0.59375 0.375 0.5625 0.375 0.59375 0.25 0.59375 0.3125 0.5625 0.3125 0.59375 0.1875 0.59375 0.25 0.5625 0.25 0.59375 0.125 0.59375 0.1875 0.5625 0.1875 0.5625 0.3125 0.5625 0.375 0.53125 0.375 0.5625 0.25 0.5625 0.3125 0.53125 0.3125 0.5625 0.1875 0.5625 0.25 0.53125 0.25 0.5625 0.125 0.5625 0.1875 0.53125 0.1875 0.5625 0.06249994 0.5625 0.125 0.53125 0.125 0.5625 0.4375 0.5625 0.5 0.53125 0.5 0.5625 0.375 0.5625 0.4375 0.53125 0.4375 0.53125 0.06249994 0.53125 0.125 0.5 0.125 0.53125 0.4375 0.53125 0.5 0.5 0.5 0.53125 0.375 0.53125 0.4375 0.5 0.4375 0.53125 0.3125 0.53125 0.375 0.5 0.375 0.53125 0.25 0.53125 0.3125 0.5 0.3125 0.53125 0.1875 0.53125 0.25 0.5 0.25 0.53125 0.125 0.53125 0.1875 0.5 0.1875 0.5 0.3125 0.46875 0.3125 0.46875 0.25 0.5 0.25 0.46875 0.25 0.46875 0.1875 0.5 0.1875 0.46875 0.1875 0.46875 0.125 0.5 0.125 0.46875 0.125 0.46875 0.06249994 0.5 0.5 0.46875 0.5 0.46875 0.4375 0.5 0.4375 0.46875 0.4375 0.46875 0.375 0.5 0.375 0.46875 0.375 0.46875 0.3125 0.46875 0.5 0.4375 0.5 0.4375 0.4375 0.46875 0.4375 0.4375 0.4375 0.4375 0.375 0.46875 0.375 0.4375 0.375 0.4375 0.3125 0.46875 0.3125 0.4375 0.3125 0.4375 0.25 0.46875 0.25 0.4375 0.25 0.4375 0.1875 0.46875 0.1875 0.4375 0.1875 0.4375 0.125 0.46875 0.125 0.4375 0.125 0.4375 0.06249994 0.4375 0.25 0.40625 0.25 0.40625 0.1875 0.4375 0.1875 0.40625 0.1875 0.40625 0.125 0.4375 0.125 0.40625 0.125 0.40625 0.06249994 0.4375 0.5 0.40625 0.5 0.40625 0.4375 0.4375 0.4375 0.40625 0.4375 0.40625 0.375 0.4375 0.375 0.40625 0.375 0.40625 0.3125 0.4375 0.3125 0.40625 0.3125 0.40625 0.25 0.40625 0.5 0.375 0.5 0.375 0.4375 0.40625 0.4375 0.375 0.4375 0.375 0.375 0.40625 0.375 0.375 0.375 0.375 0.3125 0.40625 0.3125 0.375 0.3125 0.375 0.25 0.40625 0.25 0.375 0.25 0.375 0.1875 0.40625 0.1875 0.375 0.1875 0.375 0.125 0.40625 0.125 0.375 0.125 0.375 0.06249994 0.375 0.25 0.34375 0.25 0.34375 0.1875 0.375 0.1875 0.34375 0.1875 0.34375 0.125 0.375 0.125 0.34375 0.125 0.34375 0.06249994 0.375 0.5 0.34375 0.5 0.34375 0.4375 0.375 0.4375 0.34375 0.4375 0.34375 0.375 0.375 0.375 0.34375 0.375 0.34375 0.3125 0.375 0.3125 0.34375 0.3125 0.34375 0.25 0.34375 0.4375 0.3125 0.4375 0.3125 0.375 0.34375 0.375 0.3125 0.375 0.3125 0.3125 0.34375 0.3125 0.3125 0.3125 0.3125 0.25 0.34375 0.25 0.3125 0.25 0.3125 0.1875 0.34375 0.1875 0.3125 0.1875 0.3125 0.125 0.34375 0.125 0.3125 0.125 0.3125 0.06249994 0.34375 0.5 0.3125 0.5 0.3125 0.4375 0.3125 0.1875 0.28125 0.1875 0.28125 0.125 0.3125 0.125 0.28125 0.125 0.28125 0.06249994 0.3125 0.5 0.28125 0.5 0.28125 0.4375 0.3125 0.4375 0.28125 0.4375 0.28125 0.375 0.3125 0.375 0.28125 0.375 0.28125 0.3125 0.3125 0.3125 0.28125 0.3125 0.28125 0.25 0.3125 0.25 0.28125 0.25 0.28125 0.1875 0.28125 0.4375 0.25 0.4375 0.25 0.375 0.28125 0.375 0.25 0.375 0.25 0.3125 0.28125 0.3125 0.25 0.3125 0.25 0.25 0.28125 0.25 0.25 0.25 0.25 0.1875 0.28125 0.1875 0.25 0.1875 0.25 0.125 0.28125 0.125 0.25 0.125 0.25 0.06249994 0.28125 0.5 0.25 0.5 0.25 0.4375 0.25 0.125 0.25 0.1875 0.21875 0.1875 0.25 0.06249994 0.25 0.125 0.21875 0.125 0.25 0.4375 0.25 0.5 0.2187499 0.5 0.25 0.375 0.25 0.4375 0.21875 0.4375 0.25 0.3125 0.25 0.375 0.21875 0.375 0.25 0.25 0.25 0.3125 0.21875 0.3125 0.25 0.1875 0.25 0.25 0.21875 0.25 0.21875 0.3125 0.21875 0.375 0.1875 0.375 0.21875 0.25 0.21875 0.3125 0.1875 0.3125 0.21875 0.1875 0.21875 0.25 0.1875 0.25 0.21875 0.125 0.21875 0.1875 0.1875 0.1875 0.21875 0.06249994 0.21875 0.125 0.1875 0.125 0.21875 0.4375 0.2187499 0.5 0.1875 0.5 0.21875 0.375 0.21875 0.4375 0.1875 0.4375 0.1875 0.06249994 0.1875 0.125 0.15625 0.125 0.1875 0.4375 0.1875 0.5 0.1562499 0.5 0.1875 0.375 0.1875 0.4375 0.15625 0.4375 0.1875 0.3125 0.1875 0.375 0.15625 0.375 0.1875 0.25 0.1875 0.3125 0.15625 0.3125 0.1875 0.1875 0.1875 0.25 0.15625 0.25 0.1875 0.125 0.1875 0.1875 0.15625 0.1874999 0.15625 0.25 0.15625 0.3125 0.125 0.3125 0.15625 0.1874999 0.15625 0.25 0.125 0.25 0.15625 0.125 0.15625 0.1874999 0.125 0.1874999 0.15625 0.06249994 0.15625 0.125 0.125 0.125 0.15625 0.4375 0.1562499 0.5 0.1249999 0.5 0.15625 0.375 0.15625 0.4375 0.125 0.4375 0.15625 0.3125 0.15625 0.375 0.125 0.375 0.125 0.4375 0.1249999 0.5 0.09374994 0.5 0.125 0.375 0.125 0.4375 0.09374994 0.4375 0.125 0.3125 0.125 0.375 0.09375 0.375 0.125 0.25 0.125 0.3125 0.09375 0.3125 0.125 0.1874999 0.125 0.25 0.09375 0.2499999 0.125 0.125 0.125 0.1874999 0.09374994 0.1874999 0.125 0.06249994 0.125 0.125 0.09375 0.125 0.09375 0.2499999 0.09375 0.3125 0.0625 0.3124999 0.09374994 0.1874999 0.09375 0.2499999 0.0625 0.25 0.09375 0.125 0.09374994 0.1874999 0.0625 0.1874999 0.09375 0.06249994 0.09375 0.125 0.0625 0.125 0.09374994 0.4375 0.09374994 0.5 0.06249994 0.5 0.09375 0.375 0.09374994 0.4375 0.0625 0.4375 0.09375 0.3125 0.09375 0.375 0.0625 0.375 0.0625 0.4375 0.06249994 0.5 0.03124994 0.5 0.0625 0.375 0.0625 0.4375 0.03124994 0.4375 0.0625 0.3124999 0.0625 0.375 0.03125 0.375 0.0625 0.25 0.0625 0.3124999 0.03124994 0.3125 0.0625 0.1874999 0.0625 0.25 0.03125 0.25 0.0625 0.125 0.0625 0.1874999 0.03124994 0.1874999 0.0625 0.06249994 0.0625 0.125 0.03124994 0.125 0.03124994 0.1874999 0.03125 0.25 0 0.2499999 0.03124994 0.125 0.03124994 0.1874999 0 0.1874999 0.03125 0.06249994 0.03124994 0.125 0 0.125 0.03124994 0.4375 0.03124994 0.5 0 0.5 0.03125 0.375 0.03124994 0.4375 0 0.4375 0.03124994 0.3125 0.03125 0.375 0 0.375 0.03125 0.25 0.03124994 0.3125 0 0.3125 1 0.5 0.9687499 0.5 0.96875 0.4375 1 0.4375 0.96875 0.4375 0.96875 0.375 1 0.375 0.96875 0.375 0.96875 0.3124999 1 0.3125 0.96875 0.3124999 0.96875 0.2499999 1 0.2499999 0.96875 0.2499999 0.96875 0.1874999 1 0.1874999 0.96875 0.1874999 0.96875 0.125 1 0.125 0.96875 0.125 0.96875 0.06249994 0.96875 0.2499999 0.9375 0.2499999 0.9375 0.1874999 0.96875 0.1874999 0.9375 0.1874999 0.9375 0.125 0.96875 0.125 0.9375 0.125 0.9375 0.06249994 0.9687499 0.5 0.9374999 0.5 0.9375 0.4375 0.96875 0.4375 0.9375 0.4375 0.9375 0.375 0.96875 0.375 0.9375 0.375 0.9375 0.3124999 0.96875 0.3124999 0.9375 0.3124999 0.9375 0.2499999 0.9375 0.4375 0.90625 0.4375 0.90625 0.375 0.9375 0.375 0.90625 0.375 0.90625 0.3124999 0.9375 0.3124999 0.90625 0.3124999 0.90625 0.2499999 0.9375 0.2499999 0.90625 0.2499999 0.90625 0.1874999 0.9375 0.1874999 0.90625 0.1874999 0.90625 0.125 0.9375 0.125 0.90625 0.125 0.90625 0.06249994 0.9374999 0.5 0.90625 0.5 0.90625 0.4375 0.90625 0.1874999 0.8749999 0.1874999 0.875 0.125 0.90625 0.125 0.875 0.125 0.875 0.06249994 0.90625 0.5 0.8749999 0.5 0.875 0.4375 0.90625 0.4375 0.875 0.4375 0.875 0.375 0.90625 0.375 0.875 0.375 0.875 0.3124999 0.90625 0.3124999 0.875 0.3124999 0.875 0.2499999 0.90625 0.2499999 0.875 0.2499999 0.8749999 0.1874999 0.875 0.375 0.84375 0.375 0.84375 0.3124999 0.875 0.3124999 0.84375 0.3124999 0.84375 0.2499999 0.875 0.2499999 0.84375 0.2499999 0.84375 0.1874998 0.8749999 0.1874999 0.84375 0.1874998 0.84375 0.125 0.875 0.125 0.84375 0.125 0.84375 0.06249994 0.8749999 0.5 0.8437499 0.5 0.84375 0.4375 0.875 0.4375 0.84375 0.4375 0.84375 0.375 0.84375 0.125 0.8125 0.125 0.8125 0.06249988 0.8437499 0.5 0.8125 0.5 0.8125 0.4375 0.84375 0.4375 0.8125 0.4375 0.8125 0.375 0.84375 0.375 0.8125 0.375 0.8125 0.3124999 0.84375 0.3124999 0.8125 0.3124999 0.8125 0.2499999 0.84375 0.2499999 0.8125 0.2499999 0.8125 0.1874998 0.84375 0.1874998 0.8125 0.1874998 0.8125 0.125 0.8125 0.375 0.78125 0.375 0.78125 0.3124999 0.8125 0.3124999 0.78125 0.3124999 0.78125 0.25 0.8125 0.2499999 0.78125 0.25 0.78125 0.1874998 0.8125 0.1874998 0.78125 0.1874998 0.78125 0.125 0.8125 0.125 0.78125 0.125 0.78125 0.06249988 0.8125 0.5 0.7812499 0.5 0.78125 0.4375 0.8125 0.4375 0.78125 0.4375 0.78125 0.375 0.78125 0.125 0.75 0.125 0.75 0.06249988 0.7812499 0.5 0.75 0.5 0.75 0.4375 0.78125 0.4375 0.75 0.4375 0.75 0.375 0.78125 0.375 0.75 0.375 0.75 0.3125001 0.78125 0.3124999 0.75 0.3125001 0.75 0.2499999 0.78125 0.25 0.75 0.2499999 0.75 0.1874998 0.78125 0.1874998 0.75 0.1874998 0.75 0.125 0.75 0.06249988 0.75 0.125 0.71875 0.125 0.75 0.4375 0.75 0.5 0.71875 0.5 0.75 0.375 0.75 0.4375 0.71875 0.4375 0.75 0.3125001 0.75 0.375 0.71875 0.375 0.75 0.2499999 0.75 0.3125001 0.71875 0.3125 0.75 0.1874998 0.75 0.2499999 0.71875 0.25 0.75 0.125 0.75 0.1874998 0.71875 0.1875 0.71875 0.125 0.71875 0.1875 0.6875 0.1875 0.71875 0.06249994 0.71875 0.125 0.6875 0.125 0.71875 0.4375 0.71875 0.5 0.6875 0.5 0.71875 0.375 0.71875 0.4375 0.6875 0.4375 0.71875 0.3125 0.71875 0.375 0.6875 0.375 0.71875 0.25 0.71875 0.3125 0.6875 0.3125 0.71875 0.1875 0.71875 0.25 0.6875 0.25 0.6875 0.375 0.6875 0.4375 0.65625 0.4375 0.6875 0.3125 0.6875 0.375 0.65625 0.375 0.6875 0.25 0.6875 0.3125 0.65625 0.3125 0.6875 0.1875 0.6875 0.25 0.65625 0.25 0.6875 0.125 0.6875 0.1875 0.65625 0.1875 0.6875 0.06249994 0.6875 0.125 0.65625 0.125 0.6875 0.4375 0.6875 0.5 0.65625 0.5 0.65625 0.125 0.65625 0.1875 0.625 0.1875 0.65625 0.06249994 0.65625 0.125 0.625 0.125 0.65625 0.4375 0.65625 0.5 0.625 0.5 0.65625 0.375 0.65625 0.4375 0.625 0.4375 0.65625 0.3125 0.65625 0.375 0.625 0.375 0.65625 0.25 0.65625 0.3125 0.625 0.3125 0.65625 0.1875 0.65625 0.25 0.625 0.25 0.625 0.3125 0.625 0.375 0.59375 0.375 0.625 0.25 0.625 0.3125 0.59375 0.3125 0.625 0.1875 0.625 0.25 0.59375 0.25 0.625 0.125 0.625 0.1875 0.59375 0.1875 0.625 0.06249994 0.625 0.125 0.59375 0.125 0.625 0.4375 0.625 0.5 0.59375 0.5 0.625 0.375 0.625 0.4375 0.59375 0.4375 0.59375 0.06249994 0.59375 0.125 0.5625 0.125 0.59375 0.4375 0.59375 0.5 0.5625 0.5 0.59375 0.375 0.59375 0.4375 0.5625 0.4375 0.59375 0.3125 0.59375 0.375 0.5625 0.375 0.59375 0.25 0.59375 0.3125 0.5625 0.3125 0.59375 0.1875 0.59375 0.25 0.5625 0.25 0.59375 0.125 0.59375 0.1875 0.5625 0.1875 0.5625 0.3125 0.5625 0.375 0.53125 0.375 0.5625 0.25 0.5625 0.3125 0.53125 0.3125 0.5625 0.1875 0.5625 0.25 0.53125 0.25 0.5625 0.125 0.5625 0.1875 0.53125 0.1875 0.5625 0.06249994 0.5625 0.125 0.53125 0.125 0.5625 0.4375 0.5625 0.5 0.53125 0.5 0.5625 0.375 0.5625 0.4375 0.53125 0.4375 0.53125 0.06249994 0.53125 0.125 0.5 0.125 0.53125 0.4375 0.53125 0.5 0.5 0.5 0.53125 0.375 0.53125 0.4375 0.5 0.4375 0.53125 0.3125 0.53125 0.375 0.5 0.375 0.53125 0.25 0.53125 0.3125 0.5 0.3125 0.53125 0.1875 0.53125 0.25 0.5 0.25 0.53125 0.125 0.53125 0.1875 0.5 0.1875 0.5 0.3125 0.46875 0.3125 0.46875 0.25 0.5 0.25 0.46875 0.25 0.46875 0.1875 0.5 0.1875 0.46875 0.1875 0.46875 0.125 0.5 0.125 0.46875 0.125 0.46875 0.06249994 0.5 0.5 0.46875 0.5 0.46875 0.4375 0.5 0.4375 0.46875 0.4375 0.46875 0.375 0.5 0.375 0.46875 0.375 0.46875 0.3125 0.46875 0.5 0.4375 0.5 0.4375 0.4375 0.46875 0.4375 0.4375 0.4375 0.4375 0.375 0.46875 0.375 0.4375 0.375 0.4375 0.3125 0.46875 0.3125 0.4375 0.3125 0.4375 0.25 0.46875 0.25 0.4375 0.25 0.4375 0.1875 0.46875 0.1875 0.4375 0.1875 0.4375 0.125 0.46875 0.125 0.4375 0.125 0.4375 0.06249994 0.4375 0.25 0.40625 0.25 0.40625 0.1875 0.4375 0.1875 0.40625 0.1875 0.40625 0.125 0.4375 0.125 0.40625 0.125 0.40625 0.06249994 0.4375 0.5 0.40625 0.5 0.40625 0.4375 0.4375 0.4375 0.40625 0.4375 0.40625 0.375 0.4375 0.375 0.40625 0.375 0.40625 0.3125 0.4375 0.3125 0.40625 0.3125 0.40625 0.25 0.40625 0.5 0.375 0.5 0.375 0.4375 0.40625 0.4375 0.375 0.4375 0.375 0.375 0.40625 0.375 0.375 0.375 0.375 0.3125 0.40625 0.3125 0.375 0.3125 0.375 0.25 0.40625 0.25 0.375 0.25 0.375 0.1875 0.40625 0.1875 0.375 0.1875 0.375 0.125 0.40625 0.125 0.375 0.125 0.375 0.06249994 0.375 0.25 0.34375 0.25 0.34375 0.1875 0.375 0.1875 0.34375 0.1875 0.34375 0.125 0.375 0.125 0.34375 0.125 0.34375 0.06249994 0.375 0.5 0.34375 0.5 0.34375 0.4375 0.375 0.4375 0.34375 0.4375 0.34375 0.375 0.375 0.375 0.34375 0.375 0.34375 0.3125 0.375 0.3125 0.34375 0.3125 0.34375 0.25 0.34375 0.4375 0.3125 0.4375 0.3125 0.375 0.34375 0.375 0.3125 0.375 0.3125 0.3125 0.34375 0.3125 0.3125 0.3125 0.3125 0.25 0.34375 0.25 0.3125 0.25 0.3125 0.1875 0.34375 0.1875 0.3125 0.1875 0.3125 0.125 0.34375 0.125 0.3125 0.125 0.3125 0.06249994 0.34375 0.5 0.3125 0.5 0.3125 0.4375 0.3125 0.1875 0.28125 0.1875 0.28125 0.125 0.3125 0.125 0.28125 0.125 0.28125 0.06249994 0.3125 0.5 0.28125 0.5 0.28125 0.4375 0.3125 0.4375 0.28125 0.4375 0.28125 0.375 0.3125 0.375 0.28125 0.375 0.28125 0.3125 0.3125 0.3125 0.28125 0.3125 0.28125 0.25 0.3125 0.25 0.28125 0.25 0.28125 0.1875 0.28125 0.4375 0.25 0.4375 0.25 0.375 0.28125 0.375 0.25 0.375 0.25 0.3125 0.28125 0.3125 0.25 0.3125 0.25 0.25 0.28125 0.25 0.25 0.25 0.25 0.1875 0.28125 0.1875 0.25 0.1875 0.25 0.125 0.28125 0.125 0.25 0.125 0.25 0.06249994 0.28125 0.5 0.25 0.5 0.25 0.4375 0.25 0.125 0.25 0.1875 0.21875 0.1875 0.25 0.06249994 0.25 0.125 0.21875 0.125 0.25 0.4375 0.25 0.5 0.2187499 0.5 0.25 0.375 0.25 0.4375 0.21875 0.4375 0.25 0.3125 0.25 0.375 0.21875 0.375 0.25 0.25 0.25 0.3125 0.21875 0.3125 0.25 0.1875 0.25 0.25 0.21875 0.25 0.21875 0.3125 0.21875 0.375 0.1875 0.375 0.21875 0.25 0.21875 0.3125 0.1875 0.3125 0.21875 0.1875 0.21875 0.25 0.1875 0.25 0.21875 0.125 0.21875 0.1875 0.1875 0.1875 0.21875 0.06249994 0.21875 0.125 0.1875 0.125 0.21875 0.4375 0.2187499 0.5 0.1875 0.5 0.21875 0.375 0.21875 0.4375 0.1875 0.4375 0.1875 0.06249994 0.1875 0.125 0.15625 0.125 0.1875 0.4375 0.1875 0.5 0.1562499 0.5 0.1875 0.375 0.1875 0.4375 0.15625 0.4375 0.1875 0.3125 0.1875 0.375 0.15625 0.375 0.1875 0.25 0.1875 0.3125 0.15625 0.3125 0.1875 0.1875 0.1875 0.25 0.15625 0.25 0.1875 0.125 0.1875 0.1875 0.15625 0.1874999 0.15625 0.25 0.15625 0.3125 0.125 0.3125 0.15625 0.1874999 0.15625 0.25 0.125 0.25 0.15625 0.125 0.15625 0.1874999 0.125 0.1874999 0.15625 0.06249994 0.15625 0.125 0.125 0.125 0.15625 0.4375 0.1562499 0.5 0.1249999 0.5 0.15625 0.375 0.15625 0.4375 0.125 0.4375 0.15625 0.3125 0.15625 0.375 0.125 0.375 0.125 0.4375 0.1249999 0.5 0.09374994 0.5 0.125 0.375 0.125 0.4375 0.09374994 0.4375 0.125 0.3125 0.125 0.375 0.09375 0.375 0.125 0.25 0.125 0.3125 0.09375 0.3125 0.125 0.1874999 0.125 0.25 0.09375 0.2499999 0.125 0.125 0.125 0.1874999 0.09374994 0.1874999 0.125 0.06249994 0.125 0.125 0.09375 0.125 0.09375 0.2499999 0.09375 0.3125 0.0625 0.3124999 0.09374994 0.1874999 0.09375 0.2499999 0.0625 0.25 0.09375 0.125 0.09374994 0.1874999 0.0625 0.1874999 0.09375 0.06249994 0.09375 0.125 0.0625 0.125 0.09374994 0.4375 0.09374994 0.5 0.06249994 0.5 0.09375 0.375 0.09374994 0.4375 0.0625 0.4375 0.09375 0.3125 0.09375 0.375 0.0625 0.375 0.0625 0.4375 0.06249994 0.5 0.03124994 0.5 0.0625 0.375 0.0625 0.4375 0.03124994 0.4375 0.0625 0.3124999 0.0625 0.375 0.03125 0.375 0.0625 0.25 0.0625 0.3124999 0.03124994 0.3125 0.0625 0.1874999 0.0625 0.25 0.03125 0.25 0.0625 0.125 0.0625 0.1874999 0.03124994 0.1874999 0.0625 0.06249994 0.0625 0.125 0.03124994 0.125 0.03124994 0.1874999 0.03125 0.25 0 0.2499999 0.03124994 0.125 0.03124994 0.1874999 0 0.1874999 0.03125 0.06249994 0.03124994 0.125 0 0.125 0.03124994 0.4375 0.03124994 0.5 0 0.5 0.03125 0.375 0.03124994 0.4375 0 0.4375 0.03124994 0.3125 0.03125 0.375 0 0.375 0.03125 0.25 0.03124994 0.3125 0 0.3125 1 0.5 0.9687499 0.5 0.96875 0.4375 1 0.4375 0.96875 0.4375 0.96875 0.375 1 0.375 0.96875 0.375 0.96875 0.3124999 1 0.3125 0.96875 0.3124999 0.96875 0.2499999 1 0.2499999 0.96875 0.2499999 0.96875 0.1874999 1 0.1874999 0.96875 0.1874999 0.96875 0.125 1 0.125 0.96875 0.125 0.96875 0.06249994 0.96875 0.2499999 0.9375 0.2499999 0.9375 0.1874999 0.96875 0.1874999 0.9375 0.1874999 0.9375 0.125 0.96875 0.125 0.9375 0.125 0.9375 0.06249994 0.9687499 0.5 0.9374999 0.5 0.9375 0.4375 0.96875 0.4375 0.9375 0.4375 0.9375 0.375 0.96875 0.375 0.9375 0.375 0.9375 0.3124999 0.96875 0.3124999 0.9375 0.3124999 0.9375 0.2499999 0.9375 0.4375 0.90625 0.4375 0.90625 0.375 0.9375 0.375 0.90625 0.375 0.90625 0.3124999 0.9375 0.3124999 0.90625 0.3124999 0.90625 0.2499999 0.9375 0.2499999 0.90625 0.2499999 0.90625 0.1874999 0.9375 0.1874999 0.90625 0.1874999 0.90625 0.125 0.9375 0.125 0.90625 0.125 0.90625 0.06249994 0.9374999 0.5 0.90625 0.5 0.90625 0.4375 0.90625 0.1874999 0.8749999 0.1874999 0.875 0.125 0.90625 0.125 0.875 0.125 0.875 0.06249994 0.90625 0.5 0.8749999 0.5 0.875 0.4375 0.90625 0.4375 0.875 0.4375 0.875 0.375 0.90625 0.375 0.875 0.375 0.875 0.3124999 0.90625 0.3124999 0.875 0.3124999 0.875 0.2499999 0.90625 0.2499999 0.875 0.2499999 0.8749999 0.1874999 0.875 0.375 0.84375 0.375 0.84375 0.3124999 0.875 0.3124999 0.84375 0.3124999 0.84375 0.2499999 0.875 0.2499999 0.84375 0.2499999 0.84375 0.1874998 0.8749999 0.1874999 0.84375 0.1874998 0.84375 0.125 0.71875 0.5 0.71875 0.5 0.6875 0.5 0.875 0.125 0.84375 0.125 0.84375 0.06249994 0.75 0.5 0.75 0.5 0.71875 0.5 0.8749999 0.5 0.8437499 0.5 0.84375 0.4375 0.875 0.4375 0.84375 0.4375 0.84375 0.375 0.84375 0.125 0.8125 0.125 0.8125 0.06249988 0.8437499 0.5 0.8125 0.5 0.8125 0.4375 0.84375 0.4375 0.8125 0.4375 0.8125 0.375 0.84375 0.375 0.8125 0.375 0.8125 0.3124999 0.84375 0.3124999 0.8125 0.3124999 0.8125 0.2499999 0.84375 0.2499999 0.8125 0.2499999 0.8125 0.1874998 0.84375 0.1874998 0.8125 0.1874998 0.8125 0.125 0.8125 0.375 0.78125 0.375 0.78125 0.3124999 0.8125 0.3124999 0.78125 0.3124999 0.78125 0.25 0.8125 0.2499999 0.78125 0.25 0.78125 0.1874998 0.8125 0.1874998 0.78125 0.1874998 0.78125 0.125 0.8125 0.125 0.78125 0.125 0.78125 0.06249988 0.8125 0.5 0.7812499 0.5 0.78125 0.4375 0.8125 0.4375 0.78125 0.4375 0.78125 0.375 0.78125 0.125 0.75 0.125 0.75 0.06249988 0.7812499 0.5 0.75 0.5 0.75 0.4375 0.78125 0.4375 0.75 0.4375 0.75 0.375 0.78125 0.375 0.75 0.375 0.75 0.3125001 0.78125 0.3124999 0.75 0.3125001 0.75 0.2499999 0.78125 0.25 0.75 0.2499999 0.75 0.1874998 0.78125 0.1874998 0.75 0.1874998 0.75 0.125 0.6875 0.5 0.6875 0.5 0.65625 0.5 0.65625 0.5 0.65625 0.5 0.625 0.5 0.625 0.5 0.625 0.5 0.59375 0.5 0.59375 0.5 0.59375 0.5 0.5625 0.5 0.5625 0.5 0.5625 0.5 0.53125 0.5 0.53125 0.5 0.53125 0.5 0.5 0.5 0.5 0.5 0.46875 0.5 0.46875 0.5 0.4375 0.5 0.46875 0.5 0.46875 0.5 0.4375 0.5 0.40625 0.5 0.40625 0.5 0.375 0.5 0.40625 0.5 0.40625 0.5 0.375 0.5 0.34375 0.5 0.34375 0.5 0.34375 0.5 0.3125 0.5 0.3125 0.5 0.3125 0.5 0.28125 0.5 0.28125 0.5 0.28125 0.5 0.25 0.5 0.25 0.5 0.25 0.5 0.25 0.5 0.2187499 0.5 0.2187499 0.5 0.2187499 0.5 0.1875 0.5 0.1875 0.5 0.1875 0.5 0.1562499 0.5 0.1562499 0.5 0.1562499 0.5 0.1249999 0.5 0.1249999 0.5 0.1249999 0.5 0.09374994 0.5 0.09374994 0.5 0.09374994 0.5 0.06249994 0.5 0.06249994 0.5 0.06249994 0.5 0.03124994 0.5 0.03124994 0.5 0.03124994 0.5 0 0.5 0.9687499 0.5 0 0.5 1 0.5 0.9687499 0.5 0.9374999 0.5 0.9374999 0.5 0.9374999 0.5 0.90625 0.5 0.90625 0.5 0.90625 0.5 0.8749999 0.5 0.8749999 0.5 0.8749999 0.5 0.8437499 0.5 0.8437499 0.5 0.8437499 0.5 0.8125 0.5 0.8125 0.5 0.8125 0.5 0.7812499 0.5 0.7812499 0.5 0.7812499 0.5 0.75 0.5 0.75 0.5 0.870437 0.5 0.870437 0.75 0.625 0.75 0.625 0.5 0.625 0.75 0.375 0.75 0.375 0.5 0.375 0.25 0.625 0.254563 0.375 0.25 0.4541485 0.25 0.625 0.254563 0.625 0.5 0.375 0.5 0.625 0.254563 0.375 0.5 0.375 0.75 0.125 0.75 0.4541485 0 0.4541485 0.25 0.375 0.25 0.625 0.25 0.625 0.25 0.625 0 0.4541485 0 0.625 0 0.625 0.25 0.375 1 0.375 0.75 0.625 0.995437 0.375 0.75 0.625 0.75 0.625 0.995437 0.4541485 1 0.375 1 0.625 0.995437</float_array>
          <technique_common>
            <accessor source="#Cube_003-mesh-map-0-array" count="3192" stride="2">
              <param name="S" type="float"/>
              <param name="T" type="float"/>
            </accessor>
          </technique_common>
        </source>
        <vertices id="Cube_003-mesh-vertices">
          <input semantic="POSITION" source="#Cube_003-mesh-positions"/>
        </vertices>
        <triangles material="Pink-material" count="1064">
          <input semantic="VERTEX" source="#Cube_003-mesh-vertices" offset="0"/>
          <input semantic="NORMAL" source="#Cube_003-mesh-normals" offset="1"/>
          <input semantic="TEXCOORD" source="#Cube_003-mesh-map-0" offset="2" set="0"/>
          <p>7 0 0 3 0 1 5 0 2 5 1 3 2 1 4 4 1 5 10 2 6 7 2 7 5 2 8 4 3 9 0 3 10 1 3 11 0 4 12 10 4 13 1 4 14 7 5 15 8 5 16 6 5 17 9 6 18 11 6 19 10 6 20 3 7 21 8 7 22 9 7 23 268 8 24 21 8 25 22 8 26 175 9 27 268 9 28 22 9 29 13 10 30 15 10 31 16 10 32 264 11 33 16 11 34 17 11 35 14 12 36 17 12 37 18 12 38 265 13 39 18 13 40 19 13 41 266 14 42 19 14 43 20 14 44 267 15 45 20 15 46 21 15 47 21 16 48 28 16 49 29 16 50 22 17 51 29 17 52 30 17 53 175 18 54 22 18 55 30 18 56 16 19 57 23 19 58 24 19 59 17 20 60 24 20 61 25 20 62 18 21 63 25 21 64 26 21 65 19 22 66 26 22 67 27 22 68 20 23 69 27 23 70 28 23 71 25 24 72 32 24 73 33 24 74 26 25 75 33 25 76 34 25 77 27 26 78 34 26 79 35 26 80 28 27 81 35 27 82 36 27 83 29 28 84 36 28 85 37 28 86 30 29 87 37 29 88 38 29 89 175 30 90 30 30 91 38 30 92 24 31 93 31 31 94 32 31 95 37 32 96 44 32 97 45 32 98 38 33 99 45 33 100 46 33 101 175 34 102 38 34 103 46 34 104 32 35 105 39 35 106 40 35 107 33 36 108 40 36 109 41 36 110 34 37 111 41 37 112 42 37 113 35 38 114 42 38 115 43 38 116 36 39 117 43 39 118 44 39 119 42 40 120 49 40 121 50 40 122 43 41 123 50 41 124 51 41 125 44 42 126 51 42 127 52 42 128 45 43 129 52 43 130 53 43 131 46 44 132 53 44 133 54 44 134 175 45 135 46 45 136 54 45 137 40 46 138 47 46 139 48 46 140 41 47 141 48 47 142 49 47 143 54 48 144 61 48 145 62 48 146 175 49 147 54 49 148 62 49 149 48 50 150 55 50 151 56 50 152 49 51 153 56 51 154 57 51 155 50 52 156 57 52 157 58 52 158 51 53 159 58 53 160 59 53 161 52 54 162 59 54 163 60 54 164 53 55 165 60 55 166 61 55 167 58 56 168 65 56 169 66 56 170 59 57 171 66 57 172 67 57 173 60 58 174 67 58 175 68 58 176 61 59 177 68 59 178 69 59 179 62 60 180 69 60 181 70 60 182 175 61 183 62 61 184 70 61 185 56 62 186 63 62 187 64 62 188 57 63 189 64 63 190 65 63 191 70 64 192 77 64 193 78 64 194 175 65 195 70 65 196 78 65 197 64 66 198 71 66 199 72 66 200 65 67 201 72 67 202 73 67 203 66 68 204 73 68 205 74 68 206 67 69 207 74 69 208 75 69 209 68 70 210 75 70 211 76 70 212 69 71 213 76 71 214 77 71 215 74 72 216 83 72 217 75 72 218 75 73 219 84 73 220 76 73 221 76 74 222 85 74 223 77 74 224 77 75 225 86 75 226 78 75 227 175 76 228 78 76 229 86 76 230 71 77 231 80 77 232 72 77 233 72 78 234 81 78 235 73 78 236 73 79 237 82 79 238 74 79 239 175 80 240 86 80 241 94 80 242 79 81 243 88 81 244 80 81 245 80 82 246 89 82 247 81 82 248 81 83 249 90 83 250 82 83 251 82 84 252 91 84 253 83 84 254 83 85 255 92 85 256 84 85 257 84 86 258 93 86 259 85 86 260 85 87 261 94 87 262 86 87 263 91 88 264 100 88 265 92 88 266 92 89 267 101 89 268 93 89 269 93 90 270 102 90 271 94 90 272 175 91 273 94 91 274 102 91 275 87 92 276 96 92 277 88 92 278 88 93 279 97 93 280 89 93 281 89 94 282 98 94 283 90 94 284 90 95 285 99 95 286 91 95 287 95 96 288 104 96 289 96 96 290 96 97 291 105 97 292 97 97 293 97 98 294 106 98 295 98 98 296 98 99 297 107 99 298 99 99 299 99 100 300 108 100 301 100 100 302 100 101 303 109 101 304 101 101 305 101 102 306 110 102 307 102 102 308 175 103 309 102 103 310 110 103 311 107 104 312 116 104 313 108 104 314 108 105 315 117 105 316 109 105 317 109 106 318 118 106 319 110 106 320 175 107 321 110 107 322 118 107 323 103 108 324 112 108 325 104 108 326 104 109 327 113 109 328 105 109 329 105 110 330 114 110 331 106 110 332 106 111 333 115 111 334 107 111 335 112 112 336 121 112 337 113 112 338 113 113 339 122 113 340 114 113 341 114 114 342 123 114 343 115 114 344 115 115 345 124 115 346 116 115 347 116 116 348 125 116 349 117 116 350 117 117 351 126 117 352 118 117 353 175 118 354 118 118 355 126 118 356 111 119 357 120 119 358 112 119 359 124 120 360 133 120 361 125 120 362 125 121 363 134 121 364 126 121 365 175 122 366 126 122 367 134 122 368 119 123 369 128 123 370 120 123 371 120 124 372 129 124 373 121 124 374 121 125 375 130 125 376 122 125 377 122 126 378 131 126 379 123 126 380 123 127 381 132 127 382 124 127 383 128 128 384 137 128 385 129 128 386 129 129 387 138 129 388 130 129 389 130 130 390 139 130 391 131 130 392 131 131 393 140 131 394 132 131 395 132 132 396 141 132 397 133 132 398 133 133 399 142 133 400 134 133 401 175 134 402 134 134 403 142 134 404 127 135 405 136 135 406 128 135 407 141 136 408 148 136 409 149 136 410 142 137 411 149 137 412 150 137 413 175 138 414 142 138 415 150 138 416 136 139 417 143 139 418 144 139 419 137 140 420 144 140 421 145 140 422 138 141 423 145 141 424 146 141 425 139 142 426 146 142 427 147 142 428 140 143 429 147 143 430 148 143 431 146 144 432 153 144 433 154 144 434 147 145 435 154 145 436 155 145 437 148 146 438 155 146 439 156 146 440 149 147 441 156 147 442 157 147 443 150 148 444 157 148 445 158 148 446 175 149 447 150 149 448 158 149 449 144 150 450 151 150 451 152 150 452 145 151 453 152 151 454 153 151 455 158 152 456 165 152 457 166 152 458 175 153 459 158 153 460 166 153 461 152 154 462 159 154 463 160 154 464 153 155 465 160 155 466 161 155 467 154 156 468 161 156 469 162 156 470 155 157 471 162 157 472 163 157 473 156 158 474 163 158 475 164 158 476 157 159 477 164 159 478 165 159 479 163 160 480 170 160 481 171 160 482 164 161 483 171 161 484 172 161 485 165 162 486 172 162 487 173 162 488 166 163 489 173 163 490 174 163 491 175 164 492 166 164 493 174 164 494 160 165 495 167 165 496 168 165 497 161 166 498 168 166 499 169 166 500 162 167 501 169 167 502 170 167 503 175 168 504 174 168 505 183 168 506 168 169 507 176 169 508 177 169 509 169 170 510 177 170 511 178 170 512 170 171 513 178 171 514 179 171 515 171 172 516 179 172 517 180 172 518 172 173 519 180 173 520 181 173 521 173 174 522 181 174 523 182 174 524 174 175 525 182 175 526 183 175 527 180 176 528 187 176 529 188 176 530 181 177 531 188 177 532 189 177 533 182 178 534 189 178 535 190 178 536 183 179 537 190 179 538 191 179 539 175 180 540 183 180 541 191 180 542 177 181 543 184 181 544 185 181 545 178 182 546 185 182 547 186 182 548 179 183 549 186 183 550 187 183 551 175 184 552 191 184 553 199 184 554 185 185 555 192 185 556 193 185 557 186 186 558 193 186 559 194 186 560 187 187 561 194 187 562 195 187 563 188 188 564 195 188 565 196 188 566 189 189 567 196 189 568 197 189 569 190 190 570 197 190 571 198 190 572 191 191 573 198 191 574 199 191 575 197 192 576 204 192 577 205 192 578 198 193 579 205 193 580 206 193 581 199 194 582 206 194 583 207 194 584 175 195 585 199 195 586 207 195 587 193 196 588 200 196 589 201 196 590 194 197 591 201 197 592 202 197 593 195 198 594 202 198 595 203 198 596 196 199 597 203 199 598 204 199 599 200 200 600 209 200 601 201 200 602 201 201 603 210 201 604 202 201 605 202 202 606 211 202 607 203 202 608 203 203 609 212 203 610 204 203 611 204 204 612 213 204 613 205 204 614 205 205 615 214 205 616 206 205 617 206 206 618 215 206 619 207 206 620 175 207 621 207 207 622 215 207 623 212 208 624 221 208 625 213 208 626 213 209 627 222 209 628 214 209 629 214 210 630 223 210 631 215 210 632 175 211 633 215 211 634 223 211 635 208 212 636 217 212 637 209 212 638 209 213 639 218 213 640 210 213 641 210 214 642 219 214 643 211 214 644 211 215 645 220 215 646 212 215 647 217 216 648 226 216 649 218 216 650 218 217 651 227 217 652 219 217 653 219 218 654 228 218 655 220 218 656 220 219 657 229 219 658 221 219 659 221 220 660 230 220 661 222 220 662 222 221 663 231 221 664 223 221 665 175 222 666 223 222 667 231 222 668 216 223 669 225 223 670 217 223 671 229 224 672 238 224 673 230 224 674 230 225 675 239 225 676 231 225 677 175 226 678 231 226 679 239 226 680 224 227 681 233 227 682 225 227 683 225 228 684 234 228 685 226 228 686 226 229 687 235 229 688 227 229 689 227 230 690 236 230 691 228 230 692 228 231 693 237 231 694 229 231 695 234 232 696 243 232 697 235 232 698 235 233 699 244 233 700 236 233 701 236 234 702 245 234 703 237 234 704 237 235 705 246 235 706 238 235 707 238 236 708 247 236 709 239 236 710 175 237 711 239 237 712 247 237 713 232 238 714 241 238 715 233 238 716 233 239 717 242 239 718 234 239 719 246 240 720 255 240 721 247 240 722 175 241 723 247 241 724 255 241 725 240 242 726 249 242 727 241 242 728 241 243 729 250 243 730 242 243 731 242 244 732 251 244 733 243 244 734 243 245 735 252 245 736 244 245 737 244 246 738 253 246 739 245 246 740 245 247 741 254 247 742 246 247 743 250 248 744 259 248 745 251 248 746 251 249 747 260 249 748 252 249 749 252 250 750 261 250 751 253 250 752 253 251 753 262 251 754 254 251 755 254 252 756 263 252 757 255 252 758 175 253 759 255 253 760 263 253 761 248 254 762 257 254 763 249 254 764 249 255 765 258 255 766 250 255 767 262 256 768 268 256 769 263 256 770 175 257 771 263 257 772 268 257 773 256 258 774 13 258 775 257 258 776 257 259 777 264 259 778 258 259 779 258 260 780 14 260 781 259 260 782 259 261 783 265 261 784 260 261 785 260 262 786 266 262 787 261 262 788 261 263 789 267 263 790 262 263 791 525 264 792 278 264 793 279 264 794 432 265 795 525 265 796 279 265 797 270 266 798 272 266 799 273 266 800 521 267 801 273 267 802 274 267 803 271 268 804 274 268 805 275 268 806 522 269 807 275 269 808 276 269 809 523 270 810 276 270 811 277 270 812 524 271 813 277 271 814 278 271 815 278 272 816 285 272 817 286 272 818 279 273 819 286 273 820 287 273 821 432 274 822 279 274 823 287 274 824 273 275 825 280 275 826 281 275 827 274 276 828 281 276 829 282 276 830 275 277 831 282 277 832 283 277 833 276 278 834 283 278 835 284 278 836 277 279 837 284 279 838 285 279 839 282 280 840 289 280 841 290 280 842 283 281 843 290 281 844 291 281 845 284 282 846 291 282 847 292 282 848 285 283 849 292 283 850 293 283 851 286 284 852 293 284 853 294 284 854 287 285 855 294 285 856 295 285 857 432 286 858 287 286 859 295 286 860 281 287 861 288 287 862 289 287 863 294 288 864 301 288 865 302 288 866 295 289 867 302 289 868 303 289 869 432 290 870 295 290 871 303 290 872 289 291 873 296 291 874 297 291 875 290 292 876 297 292 877 298 292 878 291 293 879 298 293 880 299 293 881 292 294 882 299 294 883 300 294 884 293 295 885 300 295 886 301 295 887 299 296 888 306 296 889 307 296 890 300 297 891 307 297 892 308 297 893 301 298 894 308 298 895 309 298 896 302 299 897 309 299 898 310 299 899 303 300 900 310 300 901 311 300 902 432 301 903 303 301 904 311 301 905 297 302 906 304 302 907 305 302 908 298 303 909 305 303 910 306 303 911 311 304 912 318 304 913 319 304 914 432 305 915 311 305 916 319 305 917 305 306 918 312 306 919 313 306 920 306 307 921 313 307 922 314 307 923 307 308 924 314 308 925 315 308 926 308 309 927 315 309 928 316 309 929 309 310 930 316 310 931 317 310 932 310 311 933 317 311 934 318 311 935 315 312 936 322 312 937 323 312 938 316 313 939 323 313 940 324 313 941 317 314 942 324 314 943 325 314 944 318 315 945 325 315 946 326 315 947 319 316 948 326 316 949 327 316 950 432 317 951 319 317 952 327 317 953 313 318 954 320 318 955 321 318 956 314 319 957 321 319 958 322 319 959 327 320 960 334 320 961 335 320 962 432 321 963 327 321 964 335 321 965 321 322 966 328 322 967 329 322 968 322 323 969 329 323 970 330 323 971 323 324 972 330 324 973 331 324 974 324 325 975 331 325 976 332 325 977 325 326 978 332 326 979 333 326 980 326 327 981 333 327 982 334 327 983 331 328 984 340 328 985 332 328 986 332 329 987 341 329 988 333 329 989 333 330 990 342 330 991 334 330 992 334 331 993 343 331 994 335 331 995 432 332 996 335 332 997 343 332 998 328 333 999 337 333 1000 329 333 1001 329 334 1002 338 334 1003 330 334 1004 330 335 1005 339 335 1006 331 335 1007 432 336 1008 343 336 1009 351 336 1010 336 337 1011 345 337 1012 337 337 1013 337 338 1014 346 338 1015 338 338 1016 338 339 1017 347 339 1018 339 339 1019 339 340 1020 348 340 1021 340 340 1022 340 341 1023 349 341 1024 341 341 1025 341 342 1026 350 342 1027 342 342 1028 342 343 1029 351 343 1030 343 343 1031 348 344 1032 357 344 1033 349 344 1034 349 345 1035 358 345 1036 350 345 1037 350 346 1038 359 346 1039 351 346 1040 432 347 1041 351 347 1042 359 347 1043 344 348 1044 353 348 1045 345 348 1046 345 349 1047 354 349 1048 346 349 1049 346 350 1050 355 350 1051 347 350 1052 347 351 1053 356 351 1054 348 351 1055 352 352 1056 361 352 1057 353 352 1058 353 353 1059 362 353 1060 354 353 1061 354 354 1062 363 354 1063 355 354 1064 355 355 1065 364 355 1066 356 355 1067 356 356 1068 365 356 1069 357 356 1070 357 357 1071 366 357 1072 358 357 1073 358 358 1074 367 358 1075 359 358 1076 432 359 1077 359 359 1078 367 359 1079 364 360 1080 373 360 1081 365 360 1082 365 361 1083 374 361 1084 366 361 1085 366 362 1086 375 362 1087 367 362 1088 432 363 1089 367 363 1090 375 363 1091 360 364 1092 369 364 1093 361 364 1094 361 365 1095 370 365 1096 362 365 1097 362 366 1098 371 366 1099 363 366 1100 363 367 1101 372 367 1102 364 367 1103 369 368 1104 378 368 1105 370 368 1106 370 369 1107 379 369 1108 371 369 1109 371 370 1110 380 370 1111 372 370 1112 372 371 1113 381 371 1114 373 371 1115 373 372 1116 382 372 1117 374 372 1118 374 373 1119 383 373 1120 375 373 1121 432 374 1122 375 374 1123 383 374 1124 368 375 1125 377 375 1126 369 375 1127 381 376 1128 390 376 1129 382 376 1130 382 377 1131 391 377 1132 383 377 1133 432 378 1134 383 378 1135 391 378 1136 376 379 1137 385 379 1138 377 379 1139 377 380 1140 386 380 1141 378 380 1142 378 381 1143 387 381 1144 379 381 1145 379 382 1146 388 382 1147 380 382 1148 380 383 1149 389 383 1150 381 383 1151 385 384 1152 394 384 1153 386 384 1154 386 385 1155 395 385 1156 387 385 1157 387 386 1158 396 386 1159 388 386 1160 388 387 1161 397 387 1162 389 387 1163 389 388 1164 398 388 1165 390 388 1166 390 389 1167 399 389 1168 391 389 1169 432 390 1170 391 390 1171 399 390 1172 384 391 1173 393 391 1174 385 391 1175 398 392 1176 405 392 1177 406 392 1178 399 393 1179 406 393 1180 407 393 1181 432 394 1182 399 394 1183 407 394 1184 393 395 1185 400 395 1186 401 395 1187 394 396 1188 401 396 1189 402 396 1190 395 397 1191 402 397 1192 403 397 1193 396 398 1194 403 398 1195 404 398 1196 397 399 1197 404 399 1198 405 399 1199 403 400 1200 410 400 1201 411 400 1202 404 401 1203 411 401 1204 412 401 1205 405 402 1206 412 402 1207 413 402 1208 406 403 1209 413 403 1210 414 403 1211 407 404 1212 414 404 1213 415 404 1214 432 405 1215 407 405 1216 415 405 1217 401 406 1218 408 406 1219 409 406 1220 402 407 1221 409 407 1222 410 407 1223 415 408 1224 422 408 1225 423 408 1226 432 409 1227 415 409 1228 423 409 1229 409 410 1230 416 410 1231 417 410 1232 410 411 1233 417 411 1234 418 411 1235 411 412 1236 418 412 1237 419 412 1238 412 413 1239 419 413 1240 420 413 1241 413 414 1242 420 414 1243 421 414 1244 414 415 1245 421 415 1246 422 415 1247 420 416 1248 427 416 1249 428 416 1250 421 417 1251 428 417 1252 429 417 1253 422 418 1254 429 418 1255 430 418 1256 423 419 1257 430 419 1258 431 419 1259 432 420 1260 423 420 1261 431 420 1262 417 421 1263 424 421 1264 425 421 1265 418 422 1266 425 422 1267 426 422 1268 419 423 1269 426 423 1270 427 423 1271 432 424 1272 431 424 1273 440 424 1274 425 425 1275 433 425 1276 434 425 1277 426 426 1278 434 426 1279 435 426 1280 427 427 1281 435 427 1282 436 427 1283 428 428 1284 436 428 1285 437 428 1286 429 429 1287 437 429 1288 438 429 1289 430 430 1290 438 430 1291 439 430 1292 431 431 1293 439 431 1294 440 431 1295 437 432 1296 444 432 1297 445 432 1298 438 433 1299 445 433 1300 446 433 1301 439 434 1302 446 434 1303 447 434 1304 440 435 1305 447 435 1306 448 435 1307 432 436 1308 440 436 1309 448 436 1310 434 437 1311 441 437 1312 442 437 1313 435 438 1314 442 438 1315 443 438 1316 436 439 1317 443 439 1318 444 439 1319 432 440 1320 448 440 1321 456 440 1322 442 441 1323 449 441 1324 450 441 1325 443 442 1326 450 442 1327 451 442 1328 444 443 1329 451 443 1330 452 443 1331 445 444 1332 452 444 1333 453 444 1334 446 445 1335 453 445 1336 454 445 1337 447 446 1338 454 446 1339 455 446 1340 448 447 1341 455 447 1342 456 447 1343 454 448 1344 461 448 1345 462 448 1346 455 449 1347 462 449 1348 463 449 1349 456 450 1350 463 450 1351 464 450 1352 432 451 1353 456 451 1354 464 451 1355 450 452 1356 457 452 1357 458 452 1358 451 453 1359 458 453 1360 459 453 1361 452 454 1362 459 454 1363 460 454 1364 453 455 1365 460 455 1366 461 455 1367 457 456 1368 466 456 1369 458 456 1370 458 457 1371 467 457 1372 459 457 1373 459 458 1374 468 458 1375 460 458 1376 460 459 1377 469 459 1378 461 459 1379 461 460 1380 470 460 1381 462 460 1382 462 461 1383 471 461 1384 463 461 1385 463 462 1386 472 462 1387 464 462 1388 432 463 1389 464 463 1390 472 463 1391 469 464 1392 478 464 1393 470 464 1394 470 465 1395 479 465 1396 471 465 1397 471 466 1398 480 466 1399 472 466 1400 432 467 1401 472 467 1402 480 467 1403 465 468 1404 474 468 1405 466 468 1406 466 469 1407 475 469 1408 467 469 1409 467 470 1410 476 470 1411 468 470 1412 468 471 1413 477 471 1414 469 471 1415 474 472 1416 483 472 1417 475 472 1418 475 473 1419 484 473 1420 476 473 1421 476 474 1422 485 474 1423 477 474 1424 477 475 1425 486 475 1426 478 475 1427 478 476 1428 487 476 1429 479 476 1430 479 477 1431 488 477 1432 480 477 1433 432 478 1434 480 478 1435 488 478 1436 473 479 1437 482 479 1438 474 479 1439 486 480 1440 495 480 1441 487 480 1442 487 481 1443 496 481 1444 488 481 1445 432 482 1446 488 482 1447 496 482 1448 481 483 1449 490 483 1450 482 483 1451 482 484 1452 491 484 1453 483 484 1454 483 485 1455 492 485 1456 484 485 1457 484 486 1458 493 486 1459 485 486 1460 485 487 1461 494 487 1462 486 487 1463 491 488 1464 500 488 1465 492 488 1466 492 489 1467 501 489 1468 493 489 1469 493 490 1470 502 490 1471 494 490 1472 494 491 1473 503 491 1474 495 491 1475 15 492 1476 280 492 1477 23 492 1478 495 493 1479 504 493 1480 496 493 1481 12 494 1482 272 494 1483 15 494 1484 432 495 1485 496 495 1486 504 495 1487 489 496 1488 498 496 1489 490 496 1490 490 497 1491 499 497 1492 491 497 1493 503 498 1494 512 498 1495 504 498 1496 432 499 1497 504 499 1498 512 499 1499 497 500 1500 506 500 1501 498 500 1502 498 501 1503 507 501 1504 499 501 1505 499 502 1506 508 502 1507 500 502 1508 500 503 1509 509 503 1510 501 503 1511 501 504 1512 510 504 1513 502 504 1514 502 505 1515 511 505 1516 503 505 1517 507 506 1518 516 506 1519 508 506 1520 508 507 1521 517 507 1522 509 507 1523 509 508 1524 518 508 1525 510 508 1526 510 509 1527 519 509 1528 511 509 1529 511 510 1530 520 510 1531 512 510 1532 432 511 1533 512 511 1534 520 511 1535 505 512 1536 514 512 1537 506 512 1538 506 513 1539 515 513 1540 507 513 1541 519 514 1542 525 514 1543 520 514 1544 432 515 1545 520 515 1546 525 515 1547 513 516 1548 270 516 1549 514 516 1550 514 517 1551 521 517 1552 515 517 1553 515 518 1554 271 518 1555 516 518 1556 516 519 1557 522 519 1558 517 519 1559 517 520 1560 523 520 1561 518 520 1562 518 521 1563 524 521 1564 519 521 1565 23 522 1566 288 522 1567 31 522 1568 31 523 1569 296 523 1570 39 523 1571 39 524 1572 304 524 1573 47 524 1574 47 525 1575 312 525 1576 55 525 1577 55 526 1578 320 526 1579 63 526 1580 63 527 1581 328 527 1582 71 527 1583 328 528 1584 79 528 1585 71 528 1586 87 529 1587 336 529 1588 344 529 1589 344 530 1590 95 530 1591 87 530 1592 103 531 1593 352 531 1594 360 531 1595 360 532 1596 111 532 1597 103 532 1598 368 533 1599 119 533 1600 111 533 1601 376 534 1602 127 534 1603 119 534 1604 384 535 1605 135 535 1606 127 535 1607 135 536 1608 400 536 1609 143 536 1610 143 537 1611 408 537 1612 151 537 1613 151 538 1614 416 538 1615 159 538 1616 159 539 1617 424 539 1618 167 539 1619 167 540 1620 433 540 1621 176 540 1622 176 541 1623 441 541 1624 184 541 1625 184 542 1626 449 542 1627 192 542 1628 192 543 1629 457 543 1630 200 543 1631 208 544 1632 457 544 1633 465 544 1634 465 545 1635 216 545 1636 208 545 1637 473 546 1638 224 546 1639 216 546 1640 481 547 1641 232 547 1642 224 547 1643 489 548 1644 240 548 1645 232 548 1646 497 549 1647 248 549 1648 240 549 1649 505 550 1650 256 550 1651 248 550 1652 513 551 1653 12 551 1654 256 551 1655 533 552 1656 529 552 1657 531 552 1658 531 553 1659 528 553 1660 530 553 1661 536 554 1662 537 554 1663 533 554 1664 530 555 1665 526 555 1666 527 555 1667 535 556 1668 527 556 1669 526 556 1670 533 557 1671 534 557 1672 532 557 1673 535 558 1674 537 558 1675 536 558 1676 529 559 1677 532 559 1678 534 559 1679 7 560 1680 6 560 1681 3 560 1682 5 561 1683 3 561 1684 2 561 1685 4 562 1686 1 562 1687 10 562 1688 5 563 1689 4 563 1690 10 563 1691 10 564 1692 11 564 1693 7 564 1694 4 565 1695 2 565 1696 0 565 1697 0 566 1698 9 566 1699 10 566 1700 7 567 1701 11 567 1702 8 567 1703 9 568 1704 8 568 1705 11 568 1706 0 569 1707 2 569 1708 9 569 1709 2 570 1710 3 570 1711 9 570 1712 3 571 1713 6 571 1714 8 571 1715 268 572 1716 267 572 1717 21 572 1718 13 573 1719 12 573 1720 15 573 1721 264 574 1722 13 574 1723 16 574 1724 14 575 1725 264 575 1726 17 575 1727 265 576 1728 14 576 1729 18 576 1730 266 577 1731 265 577 1732 19 577 1733 267 578 1734 266 578 1735 20 578 1736 21 579 1737 20 579 1738 28 579 1739 22 580 1740 21 580 1741 29 580 1742 16 581 1743 15 581 1744 23 581 1745 17 582 1746 16 582 1747 24 582 1748 18 583 1749 17 583 1750 25 583 1751 19 584 1752 18 584 1753 26 584 1754 20 585 1755 19 585 1756 27 585 1757 25 586 1758 24 586 1759 32 586 1760 26 587 1761 25 587 1762 33 587 1763 27 588 1764 26 588 1765 34 588 1766 28 589 1767 27 589 1768 35 589 1769 29 590 1770 28 590 1771 36 590 1772 30 591 1773 29 591 1774 37 591 1775 24 592 1776 23 592 1777 31 592 1778 37 593 1779 36 593 1780 44 593 1781 38 594 1782 37 594 1783 45 594 1784 32 595 1785 31 595 1786 39 595 1787 33 596 1788 32 596 1789 40 596 1790 34 597 1791 33 597 1792 41 597 1793 35 598 1794 34 598 1795 42 598 1796 36 599 1797 35 599 1798 43 599 1799 42 600 1800 41 600 1801 49 600 1802 43 601 1803 42 601 1804 50 601 1805 44 602 1806 43 602 1807 51 602 1808 45 603 1809 44 603 1810 52 603 1811 46 604 1812 45 604 1813 53 604 1814 40 605 1815 39 605 1816 47 605 1817 41 606 1818 40 606 1819 48 606 1820 54 607 1821 53 607 1822 61 607 1823 48 608 1824 47 608 1825 55 608 1826 49 609 1827 48 609 1828 56 609 1829 50 610 1830 49 610 1831 57 610 1832 51 611 1833 50 611 1834 58 611 1835 52 612 1836 51 612 1837 59 612 1838 53 613 1839 52 613 1840 60 613 1841 58 614 1842 57 614 1843 65 614 1844 59 615 1845 58 615 1846 66 615 1847 60 616 1848 59 616 1849 67 616 1850 61 617 1851 60 617 1852 68 617 1853 62 618 1854 61 618 1855 69 618 1856 56 619 1857 55 619 1858 63 619 1859 57 620 1860 56 620 1861 64 620 1862 70 621 1863 69 621 1864 77 621 1865 64 622 1866 63 622 1867 71 622 1868 65 623 1869 64 623 1870 72 623 1871 66 624 1872 65 624 1873 73 624 1874 67 625 1875 66 625 1876 74 625 1877 68 626 1878 67 626 1879 75 626 1880 69 627 1881 68 627 1882 76 627 1883 74 628 1884 82 628 1885 83 628 1886 75 629 1887 83 629 1888 84 629 1889 76 630 1890 84 630 1891 85 630 1892 77 631 1893 85 631 1894 86 631 1895 71 632 1896 79 632 1897 80 632 1898 72 633 1899 80 633 1900 81 633 1901 73 634 1902 81 634 1903 82 634 1904 79 635 1905 87 635 1906 88 635 1907 80 636 1908 88 636 1909 89 636 1910 81 637 1911 89 637 1912 90 637 1913 82 638 1914 90 638 1915 91 638 1916 83 639 1917 91 639 1918 92 639 1919 84 640 1920 92 640 1921 93 640 1922 85 641 1923 93 641 1924 94 641 1925 91 642 1926 99 642 1927 100 642 1928 92 643 1929 100 643 1930 101 643 1931 93 644 1932 101 644 1933 102 644 1934 87 645 1935 95 645 1936 96 645 1937 88 646 1938 96 646 1939 97 646 1940 89 647 1941 97 647 1942 98 647 1943 90 648 1944 98 648 1945 99 648 1946 95 649 1947 103 649 1948 104 649 1949 96 650 1950 104 650 1951 105 650 1952 97 651 1953 105 651 1954 106 651 1955 98 652 1956 106 652 1957 107 652 1958 99 653 1959 107 653 1960 108 653 1961 100 654 1962 108 654 1963 109 654 1964 101 655 1965 109 655 1966 110 655 1967 107 656 1968 115 656 1969 116 656 1970 108 657 1971 116 657 1972 117 657 1973 109 658 1974 117 658 1975 118 658 1976 103 659 1977 111 659 1978 112 659 1979 104 660 1980 112 660 1981 113 660 1982 105 661 1983 113 661 1984 114 661 1985 106 662 1986 114 662 1987 115 662 1988 112 663 1989 120 663 1990 121 663 1991 113 664 1992 121 664 1993 122 664 1994 114 665 1995 122 665 1996 123 665 1997 115 666 1998 123 666 1999 124 666 2000 116 667 2001 124 667 2002 125 667 2003 117 668 2004 125 668 2005 126 668 2006 111 669 2007 119 669 2008 120 669 2009 124 670 2010 132 670 2011 133 670 2012 125 671 2013 133 671 2014 134 671 2015 119 672 2016 127 672 2017 128 672 2018 120 673 2019 128 673 2020 129 673 2021 121 674 2022 129 674 2023 130 674 2024 122 675 2025 130 675 2026 131 675 2027 123 676 2028 131 676 2029 132 676 2030 128 677 2031 136 677 2032 137 677 2033 129 678 2034 137 678 2035 138 678 2036 130 679 2037 138 679 2038 139 679 2039 131 680 2040 139 680 2041 140 680 2042 132 681 2043 140 681 2044 141 681 2045 133 682 2046 141 682 2047 142 682 2048 127 683 2049 135 683 2050 136 683 2051 141 684 2052 140 684 2053 148 684 2054 142 685 2055 141 685 2056 149 685 2057 136 686 2058 135 686 2059 143 686 2060 137 687 2061 136 687 2062 144 687 2063 138 688 2064 137 688 2065 145 688 2066 139 689 2067 138 689 2068 146 689 2069 140 690 2070 139 690 2071 147 690 2072 146 691 2073 145 691 2074 153 691 2075 147 692 2076 146 692 2077 154 692 2078 148 693 2079 147 693 2080 155 693 2081 149 694 2082 148 694 2083 156 694 2084 150 695 2085 149 695 2086 157 695 2087 144 696 2088 143 696 2089 151 696 2090 145 697 2091 144 697 2092 152 697 2093 158 698 2094 157 698 2095 165 698 2096 152 699 2097 151 699 2098 159 699 2099 153 700 2100 152 700 2101 160 700 2102 154 701 2103 153 701 2104 161 701 2105 155 702 2106 154 702 2107 162 702 2108 156 703 2109 155 703 2110 163 703 2111 157 704 2112 156 704 2113 164 704 2114 163 705 2115 162 705 2116 170 705 2117 164 706 2118 163 706 2119 171 706 2120 165 707 2121 164 707 2122 172 707 2123 166 708 2124 165 708 2125 173 708 2126 160 709 2127 159 709 2128 167 709 2129 161 710 2130 160 710 2131 168 710 2132 162 711 2133 161 711 2134 169 711 2135 168 712 2136 167 712 2137 176 712 2138 169 713 2139 168 713 2140 177 713 2141 170 714 2142 169 714 2143 178 714 2144 171 715 2145 170 715 2146 179 715 2147 172 716 2148 171 716 2149 180 716 2150 173 717 2151 172 717 2152 181 717 2153 174 718 2154 173 718 2155 182 718 2156 180 719 2157 179 719 2158 187 719 2159 181 720 2160 180 720 2161 188 720 2162 182 721 2163 181 721 2164 189 721 2165 183 722 2166 182 722 2167 190 722 2168 177 723 2169 176 723 2170 184 723 2171 178 724 2172 177 724 2173 185 724 2174 179 725 2175 178 725 2176 186 725 2177 185 726 2178 184 726 2179 192 726 2180 186 727 2181 185 727 2182 193 727 2183 187 728 2184 186 728 2185 194 728 2186 188 729 2187 187 729 2188 195 729 2189 189 730 2190 188 730 2191 196 730 2192 190 731 2193 189 731 2194 197 731 2195 191 732 2196 190 732 2197 198 732 2198 197 733 2199 196 733 2200 204 733 2201 198 734 2202 197 734 2203 205 734 2204 199 735 2205 198 735 2206 206 735 2207 193 736 2208 192 736 2209 200 736 2210 194 737 2211 193 737 2212 201 737 2213 195 738 2214 194 738 2215 202 738 2216 196 739 2217 195 739 2218 203 739 2219 200 740 2220 208 740 2221 209 740 2222 201 741 2223 209 741 2224 210 741 2225 202 742 2226 210 742 2227 211 742 2228 203 743 2229 211 743 2230 212 743 2231 204 744 2232 212 744 2233 213 744 2234 205 745 2235 213 745 2236 214 745 2237 206 746 2238 214 746 2239 215 746 2240 212 747 2241 220 747 2242 221 747 2243 213 748 2244 221 748 2245 222 748 2246 214 749 2247 222 749 2248 223 749 2249 208 750 2250 216 750 2251 217 750 2252 209 751 2253 217 751 2254 218 751 2255 210 752 2256 218 752 2257 219 752 2258 211 753 2259 219 753 2260 220 753 2261 217 754 2262 225 754 2263 226 754 2264 218 755 2265 226 755 2266 227 755 2267 219 756 2268 227 756 2269 228 756 2270 220 757 2271 228 757 2272 229 757 2273 221 758 2274 229 758 2275 230 758 2276 222 759 2277 230 759 2278 231 759 2279 216 760 2280 224 760 2281 225 760 2282 229 761 2283 237 761 2284 238 761 2285 230 762 2286 238 762 2287 239 762 2288 224 763 2289 232 763 2290 233 763 2291 225 764 2292 233 764 2293 234 764 2294 226 765 2295 234 765 2296 235 765 2297 227 766 2298 235 766 2299 236 766 2300 228 767 2301 236 767 2302 237 767 2303 234 768 2304 242 768 2305 243 768 2306 235 769 2307 243 769 2308 244 769 2309 236 770 2310 244 770 2311 245 770 2312 237 771 2313 245 771 2314 246 771 2315 238 772 2316 246 772 2317 247 772 2318 232 773 2319 240 773 2320 241 773 2321 233 774 2322 241 774 2323 242 774 2324 246 775 2325 254 775 2326 255 775 2327 240 776 2328 248 776 2329 249 776 2330 241 777 2331 249 777 2332 250 777 2333 242 778 2334 250 778 2335 251 778 2336 243 779 2337 251 779 2338 252 779 2339 244 780 2340 252 780 2341 253 780 2342 245 781 2343 253 781 2344 254 781 2345 250 782 2346 258 782 2347 259 782 2348 251 783 2349 259 783 2350 260 783 2351 252 784 2352 260 784 2353 261 784 2354 253 785 2355 261 785 2356 262 785 2357 254 786 2358 262 786 2359 263 786 2360 248 787 2361 256 787 2362 257 787 2363 249 788 2364 257 788 2365 258 788 2366 262 789 2367 267 789 2368 268 789 2369 256 790 2370 12 790 2371 13 790 2372 257 791 2373 13 791 2374 264 791 2375 258 792 2376 264 792 2377 14 792 2378 259 793 2379 14 793 2380 265 793 2381 260 794 2382 265 794 2383 266 794 2384 261 795 2385 266 795 2386 267 795 2387 525 796 2388 524 796 2389 278 796 2390 270 797 2391 269 797 2392 272 797 2393 521 798 2394 270 798 2395 273 798 2396 271 799 2397 521 799 2398 274 799 2399 522 800 2400 271 800 2401 275 800 2402 523 801 2403 522 801 2404 276 801 2405 524 802 2406 523 802 2407 277 802 2408 278 803 2409 277 803 2410 285 803 2411 279 804 2412 278 804 2413 286 804 2414 273 805 2415 272 805 2416 280 805 2417 274 806 2418 273 806 2419 281 806 2420 275 807 2421 274 807 2422 282 807 2423 276 808 2424 275 808 2425 283 808 2426 277 809 2427 276 809 2428 284 809 2429 282 810 2430 281 810 2431 289 810 2432 283 811 2433 282 811 2434 290 811 2435 284 812 2436 283 812 2437 291 812 2438 285 813 2439 284 813 2440 292 813 2441 286 814 2442 285 814 2443 293 814 2444 287 815 2445 286 815 2446 294 815 2447 281 816 2448 280 816 2449 288 816 2450 294 817 2451 293 817 2452 301 817 2453 295 818 2454 294 818 2455 302 818 2456 289 819 2457 288 819 2458 296 819 2459 290 820 2460 289 820 2461 297 820 2462 291 821 2463 290 821 2464 298 821 2465 292 822 2466 291 822 2467 299 822 2468 293 823 2469 292 823 2470 300 823 2471 299 824 2472 298 824 2473 306 824 2474 300 825 2475 299 825 2476 307 825 2477 301 826 2478 300 826 2479 308 826 2480 302 827 2481 301 827 2482 309 827 2483 303 828 2484 302 828 2485 310 828 2486 297 829 2487 296 829 2488 304 829 2489 298 830 2490 297 830 2491 305 830 2492 311 831 2493 310 831 2494 318 831 2495 305 832 2496 304 832 2497 312 832 2498 306 833 2499 305 833 2500 313 833 2501 307 834 2502 306 834 2503 314 834 2504 308 835 2505 307 835 2506 315 835 2507 309 836 2508 308 836 2509 316 836 2510 310 837 2511 309 837 2512 317 837 2513 315 838 2514 314 838 2515 322 838 2516 316 839 2517 315 839 2518 323 839 2519 317 840 2520 316 840 2521 324 840 2522 318 841 2523 317 841 2524 325 841 2525 319 842 2526 318 842 2527 326 842 2528 313 843 2529 312 843 2530 320 843 2531 314 844 2532 313 844 2533 321 844 2534 327 845 2535 326 845 2536 334 845 2537 321 846 2538 320 846 2539 328 846 2540 322 847 2541 321 847 2542 329 847 2543 323 848 2544 322 848 2545 330 848 2546 324 849 2547 323 849 2548 331 849 2549 325 850 2550 324 850 2551 332 850 2552 326 851 2553 325 851 2554 333 851 2555 331 852 2556 339 852 2557 340 852 2558 332 853 2559 340 853 2560 341 853 2561 333 854 2562 341 854 2563 342 854 2564 334 855 2565 342 855 2566 343 855 2567 328 856 2568 336 856 2569 337 856 2570 329 857 2571 337 857 2572 338 857 2573 330 858 2574 338 858 2575 339 858 2576 336 859 2577 344 859 2578 345 859 2579 337 860 2580 345 860 2581 346 860 2582 338 861 2583 346 861 2584 347 861 2585 339 862 2586 347 862 2587 348 862 2588 340 863 2589 348 863 2590 349 863 2591 341 864 2592 349 864 2593 350 864 2594 342 865 2595 350 865 2596 351 865 2597 348 866 2598 356 866 2599 357 866 2600 349 867 2601 357 867 2602 358 867 2603 350 868 2604 358 868 2605 359 868 2606 344 869 2607 352 869 2608 353 869 2609 345 870 2610 353 870 2611 354 870 2612 346 871 2613 354 871 2614 355 871 2615 347 872 2616 355 872 2617 356 872 2618 352 873 2619 360 873 2620 361 873 2621 353 874 2622 361 874 2623 362 874 2624 354 875 2625 362 875 2626 363 875 2627 355 876 2628 363 876 2629 364 876 2630 356 877 2631 364 877 2632 365 877 2633 357 878 2634 365 878 2635 366 878 2636 358 879 2637 366 879 2638 367 879 2639 364 880 2640 372 880 2641 373 880 2642 365 881 2643 373 881 2644 374 881 2645 366 882 2646 374 882 2647 375 882 2648 360 883 2649 368 883 2650 369 883 2651 361 884 2652 369 884 2653 370 884 2654 362 885 2655 370 885 2656 371 885 2657 363 886 2658 371 886 2659 372 886 2660 369 887 2661 377 887 2662 378 887 2663 370 888 2664 378 888 2665 379 888 2666 371 889 2667 379 889 2668 380 889 2669 372 890 2670 380 890 2671 381 890 2672 373 891 2673 381 891 2674 382 891 2675 374 892 2676 382 892 2677 383 892 2678 368 893 2679 376 893 2680 377 893 2681 381 894 2682 389 894 2683 390 894 2684 382 895 2685 390 895 2686 391 895 2687 376 896 2688 384 896 2689 385 896 2690 377 897 2691 385 897 2692 386 897 2693 378 898 2694 386 898 2695 387 898 2696 379 899 2697 387 899 2698 388 899 2699 380 900 2700 388 900 2701 389 900 2702 385 901 2703 393 901 2704 394 901 2705 386 902 2706 394 902 2707 395 902 2708 387 903 2709 395 903 2710 396 903 2711 388 904 2712 396 904 2713 397 904 2714 389 905 2715 397 905 2716 398 905 2717 390 906 2718 398 906 2719 399 906 2720 384 907 2721 392 907 2722 393 907 2723 398 908 2724 397 908 2725 405 908 2726 399 909 2727 398 909 2728 406 909 2729 393 910 2730 392 910 2731 400 910 2732 394 911 2733 393 911 2734 401 911 2735 395 912 2736 394 912 2737 402 912 2738 396 913 2739 395 913 2740 403 913 2741 397 914 2742 396 914 2743 404 914 2744 403 915 2745 402 915 2746 410 915 2747 404 916 2748 403 916 2749 411 916 2750 405 917 2751 404 917 2752 412 917 2753 406 918 2754 405 918 2755 413 918 2756 407 919 2757 406 919 2758 414 919 2759 401 920 2760 400 920 2761 408 920 2762 402 921 2763 401 921 2764 409 921 2765 415 922 2766 414 922 2767 422 922 2768 409 923 2769 408 923 2770 416 923 2771 410 924 2772 409 924 2773 417 924 2774 411 925 2775 410 925 2776 418 925 2777 412 926 2778 411 926 2779 419 926 2780 413 927 2781 412 927 2782 420 927 2783 414 928 2784 413 928 2785 421 928 2786 420 929 2787 419 929 2788 427 929 2789 421 930 2790 420 930 2791 428 930 2792 422 931 2793 421 931 2794 429 931 2795 423 932 2796 422 932 2797 430 932 2798 417 933 2799 416 933 2800 424 933 2801 418 934 2802 417 934 2803 425 934 2804 419 935 2805 418 935 2806 426 935 2807 425 936 2808 424 936 2809 433 936 2810 426 937 2811 425 937 2812 434 937 2813 427 938 2814 426 938 2815 435 938 2816 428 939 2817 427 939 2818 436 939 2819 429 940 2820 428 940 2821 437 940 2822 430 941 2823 429 941 2824 438 941 2825 431 942 2826 430 942 2827 439 942 2828 437 943 2829 436 943 2830 444 943 2831 438 944 2832 437 944 2833 445 944 2834 439 945 2835 438 945 2836 446 945 2837 440 946 2838 439 946 2839 447 946 2840 434 947 2841 433 947 2842 441 947 2843 435 948 2844 434 948 2845 442 948 2846 436 949 2847 435 949 2848 443 949 2849 442 950 2850 441 950 2851 449 950 2852 443 951 2853 442 951 2854 450 951 2855 444 952 2856 443 952 2857 451 952 2858 445 953 2859 444 953 2860 452 953 2861 446 954 2862 445 954 2863 453 954 2864 447 955 2865 446 955 2866 454 955 2867 448 956 2868 447 956 2869 455 956 2870 454 957 2871 453 957 2872 461 957 2873 455 958 2874 454 958 2875 462 958 2876 456 959 2877 455 959 2878 463 959 2879 450 960 2880 449 960 2881 457 960 2882 451 961 2883 450 961 2884 458 961 2885 452 962 2886 451 962 2887 459 962 2888 453 963 2889 452 963 2890 460 963 2891 457 964 2892 465 964 2893 466 964 2894 458 965 2895 466 965 2896 467 965 2897 459 966 2898 467 966 2899 468 966 2900 460 967 2901 468 967 2902 469 967 2903 461 968 2904 469 968 2905 470 968 2906 462 969 2907 470 969 2908 471 969 2909 463 970 2910 471 970 2911 472 970 2912 469 971 2913 477 971 2914 478 971 2915 470 972 2916 478 972 2917 479 972 2918 471 973 2919 479 973 2920 480 973 2921 465 974 2922 473 974 2923 474 974 2924 466 975 2925 474 975 2926 475 975 2927 467 976 2928 475 976 2929 476 976 2930 468 977 2931 476 977 2932 477 977 2933 474 978 2934 482 978 2935 483 978 2936 475 979 2937 483 979 2938 484 979 2939 476 980 2940 484 980 2941 485 980 2942 477 981 2943 485 981 2944 486 981 2945 478 982 2946 486 982 2947 487 982 2948 479 983 2949 487 983 2950 488 983 2951 473 984 2952 481 984 2953 482 984 2954 486 985 2955 494 985 2956 495 985 2957 487 986 2958 495 986 2959 496 986 2960 481 987 2961 489 987 2962 490 987 2963 482 988 2964 490 988 2965 491 988 2966 483 989 2967 491 989 2968 492 989 2969 484 990 2970 492 990 2971 493 990 2972 485 991 2973 493 991 2974 494 991 2975 491 992 2976 499 992 2977 500 992 2978 492 993 2979 500 993 2980 501 993 2981 493 994 2982 501 994 2983 502 994 2984 494 995 2985 502 995 2986 503 995 2987 15 996 2988 272 996 2989 280 996 2990 495 997 2991 503 997 2992 504 997 2993 12 998 2994 269 998 2995 272 998 2996 489 999 2997 497 999 2998 498 999 2999 490 1000 3000 498 1000 3001 499 1000 3002 503 1001 3003 511 1001 3004 512 1001 3005 497 1002 3006 505 1002 3007 506 1002 3008 498 1003 3009 506 1003 3010 507 1003 3011 499 1004 3012 507 1004 3013 508 1004 3014 500 1005 3015 508 1005 3016 509 1005 3017 501 1006 3018 509 1006 3019 510 1006 3020 502 1007 3021 510 1007 3022 511 1007 3023 507 1008 3024 515 1008 3025 516 1008 3026 508 1009 3027 516 1009 3028 517 1009 3029 509 1010 3030 517 1010 3031 518 1010 3032 510 1011 3033 518 1011 3034 519 1011 3035 511 1012 3036 519 1012 3037 520 1012 3038 505 1013 3039 513 1013 3040 514 1013 3041 506 1014 3042 514 1014 3043 515 1014 3044 519 1015 3045 524 1015 3046 525 1015 3047 513 1016 3048 269 1016 3049 270 1016 3050 514 1017 3051 270 1017 3052 521 1017 3053 515 1018 3054 521 1018 3055 271 1018 3056 516 1019 3057 271 1019 3058 522 1019 3059 517 1020 3060 522 1020 3061 523 1020 3062 518 1021 3063 523 1021 3064 524 1021 3065 23 1022 3066 280 1022 3067 288 1022 3068 31 1023 3069 288 1023 3070 296 1023 3071 39 1024 3072 296 1024 3073 304 1024 3074 47 1025 3075 304 1025 3076 312 1025 3077 55 1026 3078 312 1026 3079 320 1026 3080 63 1027 3081 320 1027 3082 328 1027 3083 328 1028 3084 336 1028 3085 79 1028 3086 87 1029 3087 79 1029 3088 336 1029 3089 344 1030 3090 352 1030 3091 95 1030 3092 103 1031 3093 95 1031 3094 352 1031 3095 360 1032 3096 368 1032 3097 111 1032 3098 368 1033 3099 376 1033 3100 119 1033 3101 376 1034 3102 384 1034 3103 127 1034 3104 384 1035 3105 392 1035 3106 135 1035 3107 135 1036 3108 392 1036 3109 400 1036 3110 143 1037 3111 400 1037 3112 408 1037 3113 151 1038 3114 408 1038 3115 416 1038 3116 159 1039 3117 416 1039 3118 424 1039 3119 167 1040 3120 424 1040 3121 433 1040 3122 176 1041 3123 433 1041 3124 441 1041 3125 184 1042 3126 441 1042 3127 449 1042 3128 192 1043 3129 449 1043 3130 457 1043 3131 208 1044 3132 200 1044 3133 457 1044 3134 465 1045 3135 473 1045 3136 216 1045 3137 473 1046 3138 481 1046 3139 224 1046 3140 481 1047 3141 489 1047 3142 232 1047 3143 489 1048 3144 497 1048 3145 240 1048 3146 497 1049 3147 505 1049 3148 248 1049 3149 505 1050 3150 513 1050 3151 256 1050 3152 513 1051 3153 269 1051 3154 12 1051 3155 533 1052 3156 532 1052 3157 529 1052 3158 531 1053 3159 529 1053 3160 528 1053 3161 530 1054 3162 527 1054 3163 533 1054 3164 527 1055 3165 536 1055 3166 533 1055 3167 531 1056 3168 530 1056 3169 533 1056 3170 530 1057 3171 528 1057 3172 526 1057 3173 535 1058 3174 536 1058 3175 527 1058 3176 533 1059 3177 537 1059 3178 534 1059 3179 535 1060 3180 534 1060 3181 537 1060 3182 526 1061 3183 528 1061 3184 534 1061 3185 528 1062 3186 529 1062 3187 534 1062 3188 535 1063 3189 526 1063 3190 534 1063 3191</p>
        </triangles>
      </mesh>
    </geometry>
    <geometry id="Cube_002-mesh" name="Cube.002">
      <mesh>
        <source id="Cube_002-mesh-positions">
          <float_array id="Cube_002-mesh-positions-array" count="36">-1 -1 -1 -1 1 -1 1 -1 -1 1 -1 1 1 1 -1 1 1 1 -0.9634958 -1 1 -0.9634958 1 1 -0.9634958 -1 1 -1 -1 -0.3668113 -1 1 -0.3668115 -0.9634958 1 1</float_array>
          <technique_common>
            <accessor source="#Cube_002-mesh-positions-array" count="12" stride="3">
              <param name="X" type="float"/>
              <param name="Y" type="float"/>
              <param name="Z" type="float"/>
            </accessor>
          </technique_common>
        </source>
        <source id="Cube_002-mesh-normals">
          <float_array id="Cube_002-mesh-normals-array" count="60">0 0 1 1 0 0 0 1 0 0 0 -1 -1 0 0 0 0 1 -0.9996436 0 0.02669805 0 -1 0 0 0 1 1 0 0 0 1 0 0 1 0 0 0 1 0 0 -1 -1 0 0 0 0 1 -0.9996436 0 0.02669805 0 -1 0 0 -1 0 0 0 1</float_array>
          <technique_common>
            <accessor source="#Cube_002-mesh-normals-array" count="20" stride="3">
              <param name="X" type="float"/>
              <param name="Y" type="float"/>
              <param name="Z" type="float"/>
            </accessor>
          </technique_common>
        </source>
        <source id="Cube_002-mesh-map-0">
          <float_array id="Cube_002-mesh-map-0-array" count="120">0.870437 0.5 0.625 0.75 0.625 0.5 0.625 0.5 0.375 0.75 0.375 0.5 0.4541485 0.25 0.625 0.254563 0.625 0.5 0.375 0.5 0.125 0.75 0.125 0.5 0.375 0 0.4541485 0.25 0.375 0.25 0.625 0.25 0.625 0 0.625 0 0.4541485 0 0.625 0.25 0.4541485 0.25 0.625 0.75 0.625 0.995437 0.4541485 1 0.870437 0.5 0.870437 0.75 0.625 0.75 0.625 0.5 0.625 0.75 0.375 0.75 0.375 0.5 0.375 0.25 0.4541485 0.25 0.625 0.5 0.375 0.5 0.4541485 0.25 0.4541485 0.25 0.625 0.254563 0.625 0.254563 0.375 0.5 0.375 0.75 0.125 0.75 0.375 0 0.4541485 0 0.4541485 0.25 0.625 0.25 0.625 0.25 0.625 0 0.4541485 0 0.625 0 0.625 0.25 0.375 1 0.375 0.75 0.4541485 1 0.375 0.75 0.625 0.75 0.4541485 1 0.625 0.75 0.625 0.995437 0.625 0.995437</float_array>
          <technique_common>
            <accessor source="#Cube_002-mesh-map-0-array" count="60" stride="2">
              <param name="S" type="float"/>
              <param name="T" type="float"/>
            </accessor>
          </technique_common>
        </source>
        <vertices id="Cube_002-mesh-vertices">
          <input semantic="POSITION" source="#Cube_002-mesh-positions"/>
        </vertices>
        <triangles count="20">
          <input semantic="VERTEX" source="#Cube_002-mesh-vertices" offset="0"/>
          <input semantic="NORMAL" source="#Cube_002-mesh-normals" offset="1"/>
          <input semantic="TEXCOORD" source="#Cube_002-mesh-map-0" offset="2" set="0"/>
          <p>7 0 0 3 0 1 5 0 2 5 1 3 2 1 4 4 1 5 10 2 6 7 2 7 5 2 8 4 3 9 0 3 10 1 3 11 0 4 12 10 4 13 1 4 14 7 5 15 8 5 16 6 5 17 9 6 18 11 6 19 10 6 20 3 7 21 8 7 22 9 7 23 7 8 24 6 8 25 3 8 26 5 9 27 3 9 28 2 9 29 4 10 30 1 10 31 10 10 32 5 11 33 4 11 34 10 11 35 10 12 36 11 12 37 7 12 38 4 13 39 2 13 40 0 13 41 0 14 42 9 14 43 10 14 44 7 15 45 11 15 46 8 15 47 9 16 48 8 16 49 11 16 50 0 17 51 2 17 52 9 17 53 2 18 54 3 18 55 9 18 56 3 19 57 6 19 58 8 19 59</p>
        </triangles>
      </mesh>
    </geometry>
    <geometry id="Cube_001-mesh" name="Cube.001">
      <mesh>
        <source id="Cube_001-mesh-positions">
          <float_array id="Cube_001-mesh-positions-array" count="36">-1 -1 -1 -1 1 -1 1 -1 -1 1 -1 1 1 1 -1 1 1 1 -0.9634958 -1 1 -0.9634958 1 1 -0.9634958 -1 1 -1 -1 -0.3668113 -1 1 -0.3668115 -0.9634958 1 1</float_array>
          <technique_common>
            <accessor source="#Cube_001-mesh-positions-array" count="12" stride="3">
              <param name="X" type="float"/>
              <param name="Y" type="float"/>
              <param name="Z" type="float"/>
            </accessor>
          </technique_common>
        </source>
        <source id="Cube_001-mesh-normals">
          <float_array id="Cube_001-mesh-normals-array" count="60">0 0 1 1 0 0 0 1 0 0 0 -1 -1 0 0 0 0 1 -0.9996436 0 0.02669805 0 -1 0 0 0 1 1 0 0 0 1 0 0 1 0 0 0 1 0 0 -1 -1 0 0 0 0 1 -0.9996436 0 0.02669805 0 -1 0 0 -1 0 0 0 1</float_array>
          <technique_common>
            <accessor source="#Cube_001-mesh-normals-array" count="20" stride="3">
              <param name="X" type="float"/>
              <param name="Y" type="float"/>
              <param name="Z" type="float"/>
            </accessor>
          </technique_common>
        </source>
        <source id="Cube_001-mesh-map-0">
          <float_array id="Cube_001-mesh-map-0-array" count="120">0.870437 0.5 0.625 0.75 0.625 0.5 0.625 0.5 0.375 0.75 0.375 0.5 0.4541485 0.25 0.625 0.254563 0.625 0.5 0.375 0.5 0.125 0.75 0.125 0.5 0.375 0 0.4541485 0.25 0.375 0.25 0.625 0.25 0.625 0 0.625 0 0.4541485 0 0.625 0.25 0.4541485 0.25 0.625 0.75 0.625 0.995437 0.4541485 1 0.870437 0.5 0.870437 0.75 0.625 0.75 0.625 0.5 0.625 0.75 0.375 0.75 0.375 0.5 0.375 0.25 0.4541485 0.25 0.625 0.5 0.375 0.5 0.4541485 0.25 0.4541485 0.25 0.625 0.254563 0.625 0.254563 0.375 0.5 0.375 0.75 0.125 0.75 0.375 0 0.4541485 0 0.4541485 0.25 0.625 0.25 0.625 0.25 0.625 0 0.4541485 0 0.625 0 0.625 0.25 0.375 1 0.375 0.75 0.4541485 1 0.375 0.75 0.625 0.75 0.4541485 1 0.625 0.75 0.625 0.995437 0.625 0.995437</float_array>
          <technique_common>
            <accessor source="#Cube_001-mesh-map-0-array" count="60" stride="2">
              <param name="S" type="float"/>
              <param name="T" type="float"/>
            </accessor>
          </technique_common>
        </source>
        <vertices id="Cube_001-mesh-vertices">
          <input semantic="POSITION" source="#Cube_001-mesh-positions"/>
        </vertices>
        <triangles count="20">
          <input semantic="VERTEX" source="#Cube_001-mesh-vertices" offset="0"/>
          <input semantic="NORMAL" source="#Cube_001-mesh-normals" offset="1"/>
          <input semantic="TEXCOORD" source="#Cube_001-mesh-map-0" offset="2" set="0"/>
          <p>7 0 0 3 0 1 5 0 2 5 1 3 2 1 4 4 1 5 10 2 6 7 2 7 5 2 8 4 3 9 0 3 10 1 3 11 0 4 12 10 4 13 1 4 14 7 5 15 8 5 16 6 5 17 9 6 18 11 6 19 10 6 20 3 7 21 8 7 22 9 7 23 7 8 24 6 8 25 3 8 26 5 9 27 3 9 28 2 9 29 4 10 30 1 10 31 10 10 32 5 11 33 4 11 34 10 11 35 10 12 36 11 12 37 7 12 38 4 13 39 2 13 40 0 13 41 0 14 42 9 14 43 10 14 44 7 15 45 11 15 46 8 15 47 9 16 48 8 16 49 11 16 50 0 17 51 2 17 52 9 17 53 2 18 54 3 18 55 9 18 56 3 19 57 6 19 58 8 19 59</p>
        </triangles>
      </mesh>
    </geometry>
    <geometry id="Sphere_001-mesh" name="Sphere.001">
      <mesh>
        <source id="Sphere_001-mesh-positions">
          <float_array id="Sphere_001-mesh-positions-array" count="1542">0 1 0 0 0.9807853 -0.1950903 0 0.8314696 -0.5555703 0.1950903 0.9807853 0 0.1913417 0.9619397 -0.1950903 0.1802399 0.9061274 -0.3826835 0.1622117 0.8154931 -0.5555703 0.1379497 0.6935199 -0.7071068 0.1083863 0.5448951 -0.8314696 0.07465779 0.3753303 -0.9238795 0.03806018 0.1913417 -0.9807853 0.3826834 0.9238795 0 0.3753303 0.9061274 -0.1950903 0.3535534 0.8535534 -0.3826835 0.3181896 0.7681776 -0.5555703 0.2705981 0.6532815 -0.7071068 0.2126075 0.5132799 -0.8314696 0.1464466 0.3535534 -0.9238795 0.07465779 0.1802399 -0.9807853 0.5555703 0.8314695 0 0.5448951 0.8154931 -0.1950903 0.5132799 0.7681777 -0.3826835 0.4619397 0.6913416 -0.5555703 0.3928475 0.5879378 -0.7071068 0.3086583 0.4619397 -0.8314696 0.2126075 0.3181896 -0.9238795 0.1083863 0.1622116 -0.9807853 0.7071068 0.7071066 0 0.6935199 0.6935198 -0.1950903 0.6532814 0.6532815 -0.3826835 0.5879377 0.5879377 -0.5555703 0.5 0.5 -0.7071068 0.3928474 0.3928474 -0.8314696 0.2705981 0.270598 -0.9238795 0.1379497 0.1379497 -0.9807853 0.8314695 0.55557 0 0.8154931 0.544895 -0.1950903 0.7681776 0.51328 -0.3826835 0.6913416 0.4619396 -0.5555703 0.5879378 0.3928475 -0.7071068 0.4619397 0.3086582 -0.8314696 0.3181896 0.2126075 -0.9238795 0.1622116 0.1083863 -0.9807853 0.9238794 0.3826832 0 0.9061273 0.3753302 -0.1950903 0.8535533 0.3535534 -0.3826835 0.7681776 0.3181895 -0.5555703 0.6532815 0.2705981 -0.7071068 0.5132799 0.2126075 -0.8314696 0.3535534 0.1464465 -0.9238795 0.1802399 0.07465779 -0.9807853 0.9807851 0.1950901 0 0.9619396 0.1913416 -0.1950903 0.9061273 0.18024 -0.3826835 0.815493 0.1622115 -0.5555703 0.6935199 0.1379497 -0.7071068 0.5448951 0.1083863 -0.8314696 0.3753302 0.07465779 -0.9238795 0.1913416 0.03806018 -0.9807853 0.9999997 -1.63913e-7 0 0.9807851 0 -0.1950903 0.9238795 0 -0.3826835 0.8314694 0 -0.5555703 0.7071067 0 -0.7071068 0.5555701 0 -0.8314696 0.3826834 0 -0.9238795 0.1950902 0 -0.9807853 0.9807849 -0.1950904 0 0.9619396 -0.1913418 -0.1950903 0.9061273 -0.1802399 -0.3826835 0.8154929 -0.1622117 -0.5555703 0.6935198 -0.1379497 -0.7071068 0.544895 -0.1083864 -0.8314696 0.3753302 -0.07465785 -0.9238795 0.1913416 -0.03806018 -0.9807853 0.9238791 -0.3826835 0 0.9061272 -0.3753303 -0.1950903 0.8535533 -0.3535533 -0.3826835 0.7681775 -0.3181896 -0.5555703 0.6532814 -0.270598 -0.7071068 0.5132798 -0.2126075 -0.8314696 0.3535534 -0.1464466 -0.9238795 0.1802399 -0.07465779 -0.9807853 0.8314691 -0.5555702 0 0.8154929 -0.5448951 -0.1950903 0.7681776 -0.5132799 -0.3826835 0.6913415 -0.4619397 -0.5555703 0.5879377 -0.3928474 -0.7071068 0.4619396 -0.3086583 -0.8314696 0.3181896 -0.2126075 -0.9238795 0.1622115 -0.1083863 -0.9807853 0.7071062 -0.7071067 0 0.6935197 -0.6935198 -0.1950903 0.6532814 -0.6532813 -0.3826835 0.5879375 -0.5879377 -0.5555703 0.5 -0.5 -0.7071068 0.3928472 -0.3928474 -0.8314696 0.2705979 -0.270598 -0.9238795 0.1379496 -0.1379496 -0.9807853 0.5555697 -0.8314694 0 0.5448949 -0.815493 -0.1950903 0.5132799 -0.7681776 -0.3826835 0.4619395 -0.6913415 -0.5555703 0.3928474 -0.5879377 -0.7071068 0.3086581 -0.4619396 -0.8314696 0.2126074 -0.3181896 -0.9238795 0.1083863 -0.1622115 -0.9807853 0.3826829 -0.9238792 0 0.37533 -0.9061272 -0.1950903 0.3535534 -0.8535532 -0.3826835 0.3181895 -0.7681775 -0.5555703 0.270598 -0.6532814 -0.7071068 0.2126073 -0.5132798 -0.8314696 0.1464465 -0.3535533 -0.9238795 0.07465773 -0.1802398 -0.9807853 0.1950899 -0.9807848 0 0.1913415 -0.9619395 -0.1950903 0.1802399 -0.9061272 -0.3826835 0.1622115 -0.8154929 -0.5555703 0.1379497 -0.6935198 -0.7071068 0.1083862 -0.5448949 -0.8314696 0.07465773 -0.3753302 -0.9238795 0.03806018 -0.1913416 -0.9807853 -3.27826e-7 -0.9999994 0 -1.3411e-7 -0.980785 -0.1950903 0 -0.9238793 -0.3826835 0 -0.8314693 -0.5555703 0 -0.7071067 -0.7071068 0 -0.55557 -0.8314696 0 -0.3826833 -0.9238795 0 -0.1950902 -0.9807853 -0.1950905 -0.9807845 0 -0.1913418 -0.9619394 -0.1950903 -0.1802399 -0.9061272 -0.3826835 -0.1622117 -0.8154928 -0.5555703 -0.1379497 -0.6935198 -0.7071068 -0.1083864 -0.5448948 -0.8314696 -0.07465785 -0.3753302 -0.9238795 -0.03806018 -0.1913415 -0.9807853 -0.3826835 -0.9238787 0 -0.3753303 -0.906127 -0.1950903 -0.3535532 -0.8535531 -0.3826835 -0.3181896 -0.7681774 -0.5555703 -0.270598 -0.6532813 -0.7071068 -0.2126075 -0.5132796 -0.8314696 -0.1464466 -0.3535533 -0.9238795 -0.07465773 -0.1802398 -0.9807853 -0.5555701 -0.8314688 0 -0.5448951 -0.8154928 -0.1950903 -0.5132797 -0.7681775 -0.3826835 -0.4619396 -0.6913414 -0.5555703 -0.3928474 -0.5879377 -0.7071068 -0.3086582 -0.4619394 -0.8314696 -0.2126075 -0.3181895 -0.9238795 -0.1083863 -0.1622115 -0.9807853 -0.7071065 -0.7071059 0 -0.6935198 -0.6935195 -0.1950903 -0.6532812 -0.6532813 -0.3826835 -0.5879376 -0.5879374 -0.5555703 -0.4999999 -0.4999999 -0.7071068 -0.3928473 -0.3928471 -0.8314696 -0.270598 -0.2705979 -0.9238795 -0.1379495 -0.1379495 -0.9807853 0 0 -1 -0.8314691 -0.5555694 0 -0.8154929 -0.5448947 -0.1950903 -0.7681775 -0.5132798 -0.3826835 -0.6913415 -0.4619394 -0.5555703 -0.5879377 -0.3928474 -0.7071068 -0.4619395 -0.308658 -0.8314696 -0.3181896 -0.2126074 -0.9238795 -0.1622115 -0.1083862 -0.9807853 -0.9238789 -0.3826827 0 -0.9061272 -0.3753299 -0.1950903 -0.8535531 -0.3535532 -0.3826835 -0.7681774 -0.3181893 -0.5555703 -0.6532813 -0.2705979 -0.7071068 -0.5132796 -0.2126072 -0.8314696 -0.3535532 -0.1464465 -0.9238795 -0.1802398 -0.07465773 -0.9807853 -0.9807844 -0.1950896 0 -0.9619394 -0.1913414 -0.1950903 -0.9061271 -0.1802399 -0.3826835 -0.8154928 -0.1622114 -0.5555703 -0.6935198 -0.1379496 -0.7071068 -0.5448947 -0.1083861 -0.8314696 -0.3753301 -0.07465773 -0.9238795 -0.1913415 -0.03806012 -0.9807853 -0.9999991 4.47035e-7 0 -0.9807848 2.68221e-7 -0.1950903 -0.9238792 0 -0.3826835 -0.8314692 1.63913e-7 -0.5555703 -0.7071066 0 -0.7071068 -0.5555698 1.49012e-7 -0.8314696 -0.3826832 0 -0.9238795 -0.1950901 0 -0.9807853 -0.9807842 0.1950905 0 -0.9619392 0.1913419 -0.1950903 -0.906127 0.1802399 -0.3826835 -0.8154926 0.1622117 -0.5555703 -0.6935197 0.1379497 -0.7071068 -0.5448946 0.1083864 -0.8314696 -0.3753301 0.07465785 -0.9238795 -0.1913415 0.03806018 -0.9807853 -0.9238784 0.3826835 0 -0.9061269 0.3753303 -0.1950903 -0.853553 0.3535532 -0.3826835 -0.7681772 0.3181896 -0.5555703 -0.6532813 0.270598 -0.7071068 -0.5132794 0.2126075 -0.8314696 -0.3535532 0.1464465 -0.9238795 -0.1802397 0.07465773 -0.9807853 -0.8314685 0.5555701 0 -0.8154926 0.5448951 -0.1950903 -0.7681774 0.5132797 -0.3826835 -0.6913412 0.4619396 -0.5555703 -0.5879376 0.3928474 -0.7071068 -0.4619392 0.3086581 -0.8314696 -0.3181895 0.2126075 -0.9238795 -0.1622115 0.1083863 -0.9807853 -0.7071057 0.7071064 0 -0.6935194 0.6935197 -0.1950903 -0.6532812 0.6532812 -0.3826835 -0.5879372 0.5879375 -0.5555703 -0.4999998 0.4999999 -0.7071068 -0.392847 0.3928472 -0.8314696 -0.2705979 0.2705979 -0.9238795 -0.1379495 0.1379495 -0.9807853 -0.5555692 0.8314689 0 -0.5448946 0.8154928 -0.1950903 -0.5132797 0.7681774 -0.3826835 -0.4619393 0.6913414 -0.5555703 -0.3928473 0.5879377 -0.7071068 -0.3086578 0.4619394 -0.8314696 -0.2126073 0.3181895 -0.9238795 -0.1083862 0.1622115 -0.9807853 -0.3826826 0.9238786 0 -0.3753298 0.906127 -0.1950903 -0.3535532 0.853553 -0.3826835 -0.3181892 0.7681773 -0.5555703 -0.2705979 0.6532813 -0.7071068 -0.2126071 0.5132795 -0.8314696 -0.1464465 0.3535532 -0.9238795 -0.07465773 0.1802397 -0.9807853 -0.1950896 0.9807842 0 -0.1913413 0.9619392 -0.1950903 -0.1802398 0.906127 -0.3826835 -0.1622113 0.8154926 -0.5555703 -0.1379495 0.6935198 -0.7071068 -0.108386 0.5448945 -0.8314696 -0.07465773 0.3753301 -0.9238795 -0.03806012 0.1913415 -0.9807853 0 0.923879 -0.3826835 0 0.7071066 -0.7071068 2.16067e-7 0.5555695 -0.8314696 0 0.3826832 -0.9238795 0 0.1950901 -0.9807853 0 1.111343 0 0 1.089989 -0.2168122 0 0.9240478 -0.6174291 0.2168122 1.089989 0 0.2126463 1.069045 -0.2168122 0.2003083 1.007018 -0.4252926 0.1802728 0.9062925 -0.6174291 0.1533094 0.7707384 -0.7858381 0.1204544 0.6055653 -0.9240478 0.08297044 0.4171206 -1.026747 0.04229795 0.2126463 -1.089989 0.4252925 1.026747 0 0.4171206 1.007018 -0.2168122 0.392919 0.9485905 -0.4252926 0.3536178 0.8537088 -0.6174291 0.3007272 0.7260197 -0.7858381 0.2362799 0.57043 -0.9240478 0.1627524 0.3929191 -1.026747 0.08297044 0.2003083 -1.089989 0.6174291 0.9240477 0 0.6055653 0.9062925 -0.2168122 0.57043 0.8537088 -0.4252926 0.5133734 0.7683176 -0.6174291 0.4365882 0.6534005 -0.7858381 0.3430252 0.5133734 -0.9240478 0.2362799 0.3536178 -1.026747 0.1204544 0.1802728 -1.089989 0.7858381 0.7858379 0 0.7707384 0.7707384 -0.2168122 0.7260196 0.7260197 -0.4252926 0.6534004 0.6534004 -0.6174291 0.5556715 0.5556715 -0.7858381 0.4365882 0.4365882 -0.9240478 0.3007272 0.3007272 -1.026747 0.1533094 0.1533094 -1.089989 0.9240478 0.6174288 0 0.9062925 0.6055652 -0.2168122 0.8537088 0.57043 -0.4252926 0.7683176 0.5133733 -0.6174291 0.6534005 0.4365882 -0.7858381 0.5133734 0.3430251 -0.9240478 0.3536178 0.2362798 -1.026747 0.1802728 0.1204544 -1.089989 1.026747 0.4252923 0 1.007018 0.4171205 -0.2168122 0.9485904 0.3929191 -0.4252926 0.8537088 0.3536176 -0.6174291 0.7260197 0.3007272 -0.7858381 0.57043 0.2362797 -0.9240478 0.392919 0.1627523 -1.026747 0.2003083 0.08297044 -1.089989 1.089989 0.216812 0 1.069045 0.2126461 -0.2168122 1.007018 0.2003084 -0.4252926 0.9062923 0.1802726 -0.6174291 0.7707384 0.1533094 -0.7858381 0.6055653 0.1204543 -0.9240478 0.4171206 0.08297044 -1.026747 0.2126462 0.04229789 -1.089989 1.111343 -1.82163e-7 0 1.089989 0 -0.2168122 1.026747 0 -0.4252926 0.9240477 0 -0.6174291 0.785838 0 -0.7858381 0.6174289 0 -0.9240478 0.4252925 0 -1.026747 0.2168121 0 -1.089989 1.089988 -0.2168123 0 1.069045 -0.2126463 -0.2168122 1.007018 -0.2003083 -0.4252926 0.9062923 -0.1802728 -0.6174291 0.7707384 -0.1533094 -0.7858381 0.6055652 -0.1204544 -0.9240478 0.4171206 -0.08297044 -1.026747 0.2126461 -0.04229795 -1.089989 1.026746 -0.4252926 0 1.007018 -0.4171206 -0.2168122 0.9485904 -0.392919 -0.4252926 0.8537086 -0.3536178 -0.6174291 0.7260196 -0.3007271 -0.7858381 0.5704299 -0.2362799 -0.9240478 0.392919 -0.1627524 -1.026747 0.2003083 -0.08297044 -1.089989 0.9240473 -0.617429 0 0.9062923 -0.6055653 -0.2168122 0.8537088 -0.5704299 -0.4252926 0.7683174 -0.5133734 -0.6174291 0.6534004 -0.4365882 -0.7858381 0.5133733 -0.3430252 -0.9240478 0.3536177 -0.2362799 -1.026747 0.1802727 -0.1204544 -1.089989 0.7858375 -0.785838 0 0.7707382 -0.7707384 -0.2168122 0.7260196 -0.7260196 -0.4252926 0.6534002 -0.6534004 -0.6174291 0.5556714 -0.5556714 -0.7858381 0.436588 -0.4365882 -0.9240478 0.3007271 -0.3007272 -1.026747 0.1533093 -0.1533093 -1.089989 0.6174285 -0.9240476 0 0.6055651 -0.9062923 -0.2168122 0.57043 -0.8537087 -0.4252926 0.5133733 -0.7683175 -0.6174291 0.4365882 -0.6534004 -0.7858381 0.343025 -0.5133734 -0.9240478 0.2362797 -0.3536178 -1.026747 0.1204543 -0.1802727 -1.089989 0.425292 -1.026746 0 0.4171203 -1.007018 -0.2168122 0.392919 -0.9485903 -0.4252926 0.3536176 -0.8537086 -0.6174291 0.3007271 -0.7260196 -0.7858381 0.2362797 -0.5704299 -0.9240478 0.1627523 -0.392919 -1.026747 0.08297038 -0.2003083 -1.089989 0.2168118 -1.089988 0 0.212646 -1.069045 -0.2168122 0.2003083 -1.007018 -0.4252926 0.1802726 -0.9062922 -0.6174291 0.1533094 -0.7707384 -0.7858381 0.1204543 -0.6055651 -0.9240478 0.08297038 -0.4171205 -1.026747 0.04229789 -0.2126461 -1.089989 -3.64327e-7 -1.111342 0 -1.49043e-7 -1.089988 -0.2168122 0 -1.026747 -0.4252926 0 -0.9240475 -0.6174291 0 -0.785838 -0.7858381 0 -0.6174287 -0.9240478 0 -0.4252924 -1.026747 0 -0.2168121 -1.089989 -0.2168124 -1.089988 0 -0.2126463 -1.069044 -0.2168122 -0.2003083 -1.007018 -0.4252926 -0.1802728 -0.9062922 -0.6174291 -0.1533094 -0.7707383 -0.7858381 -0.1204544 -0.605565 -0.9240478 -0.08297044 -0.4171205 -1.026747 -0.04229789 -0.2126461 -1.089989 -0.4252926 -1.026746 0 -0.4171206 -1.007018 -0.2168122 -0.3929189 -0.9485902 -0.4252926 -0.3536178 -0.8537085 -0.6174291 -0.3007271 -0.7260196 -0.7858381 -0.2362798 -0.5704297 -0.9240478 -0.1627524 -0.392919 -1.026747 -0.08297038 -0.2003082 -1.089989 -0.6174289 -0.9240469 0 -0.6055653 -0.9062921 -0.2168122 -0.5704298 -0.8537086 -0.4252926 -0.5133733 -0.7683173 -0.6174291 -0.4365882 -0.6534004 -0.7858381 -0.3430251 -0.5133731 -0.9240478 -0.2362798 -0.3536177 -1.026747 -0.1204543 -0.1802726 -1.089989 -0.7858378 -0.7858372 0 -0.7707383 -0.770738 -0.2168122 -0.7260195 -0.7260195 -0.4252926 -0.6534003 -0.6534001 -0.6174291 -0.5556713 -0.5556713 -0.7858381 -0.4365881 -0.4365879 -0.9240478 -0.3007271 -0.3007271 -1.026747 -0.1533093 -0.1533092 -1.089989 0 0 -1.111343 -0.9240473 -0.6174281 0 -0.9062923 -0.6055648 -0.2168122 -0.8537086 -0.5704299 -0.4252926 -0.7683174 -0.5133731 -0.6174291 -0.6534004 -0.4365881 -0.7858381 -0.5133732 -0.3430248 -0.9240478 -0.3536177 -0.2362797 -1.026747 -0.1802726 -0.1204543 -1.089989 -1.026746 -0.4252917 0 -1.007018 -0.4171202 -0.2168122 -0.9485902 -0.3929189 -0.4252926 -0.8537085 -0.3536174 -0.6174291 -0.7260196 -0.3007271 -0.7858381 -0.5704297 -0.2362795 -0.9240478 -0.3929189 -0.1627523 -1.026747 -0.2003082 -0.08297032 -1.089989 -1.089988 -0.2168115 0 -1.069044 -0.2126458 -0.2168122 -1.007018 -0.2003083 -0.4252926 -0.9062921 -0.1802725 -0.6174291 -0.7707383 -0.1533093 -0.7858381 -0.6055648 -0.1204541 -0.9240478 -0.4171205 -0.08297032 -1.026747 -0.212646 -0.04229789 -1.089989 -1.111342 4.96809e-7 0 -1.089988 2.98085e-7 -0.2168122 -1.026746 0 -0.4252926 -0.9240474 1.82163e-7 -0.6174291 -0.7858379 0 -0.7858381 -0.6174286 1.65603e-7 -0.9240478 -0.4252923 0 -1.026747 -0.216812 0 -1.089989 -1.089988 0.2168125 0 -1.069044 0.2126464 -0.2168122 -1.007018 0.2003083 -0.4252926 -0.906292 0.1802729 -0.6174291 -0.7707382 0.1533094 -0.7858381 -0.6055648 0.1204545 -0.9240478 -0.4171204 0.08297044 -1.026747 -0.212646 0.04229789 -1.089989 -1.026746 0.4252926 0 -1.007018 0.4171207 -0.2168122 -0.94859 0.3929189 -0.4252926 -0.8537083 0.3536178 -0.6174291 -0.7260195 0.3007271 -0.7858381 -0.5704295 0.2362798 -0.9240478 -0.3929188 0.1627523 -1.026747 -0.2003082 0.08297038 -1.089989 -0.9240466 0.6174288 0 -0.9062919 0.6055653 -0.2168122 -0.8537085 0.5704298 -0.4252926 -0.7683171 0.5133733 -0.6174291 -0.6534003 0.4365882 -0.7858381 -0.5133729 0.343025 -0.9240478 -0.3536176 0.2362797 -1.026747 -0.1802726 0.1204543 -1.089989 -0.7858369 0.7858377 0 -0.7707378 0.7707382 -0.2168122 -0.7260194 0.7260194 -0.4252926 -0.6533999 0.6534002 -0.6174291 -0.5556713 0.5556713 -0.7858381 -0.4365876 0.436588 -0.9240478 -0.300727 0.3007271 -1.026747 -0.1533092 0.1533092 -1.089989 -0.617428 0.9240471 0 -0.6055647 0.9062922 -0.2168122 -0.5704298 0.8537085 -0.4252926 -0.513373 0.7683173 -0.6174291 -0.4365881 0.6534004 -0.7858381 -0.3430246 0.5133731 -0.9240478 -0.2362797 0.3536176 -1.026747 -0.1204543 0.1802726 -1.089989 -0.4252915 1.026746 0 -0.4171201 1.007018 -0.2168122 -0.3929188 0.94859 -0.4252926 -0.3536173 0.8537084 -0.6174291 -0.3007271 0.7260196 -0.7858381 -0.2362794 0.5704295 -0.9240478 -0.1627522 0.3929189 -1.026747 -0.08297032 0.2003082 -1.089989 -0.2168114 1.089987 0 -0.2126458 1.069044 -0.2168122 -0.2003082 1.007018 -0.4252926 -0.1802724 0.9062919 -0.6174291 -0.1533092 0.7707383 -0.7858381 -0.120454 0.6055647 -0.9240478 -0.08297032 0.4171204 -1.026747 -0.04229789 0.212646 -1.089989 0 1.026746 -0.4252926 0 0.7858379 -0.7858381 2.40124e-7 0.6174283 -0.9240478 0 0.4252923 -1.026747 0 0.216812 -1.089989</float_array>
          <technique_common>
            <accessor source="#Sphere_001-mesh-positions-array" count="514" stride="3">
              <param name="X" type="float"/>
              <param name="Y" type="float"/>
              <param name="Z" type="float"/>
            </accessor>
          </technique_common>
        </source>
        <source id="Sphere_001-mesh-normals">
          <float_array id="Sphere_001-mesh-normals-array" count="3072">0.0285772 0.2901661 -0.9565495 0.009652853 0.0980128 -0.9951384 0.09754985 0.9904383 -0.09754979 0.09383213 0.9527176 -0.2890061 0.0865361 0.878614 -0.4696265 0.07591432 0.7707799 -0.6325626 0.06235653 0.6331575 -0.7715072 0.04637718 0.4708905 -0.8809718 0.1373534 0.4527935 -0.8809722 0.08463835 0.2790151 -0.9565495 0.02858924 0.09424614 -0.9951384 0.2889001 0.9523764 -0.09754985 0.2778976 0.9161058 -0.2890038 0.2562823 0.8448481 -0.4696288 0.2248282 0.7411593 -0.6325623 0.1846858 0.6088265 -0.771506 0.4512814 0.8442878 -0.2890039 0.4161794 0.7786165 -0.4696287 0.3651012 0.6830564 -0.6325623 0.2999132 0.5610977 -0.771506 0.2230499 0.4172969 -0.8809722 0.1374452 0.2571418 -0.9565495 0.04642641 0.08685773 -0.9951384 0.4691485 0.8777151 -0.09754949 0.3001748 0.3657637 -0.8809722 0.1849702 0.2253865 -0.9565495 0.06247949 0.0761314 -0.9951384 0.6313679 0.7693236 -0.09754931 0.6073223 0.7400245 -0.2890041 0.560083 0.682463 -0.4696288 0.4913435 0.598704 -0.6325623 0.403615 0.4918061 -0.7715061 0.6824631 0.5600831 -0.4696286 0.5987041 0.4913436 -0.6325622 0.4918062 0.4036149 -0.7715061 0.3657638 0.3001746 -0.8809722 0.2253867 0.1849701 -0.9565495 0.07613146 0.06247943 -0.9951384 0.7693239 0.6313676 -0.09754937 0.7400245 0.6073225 -0.2890039 0.2571419 0.137445 -0.9565495 0.08685779 0.04642635 -0.9951384 0.8777152 0.4691482 -0.09754925 0.8442878 0.4512814 -0.2890039 0.7786167 0.416179 -0.4696289 0.6830564 0.3651012 -0.6325623 0.5610977 0.299913 -0.771506 0.417297 0.2230496 -0.8809723 0.8448482 0.2562817 -0.4696288 0.7411594 0.2248282 -0.6325622 0.6088265 0.1846855 -0.771506 0.4527935 0.1373534 -0.8809722 0.2790152 0.08463823 -0.9565495 0.09424614 0.02858924 -0.9951384 0.9523765 0.2889001 -0.09754937 0.9161059 0.2778976 -0.2890036 0.2901661 0.02857875 -0.9565495 0.09801274 0.009653389 -0.9951384 0.9904384 0.09754955 -0.0975492 0.9527181 0.09383469 -0.2890037 0.8786127 0.08653563 -0.4696289 0.7707801 0.07591497 -0.6325622 0.6331585 0.0623604 -0.7715061 0.4708896 0.04637855 -0.8809722 0.77078 -0.07591527 -0.6325623 0.6331585 -0.06236064 -0.771506 0.4708896 -0.04637855 -0.8809722 0.2901661 -0.02857887 -0.9565495 0.09801274 -0.009653389 -0.9951384 0.9904384 -0.09754991 -0.0975489 0.9527181 -0.09383469 -0.2890036 0.8786126 -0.08653599 -0.4696289 0.09424614 -0.02858924 -0.9951384 0.9523764 -0.2889004 -0.09754872 0.9161059 -0.2778976 -0.2890036 0.844848 -0.256282 -0.4696289 0.7411593 -0.2248283 -0.6325624 0.6088264 -0.1846858 -0.7715061 0.4527937 -0.1373534 -0.8809722 0.2790151 -0.08463835 -0.9565495 0.5610975 -0.2999132 -0.7715061 0.417297 -0.2230499 -0.8809721 0.2571417 -0.1374452 -0.9565495 0.08685773 -0.04642647 -0.9951384 0.8777151 -0.4691487 -0.09754866 0.8442879 -0.4512815 -0.2890036 0.7786164 -0.4161794 -0.4696288 0.6830564 -0.3651012 -0.6325623 0.7693237 -0.6313678 -0.0975486 0.7400245 -0.6073225 -0.2890036 0.6824628 -0.5600832 -0.469629 0.5987041 -0.4913436 -0.6325622 0.491806 -0.4036149 -0.7715062 0.3657638 -0.3001748 -0.8809721 0.2253865 -0.1849701 -0.9565495 0.07613146 -0.06247949 -0.9951384 0.4036148 -0.4918062 -0.7715061 0.3001747 -0.3657639 -0.8809722 0.18497 -0.2253867 -0.9565495 0.06247949 -0.07613146 -0.9951384 0.6313675 -0.769324 -0.09754842 0.6073225 -0.7400245 -0.2890037 0.5600829 -0.6824631 -0.4696289 0.4913436 -0.5987042 -0.6325621 0.4512813 -0.8442881 -0.2890036 0.416179 -0.7786166 -0.4696289 0.3651013 -0.6830565 -0.6325622 0.2999126 -0.5610977 -0.7715062 0.2230497 -0.4172972 -0.8809722 0.1374452 -0.2571419 -0.9565495 0.04642641 -0.08685779 -0.9951384 0.4691483 -0.8777154 -0.0975486 0.1373533 -0.4527937 -0.8809721 0.08463829 -0.2790152 -0.9565495 0.02858918 -0.0942462 -0.9951384 0.2888999 -0.9523766 -0.09754854 0.2778976 -0.9161059 -0.2890035 0.2562817 -0.8448482 -0.4696288 0.2248283 -0.7411595 -0.6325621 0.1846851 -0.6088263 -0.7715063 0.0938344 -0.9527183 -0.2890034 0.08653563 -0.8786128 -0.4696287 0.07591497 -0.7707803 -0.6325621 0.0623604 -0.6331582 -0.7715063 0.04637855 -0.4708899 -0.8809721 0.02857875 -0.2901661 -0.9565495 0.009653389 -0.09801274 -0.9951384 0.09754961 -0.9904385 -0.09754854 -0.04637861 -0.4708898 -0.8809721 -0.02857887 -0.290166 -0.9565495 -0.009653389 -0.09801274 -0.9951384 -0.09754991 -0.9904385 -0.09754806 -0.09383469 -0.9527181 -0.2890036 -0.08653604 -0.8786128 -0.4696286 -0.07591533 -0.7707802 -0.6325621 -0.06236064 -0.6331582 -0.7715063 -0.2562821 -0.8448482 -0.4696286 -0.2248283 -0.7411595 -0.6325622 -0.1846858 -0.6088261 -0.7715063 -0.1373535 -0.452794 -0.880972 -0.08463829 -0.2790151 -0.9565495 -0.02858924 -0.0942462 -0.9951384 -0.2889006 -0.9523764 -0.09754806 -0.2778977 -0.9161058 -0.2890037 -0.1374452 -0.2571418 -0.9565495 -0.04642647 -0.08685779 -0.9951384 -0.4691487 -0.8777152 -0.09754806 -0.4512814 -0.8442879 -0.2890036 -0.4161795 -0.7786164 -0.4696287 -0.3651013 -0.6830565 -0.6325622 -0.2999131 -0.5610972 -0.7715064 -0.2230502 -0.4172972 -0.880972 -0.4913438 -0.5987042 -0.632562 -0.4036148 -0.4918057 -0.7715064 -0.300175 -0.365764 -0.880972 -0.1849702 -0.2253865 -0.9565495 -0.06247949 -0.07613146 -0.9951384 -0.631368 -0.7693237 -0.09754776 -0.6073225 -0.7400245 -0.2890038 -0.5600832 -0.6824629 -0.4696288 -0.07613152 -0.06247949 -0.9951384 -0.7693241 -0.6313675 -0.09754759 -0.7400245 -0.6073225 -0.2890038 -0.6824632 -0.5600829 -0.4696287 -0.5987044 -0.4913436 -0.6325619 -0.4918061 -0.4036144 -0.7715064 -0.3657642 -0.3001748 -0.880972 -0.2253867 -0.18497 -0.9565495 -0.6830565 -0.3651014 -0.632562 -0.5610973 -0.2999124 -0.7715065 -0.4172974 -0.2230498 -0.880972 -0.2571419 -0.137445 -0.9565495 -0.08685779 -0.04642641 -0.9951384 -0.8777154 -0.4691484 -0.09754753 -0.8442879 -0.4512813 -0.2890037 -0.7786166 -0.4161788 -0.4696289 -0.0942462 -0.02858924 -0.9951384 -0.9523767 -0.2889 -0.09754723 -0.9161058 -0.2778976 -0.2890036 -0.8448482 -0.2562817 -0.4696289 -0.7411597 -0.2248284 -0.6325619 -0.6088259 -0.1846851 -0.7715066 -0.452794 -0.1373534 -0.880972 -0.2790152 -0.08463829 -0.9565495 -0.6331579 -0.06236034 -0.7715065 -0.47089 -0.04637843 -0.880972 -0.2901661 -0.02857881 -0.9565495 -0.0980128 -0.009653389 -0.9951383 -0.9904386 -0.09754931 -0.09754699 -0.9527183 -0.0938344 -0.2890036 -0.8786128 -0.08653569 -0.4696286 -0.7707805 -0.07591503 -0.6325619 -0.9904385 0.09755027 -0.09754717 -0.9527181 0.09383469 -0.2890037 -0.8786126 0.08653628 -0.4696288 -0.7707803 0.07591533 -0.632562 -0.6331579 0.06236064 -0.7715064 -0.4708901 0.04637861 -0.880972 -0.2901661 0.02857887 -0.9565495 -0.0980128 0.009653389 -0.9951384 -0.6088258 0.1846857 -0.7715066 -0.4527939 0.1373535 -0.880972 -0.2790151 0.08463829 -0.9565495 -0.0942462 0.02858924 -0.9951383 -0.9523764 0.2889006 -0.09754735 -0.9161058 0.2778977 -0.2890035 -0.844848 0.2562821 -0.4696289 -0.7411597 0.2248284 -0.6325618 -0.8442879 0.4512814 -0.2890034 -0.7786163 0.4161794 -0.4696289 -0.6830567 0.3651015 -0.6325619 -0.561097 0.2999129 -0.7715067 -0.4172973 0.2230503 -0.8809719 -0.2571418 0.1374452 -0.9565495 -0.08685779 0.04642647 -0.9951384 -0.8777152 0.4691488 -0.09754735 -0.3657642 0.300175 -0.8809719 -0.2253867 0.1849702 -0.9565495 -0.07613146 0.06247949 -0.9951384 -0.7693236 0.6313682 -0.09754711 -0.7400245 0.6073226 -0.2890036 -0.6824626 0.5600832 -0.4696289 -0.5987043 0.4913439 -0.6325618 -0.4918054 0.4036147 -0.7715067 -0.5600828 0.6824631 -0.469629 -0.4913439 0.5987045 -0.6325615 -0.4036142 0.4918059 -0.7715067 -0.3001749 0.3657643 -0.8809719 -0.18497 0.2253867 -0.9565495 -0.06247949 0.07613152 -0.9951384 -0.6313675 0.7693242 -0.09754711 -0.6073225 0.7400245 -0.2890036 -0.137445 0.2571419 -0.9565495 -0.04642641 0.08685785 -0.9951384 -0.4691482 0.8777155 -0.09754705 -0.4512814 0.844288 -0.2890034 -0.4161787 0.7786165 -0.4696292 -0.3651016 0.6830568 -0.6325616 -0.2999122 0.5610971 -0.7715069 -0.2230501 0.4172974 -0.8809719 -0.2562814 0.844848 -0.4696291 -0.2248284 0.74116 -0.6325615 -0.1846846 0.6088256 -0.771507 -0.1373534 0.4527942 -0.8809719 -0.08463829 0.2790152 -0.9565495 -0.02858924 0.09424626 -0.9951384 -0.2889 0.9523767 -0.09754687 -0.2778974 0.916106 -0.2890031 -0.02857881 0.2901661 -0.9565495 -0.009653389 0.0980128 -0.9951384 -0.09755253 0.9904384 -0.09754675 -0.0938344 0.9527183 -0.2890033 -0.08653903 0.8786122 -0.4696291 -0.07591503 0.7707809 -0.6325613 -0.06235986 0.6331572 -0.771507 -0.04637849 0.4708904 -0.8809718 0.02857714 0.2901657 -0.9565496 0.009652853 0.09801292 -0.9951383 0.09754985 0.9904382 -0.09754991 0.09383225 0.9527177 -0.2890061 0.08653593 0.878614 -0.4696265 0.0759142 0.7707793 -0.6325633 0.06235647 0.6331574 -0.7715071 0.04637724 0.4708908 -0.8809717 0.1373534 0.4527938 -0.8809721 0.08463829 0.2790148 -0.9565497 0.0285893 0.0942462 -0.9951383 0.2889002 0.9523763 -0.09754985 0.2778974 0.9161058 -0.2890039 0.2562825 0.844848 -0.4696288 0.2248283 0.7411592 -0.6325625 0.1846858 0.6088265 -0.771506 0.4512815 0.8442878 -0.2890037 0.4161794 0.7786166 -0.4696286 0.365101 0.6830563 -0.6325625 0.2999132 0.5610976 -0.7715061 0.2230501 0.4172971 -0.880972 0.137445 0.2571415 -0.9565495 0.04642647 0.08685785 -0.9951383 0.4691482 0.8777152 -0.09754973 0.3001749 0.3657638 -0.880972 0.18497 0.2253863 -0.9565496 0.06247955 0.07613152 -0.9951383 0.6313679 0.7693237 -0.09754937 0.6073223 0.7400243 -0.2890042 0.560083 0.6824632 -0.4696286 0.4913435 0.598704 -0.6325624 0.4036149 0.4918062 -0.7715061 0.6824632 0.560083 -0.4696286 0.598704 0.4913435 -0.6325623 0.4918063 0.403615 -0.771506 0.3657639 0.3001748 -0.8809722 0.2253864 0.1849699 -0.9565495 0.07613152 0.06247955 -0.9951384 0.7693238 0.6313675 -0.0975492 0.7400243 0.6073223 -0.2890041 0.2571416 0.1374449 -0.9565496 0.08685785 0.04642641 -0.9951384 0.8777153 0.4691482 -0.09754914 0.8442876 0.4512815 -0.289004 0.7786167 0.4161788 -0.4696289 0.6830564 0.365101 -0.6325625 0.5610979 0.2999129 -0.771506 0.4172972 0.2230497 -0.8809721 0.8448482 0.2562816 -0.469629 0.7411592 0.2248284 -0.6325624 0.6088265 0.1846855 -0.771506 0.4527937 0.1373535 -0.8809722 0.279015 0.08463811 -0.9565496 0.09424626 0.02858924 -0.9951383 0.9523765 0.2889003 -0.09754908 0.9161058 0.2778977 -0.2890036 0.2901657 0.02857875 -0.9565495 0.09801286 0.009653389 -0.9951384 0.9904384 0.09754931 -0.09754925 0.9527181 0.09383457 -0.2890037 0.8786127 0.08653581 -0.4696288 0.7707802 0.07591485 -0.6325622 0.6331585 0.06236022 -0.771506 0.4708899 0.04637867 -0.8809721 0.7707799 -0.07591509 -0.6325625 0.6331585 -0.06236058 -0.771506 0.4708899 -0.04637861 -0.8809721 0.2901657 -0.02857887 -0.9565496 0.09801286 -0.009653389 -0.9951384 0.9904384 -0.09754991 -0.09754884 0.9527181 -0.09383457 -0.2890036 0.8786126 -0.0865361 -0.469629 0.09424626 -0.0285893 -0.9951383 0.9523765 -0.2889003 -0.0975489 0.9161058 -0.2778978 -0.2890035 0.8448481 -0.2562819 -0.4696288 0.7411593 -0.2248284 -0.6325623 0.6088264 -0.1846858 -0.771506 0.4527938 -0.1373535 -0.880972 0.2790148 -0.08463823 -0.9565495 0.5610975 -0.2999132 -0.7715061 0.4172972 -0.22305 -0.880972 0.2571414 -0.1374452 -0.9565496 0.08685785 -0.04642653 -0.9951383 0.877715 -0.4691489 -0.09754872 0.8442878 -0.4512816 -0.2890037 0.7786163 -0.4161795 -0.4696288 0.6830564 -0.365101 -0.6325625 0.7693238 -0.6313678 -0.09754854 0.7400245 -0.6073225 -0.2890036 0.682463 -0.5600831 -0.4696289 0.598704 -0.4913436 -0.6325622 0.4918061 -0.4036149 -0.7715062 0.3657639 -0.3001751 -0.880972 0.2253864 -0.1849699 -0.9565496 0.07613152 -0.06247955 -0.9951384 0.4036148 -0.4918062 -0.7715061 0.3001749 -0.365764 -0.8809721 0.1849699 -0.2253865 -0.9565496 0.06247955 -0.07613158 -0.9951383 0.6313675 -0.7693241 -0.0975483 0.6073225 -0.7400245 -0.2890038 0.5600831 -0.6824631 -0.4696287 0.4913436 -0.5987041 -0.6325621 0.4512813 -0.8442879 -0.2890035 0.4161788 -0.7786167 -0.4696288 0.3651011 -0.6830565 -0.6325623 0.2999126 -0.5610977 -0.7715061 0.2230498 -0.4172974 -0.880972 0.1374449 -0.2571416 -0.9565496 0.04642647 -0.08685791 -0.9951383 0.4691484 -0.8777152 -0.09754878 0.1373534 -0.452794 -0.880972 0.08463805 -0.2790149 -0.9565496 0.02858924 -0.09424626 -0.9951383 0.2888998 -0.9523766 -0.09754824 0.2778977 -0.9161058 -0.2890036 0.2562817 -0.8448482 -0.469629 0.2248284 -0.7411593 -0.6325623 0.1846852 -0.6088263 -0.7715063 0.09383404 -0.9527184 -0.2890032 0.08653587 -0.878613 -0.4696285 0.07591485 -0.7707803 -0.6325621 0.06236028 -0.6331582 -0.7715062 0.04637849 -0.4708901 -0.880972 0.02857875 -0.2901657 -0.9565496 0.009653389 -0.09801286 -0.9951383 0.09754937 -0.9904385 -0.09754872 -0.04637849 -0.4708901 -0.880972 -0.02857887 -0.2901657 -0.9565496 -0.009653389 -0.09801286 -0.9951383 -0.09754991 -0.9904385 -0.09754836 -0.09383457 -0.9527182 -0.2890036 -0.08653616 -0.8786128 -0.4696285 -0.07591515 -0.77078 -0.6325623 -0.06236052 -0.6331583 -0.7715061 -0.256282 -0.8448482 -0.4696287 -0.2248285 -0.7411594 -0.6325622 -0.1846858 -0.6088261 -0.7715062 -0.1373537 -0.452794 -0.8809719 -0.08463823 -0.2790148 -0.9565496 -0.0285893 -0.09424626 -0.9951383 -0.2889003 -0.9523765 -0.09754848 -0.2778975 -0.9161058 -0.2890036 -0.137445 -0.2571415 -0.9565496 -0.04642647 -0.08685785 -0.9951383 -0.4691486 -0.8777152 -0.09754788 -0.4512814 -0.8442879 -0.2890035 -0.4161797 -0.7786163 -0.4696288 -0.365101 -0.6830564 -0.6325623 -0.2999132 -0.5610972 -0.7715064 -0.2230503 -0.4172974 -0.8809719 -0.4913438 -0.598704 -0.632562 -0.4036149 -0.4918057 -0.7715064 -0.3001751 -0.3657642 -0.8809719 -0.1849699 -0.2253863 -0.9565496 -0.06247961 -0.07613152 -0.9951383 -0.6313679 -0.7693238 -0.09754776 -0.6073225 -0.7400245 -0.2890037 -0.5600831 -0.682463 -0.4696287 -0.07613158 -0.06247955 -0.9951383 -0.7693242 -0.6313673 -0.09754753 -0.7400245 -0.6073225 -0.2890038 -0.6824633 -0.5600827 -0.4696288 -0.5987042 -0.4913436 -0.632562 -0.491806 -0.4036145 -0.7715064 -0.3657644 -0.3001748 -0.8809719 -0.2253865 -0.1849698 -0.9565496 -0.6830567 -0.3651013 -0.6325621 -0.5610974 -0.2999125 -0.7715064 -0.4172976 -0.22305 -0.8809719 -0.2571415 -0.137445 -0.9565496 -0.08685791 -0.04642647 -0.9951383 -0.8777153 -0.4691484 -0.09754753 -0.8442879 -0.4512814 -0.2890035 -0.7786166 -0.416179 -0.4696289 -0.09424632 -0.02858924 -0.9951383 -0.9523768 -0.2888998 -0.09754705 -0.9161058 -0.2778978 -0.2890035 -0.8448482 -0.2562817 -0.469629 -0.7411595 -0.2248285 -0.632562 -0.6088259 -0.1846848 -0.7715066 -0.4527943 -0.1373534 -0.8809719 -0.2790149 -0.08463805 -0.9565496 -0.633158 -0.06236058 -0.7715064 -0.4708903 -0.04637849 -0.8809719 -0.2901658 -0.02857875 -0.9565496 -0.09801292 -0.009653389 -0.9951383 -0.9904386 -0.09754937 -0.09754705 -0.9527184 -0.09383404 -0.2890032 -0.8786128 -0.08653563 -0.4696286 -0.7707804 -0.07591485 -0.6325619 -0.9904386 0.09754997 -0.09754729 -0.9527182 0.09383457 -0.2890036 -0.8786128 0.08653616 -0.4696287 -0.7707802 0.07591545 -0.6325621 -0.6331579 0.06236088 -0.7715064 -0.4708902 0.04637867 -0.8809719 -0.2901658 0.02857887 -0.9565496 -0.09801286 0.009653449 -0.9951383 -0.6088258 0.1846858 -0.7715066 -0.4527941 0.1373535 -0.8809719 -0.2790149 0.08463817 -0.9565496 -0.09424632 0.0285893 -0.9951383 -0.9523764 0.288901 -0.09754741 -0.9161058 0.2778978 -0.2890037 -0.844848 0.2562823 -0.4696289 -0.7411596 0.2248283 -0.6325621 -0.8442881 0.4512812 -0.2890034 -0.7786163 0.4161794 -0.4696289 -0.6830567 0.3651013 -0.6325619 -0.5610971 0.2999128 -0.7715066 -0.4172976 0.2230505 -0.8809718 -0.2571417 0.1374451 -0.9565496 -0.08685791 0.04642653 -0.9951383 -0.8777152 0.4691486 -0.09754776 -0.3657644 0.3001751 -0.8809719 -0.2253864 0.18497 -0.9565496 -0.07613158 0.06247961 -0.9951383 -0.7693236 0.6313682 -0.09754693 -0.7400244 0.6073226 -0.2890036 -0.6824627 0.5600833 -0.4696291 -0.5987043 0.4913439 -0.6325618 -0.4918053 0.4036148 -0.7715067 -0.5600828 0.6824631 -0.4696289 -0.4913438 0.5987045 -0.6325616 -0.4036141 0.4918059 -0.7715067 -0.3001751 0.3657646 -0.8809718 0 0 -1 -0.1849699 0.2253865 -0.9565496 0 0 -1 -0.06247955 0.07613158 -0.9951383 -0.6313675 0.7693241 -0.09754717 -0.6073225 0.7400245 -0.2890034 -0.1374449 0.2571416 -0.9565496 -0.04642647 0.08685791 -0.9951383 -0.469148 0.8777156 -0.09754717 -0.4512813 0.8442881 -0.2890033 -0.4161789 0.7786166 -0.469629 -0.3651014 0.6830568 -0.6325616 -0.2999121 0.5610972 -0.7715069 -0.2230502 0.4172976 -0.8809717 -0.2562816 0.8448483 -0.4696289 -0.2248286 0.7411598 -0.6325617 -0.1846847 0.6088256 -0.7715069 -0.1373535 0.4527946 -0.8809717 -0.08463811 0.2790149 -0.9565496 -0.02858924 0.09424632 -0.9951383 -0.2889004 0.9523766 -0.09754699 -0.2778973 0.9161061 -0.289003 -0.02857875 0.2901657 -0.9565496 -0.009653389 0.09801292 -0.9951383 -0.09755229 0.9904384 -0.09754651 -0.09383457 0.9527181 -0.2890037 -0.08653891 0.8786124 -0.4696288 -0.07591491 0.7707808 -0.6325613 -0.06235986 0.6331573 -0.7715071 -0.04637855 0.4708906 -0.8809717 0 0 -1 0 0 -1 0 0 -1 0 0 -1 0 0 -1 0 0 -1 0 0 -1 0 0 -1 0 0 -1 0 0 -1 0 0 -1 0 0 -1 0 0 -1 0 0 -1 0 0 -1 0 0 -1 0 0 -1 0 0 -1 0 0 -1 0 0 -1 0 0 -1 0 0 -1 0 0 -1 0 0 -1 0 0 -1 0 0 -1 0 0 -1 0 0 -1 0 0 -1 0 0 -1 0.02857798 0.2901663 -0.9565495 0.09754979 0.9904384 -0.09754985 0.09383475 0.9527181 -0.2890037 0.08653366 0.8786132 -0.4696283 0.07591527 0.7707794 -0.6325632 0.06235998 0.6331587 -0.7715058 0.04637563 0.4708901 -0.8809722 0.1373536 0.4527934 -0.8809723 0.08463829 0.2790151 -0.9565495 0.2889005 0.9523763 -0.09754949 0.2778975 0.9161057 -0.2890038 0.2562819 0.8448483 -0.4696284 0.2248285 0.7411591 -0.6325626 0.1846855 0.6088267 -0.7715058 0.4512812 0.8442878 -0.289004 0.4161794 0.7786165 -0.4696287 0.3651013 0.6830563 -0.6325624 0.299913 0.5610978 -0.771506 0.2230499 0.4172969 -0.8809722 0.1374452 0.2571418 -0.9565495 0.4691487 0.8777151 -0.09754925 0.3001747 0.3657638 -0.8809722 0.1849702 0.2253866 -0.9565495 0.6313679 0.7693236 -0.09754931 0.6073226 0.7400243 -0.2890038 0.560083 0.6824631 -0.4696287 0.4913437 0.598704 -0.6325622 0.4036149 0.4918063 -0.7715061 0.6824631 0.560083 -0.4696287 0.5987039 0.4913437 -0.6325623 0.4918063 0.4036148 -0.7715061 0.3657638 0.3001746 -0.8809722 0.2253867 0.1849701 -0.9565495 0.769324 0.6313674 -0.0975492 0.7400246 0.6073223 -0.2890038 0.2571419 0.137445 -0.9565495 0.8777153 0.4691482 -0.09754925 0.8442881 0.4512811 -0.2890034 0.7786166 0.4161794 -0.4696285 0.6830566 0.3651011 -0.6325622 0.5610978 0.2999129 -0.771506 0.417297 0.2230498 -0.8809722 0.8448482 0.2562818 -0.4696288 0.7411596 0.2248281 -0.6325622 0.6088265 0.1846855 -0.771506 0.4527935 0.1373534 -0.8809723 0.2790151 0.08463829 -0.9565495 0.9523765 0.2889 -0.09754914 0.9161058 0.2778976 -0.2890036 0.2901661 0.02857887 -0.9565495 0.9904385 0.0975492 -0.09754884 0.9527183 0.09383445 -0.2890035 0.8786128 0.08653593 -0.4696287 0.7707801 0.07591509 -0.6325623 0.6331585 0.06236046 -0.771506 0.4708895 0.04637831 -0.8809723 0.77078 -0.07591533 -0.6325623 0.6331585 -0.06236076 -0.771506 0.4708896 -0.04637861 -0.8809722 0.290166 -0.02857887 -0.9565495 0.9904384 -0.09755015 -0.09754872 0.9527182 -0.09383475 -0.2890035 0.8786128 -0.08653593 -0.4696288 0.9523763 -0.2889006 -0.0975486 0.9161058 -0.2778979 -0.2890034 0.8448482 -0.2562819 -0.4696288 0.7411594 -0.2248284 -0.6325623 0.6088266 -0.1846855 -0.771506 0.4527935 -0.1373537 -0.8809722 0.2790151 -0.08463829 -0.9565495 0.5610978 -0.2999129 -0.771506 0.4172969 -0.2230501 -0.8809722 0.2571418 -0.1374452 -0.9565495 0.877715 -0.4691489 -0.09754848 0.8442879 -0.4512814 -0.2890036 0.7786164 -0.4161793 -0.4696288 0.6830563 -0.3651014 -0.6325622 0.7693235 -0.6313681 -0.09754818 0.7400245 -0.6073225 -0.2890036 0.6824631 -0.560083 -0.4696288 0.5987039 -0.4913439 -0.632562 0.4918063 -0.4036148 -0.7715061 0.3657639 -0.3001748 -0.8809721 0.2253866 -0.1849702 -0.9565495 0.4036148 -0.4918063 -0.7715061 0.3001746 -0.365764 -0.8809722 0.1849701 -0.2253866 -0.9565495 0.6313674 -0.769324 -0.09754836 0.6073222 -0.7400248 -0.2890034 0.560083 -0.6824631 -0.4696289 0.4913437 -0.598704 -0.6325621 0.4512811 -0.8442882 -0.2890033 0.4161791 -0.7786166 -0.4696288 0.3651012 -0.6830567 -0.6325621 0.2999129 -0.5610976 -0.7715061 0.2230497 -0.4172971 -0.8809722 0.137445 -0.2571419 -0.9565495 0.4691481 -0.8777154 -0.09754842 0.1373533 -0.4527937 -0.8809722 0.08463817 -0.2790152 -0.9565495 0.2888998 -0.9523766 -0.09754836 0.2778974 -0.916106 -0.2890032 0.2562818 -0.8448482 -0.4696288 0.2248282 -0.7411596 -0.632562 0.1846855 -0.6088263 -0.7715061 0.09383451 -0.9527183 -0.2890035 0.08653563 -0.8786128 -0.4696287 0.07591509 -0.7707802 -0.6325621 0.06236046 -0.6331582 -0.7715063 0.04637837 -0.4708898 -0.8809722 0.02857887 -0.290166 -0.9565495 0.09754896 -0.9904386 -0.09754788 -0.04637861 -0.4708898 -0.880972 -0.02857887 -0.290166 -0.9565495 -0.09755015 -0.9904385 -0.09754782 -0.09383475 -0.9527182 -0.2890036 -0.08653593 -0.8786128 -0.4696285 -0.07591539 -0.7707802 -0.6325621 -0.0623607 -0.6331582 -0.7715063 -0.256282 -0.8448483 -0.4696285 -0.2248284 -0.7411595 -0.6325621 -0.1846855 -0.6088263 -0.7715061 -0.1373538 -0.4527937 -0.880972 -0.08463829 -0.2790151 -0.9565495 -0.2889007 -0.9523764 -0.09754782 -0.277898 -0.9161058 -0.2890035 -0.1374452 -0.2571417 -0.9565495 -0.4691491 -0.8777149 -0.09754753 -0.4512814 -0.8442879 -0.2890036 -0.4161794 -0.7786167 -0.4696285 -0.3651016 -0.6830565 -0.632562 -0.2999128 -0.5610975 -0.7715063 -0.2230502 -0.4172972 -0.880972 -0.491344 -0.5987041 -0.6325618 -0.4036147 -0.491806 -0.7715063 -0.300175 -0.365764 -0.880972 -0.1849702 -0.2253866 -0.9565495 -0.6313683 -0.7693235 -0.09754735 -0.6073226 -0.7400244 -0.2890036 -0.560083 -0.6824632 -0.4696286 -0.7693243 -0.6313673 -0.09754729 -0.7400248 -0.6073222 -0.2890034 -0.6824631 -0.560083 -0.4696287 -0.5987041 -0.4913437 -0.6325619 -0.4918061 -0.4036145 -0.7715064 -0.3657643 -0.3001747 -0.880972 -0.2253867 -0.18497 -0.9565495 -0.683057 -0.3651011 -0.6325618 -0.5610973 -0.2999128 -0.7715064 -0.4172974 -0.2230498 -0.8809719 -0.2571419 -0.137445 -0.9565495 -0.8777157 -0.469148 -0.09754705 -0.8442881 -0.4512811 -0.2890034 -0.7786166 -0.4161792 -0.4696285 -0.9523769 -0.2888996 -0.09754681 -0.916106 -0.2778974 -0.2890034 -0.8448482 -0.2562819 -0.4696288 -0.7411598 -0.2248283 -0.6325618 -0.608826 -0.1846854 -0.7715065 -0.4527941 -0.1373534 -0.880972 -0.2790152 -0.08463823 -0.9565495 -0.6331579 -0.0623604 -0.7715066 -0.4708901 -0.04637837 -0.880972 -0.2901661 -0.02857875 -0.9565495 -0.9904387 -0.09754931 -0.09754699 -0.9527183 -0.09383422 -0.2890035 -0.8786128 -0.08653563 -0.4696287 -0.7707803 -0.07591515 -0.6325619 -0.9904385 0.09755021 -0.09754723 -0.9527183 0.09383511 -0.2890033 -0.8786128 0.08653593 -0.4696286 -0.7707805 0.07591569 -0.6325618 -0.6331579 0.0623607 -0.7715065 -0.47089 0.04637867 -0.880972 -0.2901661 0.02857887 -0.9565495 -0.6088261 0.1846854 -0.7715064 -0.452794 0.1373539 -0.8809719 -0.2790151 0.08463835 -0.9565495 -0.9523764 0.2889009 -0.09754717 -0.9161058 0.277898 -0.2890033 -0.8448482 0.256282 -0.4696287 -0.7411598 0.2248286 -0.6325617 -0.8442878 0.4512816 -0.2890033 -0.7786165 0.4161792 -0.4696287 -0.6830567 0.3651017 -0.6325616 -0.5610972 0.2999128 -0.7715065 -0.4172973 0.2230504 -0.8809719 -0.2571418 0.1374453 -0.9565495 -0.877715 0.4691493 -0.09754687 -0.3657642 0.3001752 -0.8809719 -0.2253867 0.1849702 -0.9565495 -0.7693236 0.6313683 -0.09754693 -0.7400243 0.6073228 -0.2890034 -0.682463 0.5600831 -0.4696288 -0.5987042 0.4913444 -0.6325615 -0.4918058 0.4036145 -0.7715066 -0.560083 0.6824631 -0.4696289 -0.4913439 0.5987046 -0.6325615 -0.4036144 0.4918058 -0.7715066 -0.3001748 0.3657644 -0.8809719 -0.18497 0.2253867 -0.9565495 -0.6313673 0.7693244 -0.09754687 -0.6073222 0.7400249 -0.2890032 -0.1374452 0.2571418 -0.9565495 -0.4691479 0.8777157 -0.09754669 -0.451281 0.8442883 -0.289003 -0.4161792 0.7786164 -0.4696288 -0.3651013 0.6830573 -0.6325613 -0.2999127 0.5610971 -0.7715066 -0.2230498 0.4172977 -0.8809719 -0.2562816 0.8448481 -0.4696291 -0.2248282 0.7411604 -0.6325612 -0.1846852 0.6088257 -0.7715067 -0.1373533 0.4527944 -0.8809717 -0.08463823 0.2790152 -0.9565495 -0.2888997 0.9523769 -0.09754651 -0.2778974 0.9161059 -0.2890031 -0.02857875 0.290166 -0.9565495 -0.09755551 0.9904377 -0.09754973 -0.0938372 0.9527173 -0.289006 -0.08653575 0.878614 -0.4696265 -0.07591795 0.7707791 -0.6325631 -0.06236034 0.6331574 -0.7715069 -0.04637819 0.4708905 -0.8809718 0.02857792 0.2901659 -0.9565495 0.09754991 0.9904383 -0.09754985 0.09383475 0.9527181 -0.2890038 0.08653378 0.8786133 -0.469628 0.07591521 0.7707797 -0.6325628 0.06235992 0.6331588 -0.7715058 0.04637563 0.4708903 -0.880972 0.1373537 0.4527937 -0.8809721 0.08463817 0.2790148 -0.9565496 0.2889003 0.9523763 -0.09754967 0.2778976 0.9161057 -0.2890037 0.2562818 0.8448485 -0.4696282 0.2248286 0.7411589 -0.6325628 0.1846857 0.6088267 -0.7715058 0.451281 0.8442879 -0.2890042 0.4161794 0.7786165 -0.4696287 0.3651013 0.6830563 -0.6325624 0.2999129 0.5610979 -0.7715059 0.2230501 0.4172971 -0.880972 0.137445 0.2571415 -0.9565496 0.4691486 0.8777151 -0.09754931 0.3001748 0.3657641 -0.880972 0.18497 0.2253863 -0.9565496 0.6313681 0.7693234 -0.09754914 0.6073225 0.7400243 -0.289004 0.560083 0.6824631 -0.4696286 0.4913436 0.5987039 -0.6325622 0.4036149 0.4918063 -0.771506 0.6824632 0.5600831 -0.4696285 0.5987039 0.4913436 -0.6325624 0.4918063 0.4036149 -0.7715061 0.365764 0.3001747 -0.880972 0.2253864 0.1849699 -0.9565496 0.769324 0.6313675 -0.09754908 0.7400246 0.6073223 -0.2890039 0.2571417 0.1374448 -0.9565496 0.8777154 0.4691481 -0.09754902 0.8442882 0.451281 -0.2890035 0.7786166 0.4161795 -0.4696284 0.6830565 0.3651009 -0.6325623 0.5610979 0.2999129 -0.771506 0.4172972 0.2230499 -0.8809721 0.8448482 0.2562819 -0.4696288 0.7411596 0.2248281 -0.6325622 0.6088266 0.1846857 -0.771506 0.4527937 0.1373535 -0.8809721 0.2790148 0.08463823 -0.9565496 0.9523763 0.2889004 -0.0975492 0.9161058 0.2778977 -0.2890036 0.2901657 0.02857881 -0.9565496 0.9904385 0.09754884 -0.09754878 0.9527183 0.09383422 -0.2890035 0.8786127 0.08653581 -0.4696289 0.7707799 0.07591521 -0.6325624 0.6331585 0.06236034 -0.771506 0.4708898 0.04637825 -0.8809721 0.77078 -0.07591551 -0.6325622 0.6331585 -0.06236058 -0.771506 0.4708898 -0.04637849 -0.8809721 0.2901657 -0.02857881 -0.9565496 0.9904384 -0.09754991 -0.09754878 0.9527183 -0.09383481 -0.2890034 0.8786128 -0.08653581 -0.4696288 0.9523764 -0.2889005 -0.09754866 0.9161058 -0.2778977 -0.2890036 0.8448481 -0.256282 -0.4696289 0.7411592 -0.2248283 -0.6325624 0.6088266 -0.1846857 -0.771506 0.4527937 -0.1373537 -0.880972 0.2790148 -0.08463823 -0.9565496 0.5610979 -0.2999129 -0.771506 0.4172972 -0.2230502 -0.880972 0.2571415 -0.137445 -0.9565496 0.8777149 -0.4691492 -0.09754842 0.8442878 -0.4512817 -0.2890036 0.7786164 -0.4161794 -0.4696287 0.6830564 -0.3651016 -0.6325622 0.7693235 -0.6313681 -0.09754812 0.7400245 -0.6073225 -0.2890036 0.6824631 -0.560083 -0.4696288 0.598704 -0.4913439 -0.6325621 0.4918062 -0.4036148 -0.7715061 0.365764 -0.3001749 -0.880972 0.2253863 -0.18497 -0.9565496 0.4036148 -0.4918062 -0.7715061 0.3001748 -0.3657642 -0.880972 0.1849699 -0.2253864 -0.9565495 0.6313676 -0.7693239 -0.09754854 0.6073222 -0.7400249 -0.2890034 0.560083 -0.6824631 -0.4696288 0.4913437 -0.5987039 -0.6325623 0.4512813 -0.844288 -0.2890034 0.4161792 -0.7786166 -0.4696286 0.365101 -0.6830566 -0.6325622 0.2999128 -0.5610978 -0.7715061 0.2230498 -0.4172973 -0.880972 0.1374448 -0.2571416 -0.9565496 0.4691479 -0.8777155 -0.09754812 0.1373534 -0.452794 -0.880972 0.08463817 -0.2790148 -0.9565496 0.2889 -0.9523766 -0.09754854 0.2778972 -0.9161061 -0.2890031 0.2562819 -0.8448482 -0.4696288 0.2248281 -0.7411596 -0.632562 0.1846856 -0.6088263 -0.7715061 0.09383428 -0.9527183 -0.2890034 0.08653533 -0.8786128 -0.4696288 0.07591527 -0.77078 -0.6325623 0.06236034 -0.6331582 -0.7715062 0.04637831 -0.47089 -0.880972 0.02857875 -0.2901657 -0.9565496 0.09754884 -0.9904385 -0.09754818 -0.04637855 -0.4708901 -0.880972 -0.02857875 -0.2901657 -0.9565496 -0.09754997 -0.9904385 -0.0975483 -0.09383481 -0.9527183 -0.2890034 -0.08653587 -0.878613 -0.4696283 -0.07591551 -0.7707801 -0.6325621 -0.06236058 -0.6331583 -0.7715062 -0.2562818 -0.8448483 -0.4696284 -0.2248283 -0.7411594 -0.6325623 -0.1846856 -0.6088263 -0.7715061 -0.1373538 -0.4527939 -0.8809719 -0.08463823 -0.2790148 -0.9565496 -0.2889011 -0.9523763 -0.0975477 -0.2778977 -0.9161058 -0.2890034 -0.1374451 -0.2571415 -0.9565496 -0.4691489 -0.8777151 -0.09754759 -0.4512814 -0.8442879 -0.2890036 -0.4161794 -0.7786167 -0.4696285 -0.3651018 -0.6830564 -0.6325619 -0.2999128 -0.5610977 -0.7715062 -0.2230504 -0.4172973 -0.8809719 -0.4913439 -0.598704 -0.632562 -0.4036148 -0.4918059 -0.7715064 -0.3001752 -0.3657642 -0.8809718 -0.1849699 -0.2253864 -0.9565496 -0.6313683 -0.7693235 -0.09754735 -0.6073226 -0.7400245 -0.2890036 -0.560083 -0.6824631 -0.4696286 -0.7693244 -0.6313672 -0.09754735 -0.740025 -0.607322 -0.2890033 -0.6824631 -0.560083 -0.4696286 -0.5987043 -0.4913436 -0.6325619 -0.491806 -0.4036146 -0.7715064 -0.3657644 -0.3001748 -0.8809719 -0.2253865 -0.1849697 -0.9565496 -0.6830567 -0.3651012 -0.6325619 -0.5610975 -0.2999127 -0.7715064 -0.4172976 -0.22305 -0.8809719 -0.2571416 -0.1374449 -0.9565496 -0.8777157 -0.4691479 -0.09754693 -0.8442881 -0.4512811 -0.2890033 -0.7786166 -0.4161793 -0.4696287 -0.9523768 -0.2888996 -0.09754687 -0.9161061 -0.2778973 -0.289003 -0.8448481 -0.256282 -0.4696288 -0.7411599 -0.2248282 -0.6325618 -0.6088261 -0.1846855 -0.7715064 -0.4527943 -0.1373533 -0.8809718 -0.2790149 -0.08463811 -0.9565496 -0.6331578 -0.06236028 -0.7715066 -0.4708902 -0.04637855 -0.8809719 -0.2901658 -0.02857875 -0.9565496 -0.9904387 -0.09754949 -0.09754711 -0.9527184 -0.09383428 -0.2890034 -0.8786128 -0.08653533 -0.4696289 -0.7707803 -0.07591503 -0.632562 -0.9904385 0.09755003 -0.09754723 -0.9527183 0.09383481 -0.2890034 -0.8786129 0.08653587 -0.4696285 -0.7707803 0.07591551 -0.632562 -0.633158 0.06236082 -0.7715064 -0.4708902 0.04637879 -0.8809718 -0.2901658 0.02857887 -0.9565496 -0.6088262 0.1846854 -0.7715064 -0.4527943 0.137354 -0.8809718 -0.2790148 0.08463817 -0.9565496 -0.9523764 0.2889007 -0.09754759 -0.9161058 0.2778983 -0.2890032 -0.8448482 0.2562821 -0.4696286 -0.7411597 0.2248287 -0.6325618 -0.844288 0.4512813 -0.2890033 -0.7786167 0.4161791 -0.4696286 -0.6830567 0.3651016 -0.6325618 -0.5610973 0.2999126 -0.7715065 -0.4172975 0.2230503 -0.8809718 -0.2571415 0.1374452 -0.9565496 -0.8777149 0.4691495 -0.09754675 -0.3657643 0.3001754 -0.8809717 -0.2253865 0.1849699 -0.9565496 -0.7693235 0.6313683 -0.09754693 -0.7400243 0.6073229 -0.2890033 -0.682463 0.5600832 -0.4696288 -0.5987042 0.4913444 -0.6325615 -0.4918058 0.4036146 -0.7715065 -0.560083 0.682463 -0.4696289 -0.4913439 0.5987044 -0.6325616 -0.4036144 0.4918059 -0.7715066 -0.300175 0.3657647 -0.8809717 0 0 -1 -0.1849698 0.2253865 -0.9565496 0 0 -1 -0.6313673 0.7693243 -0.09754699 -0.6073223 0.7400249 -0.2890031 -0.137445 0.2571415 -0.9565496 -0.4691478 0.8777158 -0.09754681 -0.4512808 0.8442884 -0.2890028 -0.4161791 0.7786166 -0.4696289 -0.3651013 0.683057 -0.6325616 -0.2999126 0.5610972 -0.7715067 -0.22305 0.417298 -0.8809717 -0.2562815 0.8448483 -0.4696288 -0.2248281 0.7411602 -0.6325613 -0.1846854 0.6088256 -0.7715067 -0.1373534 0.4527946 -0.8809717 -0.08463805 0.2790149 -0.9565496 -0.2888997 0.9523769 -0.09754627 -0.2778977 0.9161058 -0.2890034 -0.02857875 0.2901658 -0.9565496 -0.09755563 0.9904378 -0.09754985 -0.09383702 0.9527173 -0.2890059 -0.08653599 0.878614 -0.4696264 -0.07591784 0.770779 -0.6325632 -0.06236022 0.6331574 -0.7715069 -0.04637819 0.4708907 -0.8809716 0 0 -1 0 0 -1 0 0 -1 0 0 -1 0 0 -1 0 0 -1 0 0 -1 0 0 -1 0 0 -1 0 0 -1 0 0 -1 0 0 -1 0 0 -1 0 0 -1 0 0 -1 0 0 -1 0 0 -1 0 0 -1 0 0 -1 0 0 -1 0 0 -1 0 0 -1 0 0 -1 0 0 -1 0 0 -1 0 0 -1 0 0 -1 0 0 -1 0 0 -1 0 0 -1</float_array>
          <technique_common>
            <accessor source="#Sphere_001-mesh-normals-array" count="1024" stride="3">
              <param name="X" type="float"/>
              <param name="Y" type="float"/>
              <param name="Z" type="float"/>
            </accessor>
          </technique_common>
        </source>
        <source id="Sphere_001-mesh-map-0">
          <float_array id="Sphere_001-mesh-map-0-array" count="6144">0.75 0.125 0.71875 0.06249994 0.75 0.06249988 0.734375 0 0.75 0.06249988 0.71875 0.06249994 0.75 0.5 0.71875 0.4375 0.75 0.4375 0.75 0.4375 0.71875 0.375 0.75 0.375 0.75 0.375 0.71875 0.3125 0.75 0.3125001 0.75 0.2499999 0.71875 0.3125 0.71875 0.25 0.75 0.2499999 0.71875 0.1875 0.75 0.1874998 0.75 0.1874998 0.71875 0.125 0.75 0.125 0.71875 0.125 0.6875 0.1875 0.6875 0.125 0.71875 0.125 0.6875 0.06249994 0.71875 0.06249994 0.703125 0 0.71875 0.06249994 0.6875 0.06249994 0.71875 0.5 0.6875 0.4375 0.71875 0.4375 0.71875 0.4375 0.6875 0.375 0.71875 0.375 0.71875 0.3125 0.6875 0.375 0.6875 0.3125 0.71875 0.25 0.6875 0.3125 0.6875 0.25 0.71875 0.1875 0.6875 0.25 0.6875 0.1875 0.6875 0.4375 0.65625 0.375 0.6875 0.375 0.6875 0.3125 0.65625 0.375 0.65625 0.3125 0.6875 0.25 0.65625 0.3125 0.65625 0.25 0.6875 0.1875 0.65625 0.25 0.65625 0.1875 0.6875 0.125 0.65625 0.1875 0.65625 0.125 0.6875 0.06249994 0.65625 0.125 0.65625 0.06249994 0.671875 0 0.6875 0.06249994 0.65625 0.06249994 0.6875 0.5 0.65625 0.4375 0.6875 0.4375 0.65625 0.125 0.625 0.1875 0.625 0.125 0.65625 0.06249994 0.625 0.125 0.625 0.06249994 0.640625 0 0.65625 0.06249994 0.625 0.06249994 0.65625 0.5 0.625 0.4375 0.65625 0.4375 0.65625 0.4375 0.625 0.375 0.65625 0.375 0.65625 0.3125 0.625 0.375 0.625 0.3125 0.65625 0.3125 0.625 0.25 0.65625 0.25 0.65625 0.1875 0.625 0.25 0.625 0.1875 0.625 0.3125 0.59375 0.375 0.59375 0.3125 0.625 0.3125 0.59375 0.25 0.625 0.25 0.625 0.1875 0.59375 0.25 0.59375 0.1875 0.625 0.1875 0.59375 0.125 0.625 0.125 0.625 0.125 0.59375 0.06249994 0.625 0.06249994 0.609375 0 0.625 0.06249994 0.59375 0.06249994 0.625 0.5 0.59375 0.4375 0.625 0.4375 0.625 0.4375 0.59375 0.375 0.625 0.375 0.59375 0.06249994 0.5625 0.125 0.5625 0.06249994 0.578125 0 0.59375 0.06249994 0.5625 0.06249994 0.59375 0.5 0.5625 0.4375 0.59375 0.4375 0.59375 0.4375 0.5625 0.375 0.59375 0.375 0.59375 0.3125 0.5625 0.375 0.5625 0.3125 0.59375 0.3125 0.5625 0.25 0.59375 0.25 0.59375 0.1875 0.5625 0.25 0.5625 0.1875 0.59375 0.125 0.5625 0.1875 0.5625 0.125 0.5625 0.3125 0.53125 0.375 0.53125 0.3125 0.5625 0.3125 0.53125 0.25 0.5625 0.25 0.5625 0.1875 0.53125 0.25 0.53125 0.1875 0.5625 0.1875 0.53125 0.125 0.5625 0.125 0.5625 0.125 0.53125 0.06249994 0.5625 0.06249994 0.546875 0 0.5625 0.06249994 0.53125 0.06249994 0.5625 0.5 0.53125 0.4375 0.5625 0.4375 0.5625 0.4375 0.53125 0.375 0.5625 0.375 0.53125 0.125 0.5 0.06249994 0.53125 0.06249994 0.515625 0 0.53125 0.06249994 0.5 0.06249994 0.53125 0.5 0.5 0.4375 0.53125 0.4375 0.53125 0.4375 0.5 0.375 0.53125 0.375 0.53125 0.3125 0.5 0.375 0.5 0.3125 0.53125 0.3125 0.5 0.25 0.53125 0.25 0.53125 0.1875 0.5 0.25 0.5 0.1875 0.53125 0.125 0.5 0.1875 0.5 0.125 0.5 0.3125 0.46875 0.25 0.5 0.25 0.5 0.1875 0.46875 0.25 0.46875 0.1875 0.5 0.1875 0.46875 0.125 0.5 0.125 0.5 0.125 0.46875 0.06249994 0.5 0.06249994 0.484375 0 0.5 0.06249994 0.46875 0.06249994 0.5 0.5 0.46875 0.4375 0.5 0.4375 0.5 0.4375 0.46875 0.375 0.5 0.375 0.5 0.3125 0.46875 0.375 0.46875 0.3125 0.453125 0 0.46875 0.06249994 0.4375 0.06249994 0.46875 0.5 0.4375 0.4375 0.46875 0.4375 0.46875 0.4375 0.4375 0.375 0.46875 0.375 0.46875 0.3125 0.4375 0.375 0.4375 0.3125 0.46875 0.3125 0.4375 0.25 0.46875 0.25 0.46875 0.1875 0.4375 0.25 0.4375 0.1875 0.46875 0.125 0.4375 0.1875 0.4375 0.125 0.46875 0.125 0.4375 0.06249994 0.46875 0.06249994 0.4375 0.1875 0.40625 0.25 0.40625 0.1875 0.4375 0.125 0.40625 0.1875 0.40625 0.125 0.4375 0.06249994 0.40625 0.125 0.40625 0.06249994 0.421875 0 0.4375 0.06249994 0.40625 0.06249994 0.4375 0.5 0.40625 0.4375 0.4375 0.4375 0.4375 0.4375 0.40625 0.375 0.4375 0.375 0.4375 0.3125 0.40625 0.375 0.40625 0.3125 0.4375 0.3125 0.40625 0.25 0.4375 0.25 0.40625 0.5 0.375 0.4375 0.40625 0.4375 0.40625 0.4375 0.375 0.375 0.40625 0.375 0.40625 0.3125 0.375 0.375 0.375 0.3125 0.40625 0.3125 0.375 0.25 0.40625 0.25 0.40625 0.1875 0.375 0.25 0.375 0.1875 0.40625 0.125 0.375 0.1875 0.375 0.125 0.40625 0.06249994 0.375 0.125 0.375 0.06249994 0.390625 0 0.40625 0.06249994 0.375 0.06249994 0.375 0.1875 0.34375 0.25 0.34375 0.1875 0.375 0.1875 0.34375 0.125 0.375 0.125 0.375 0.125 0.34375 0.06249994 0.375 0.06249994 0.359375 0 0.375 0.06249994 0.34375 0.06249994 0.375 0.5 0.34375 0.4375 0.375 0.4375 0.375 0.4375 0.34375 0.375 0.375 0.375 0.375 0.3125 0.34375 0.375 0.34375 0.3125 0.375 0.3125 0.34375 0.25 0.375 0.25 0.34375 0.4375 0.3125 0.375 0.34375 0.375 0.34375 0.3125 0.3125 0.375 0.3125 0.3125 0.34375 0.3125 0.3125 0.25 0.34375 0.25 0.34375 0.1875 0.3125 0.25 0.3125 0.1875 0.34375 0.125 0.3125 0.1875 0.3125 0.125 0.34375 0.06249994 0.3125 0.125 0.3125 0.06249994 0.328125 0 0.34375 0.06249994 0.3125 0.06249994 0.34375 0.5 0.3125 0.4375 0.34375 0.4375 0.3125 0.125 0.28125 0.1875 0.28125 0.125 0.3125 0.06249994 0.28125 0.125 0.28125 0.06249994 0.296875 0 0.3125 0.06249994 0.28125 0.06249994 0.3125 0.5 0.28125 0.4375 0.3125 0.4375 0.3125 0.4375 0.28125 0.375 0.3125 0.375 0.3125 0.3125 0.28125 0.375 0.28125 0.3125 0.3125 0.3125 0.28125 0.25 0.3125 0.25 0.3125 0.1875 0.28125 0.25 0.28125 0.1875 0.28125 0.4375 0.25 0.375 0.28125 0.375 0.28125 0.3125 0.25 0.375 0.25 0.3125 0.28125 0.3125 0.25 0.25 0.28125 0.25 0.28125 0.1875 0.25 0.25 0.25 0.1875 0.28125 0.125 0.25 0.1875 0.25 0.125 0.28125 0.125 0.25 0.06249994 0.28125 0.06249994 0.265625 0 0.28125 0.06249994 0.25 0.06249994 0.28125 0.5 0.25 0.4375 0.28125 0.4375 0.25 0.1875 0.21875 0.125 0.25 0.125 0.25 0.125 0.21875 0.06249994 0.25 0.06249994 0.234375 0 0.25 0.06249994 0.21875 0.06249994 0.25 0.5 0.21875 0.4375 0.25 0.4375 0.25 0.4375 0.21875 0.375 0.25 0.375 0.25 0.3125 0.21875 0.375 0.21875 0.3125 0.25 0.3125 0.21875 0.25 0.25 0.25 0.25 0.1875 0.21875 0.25 0.21875 0.1875 0.21875 0.3125 0.1875 0.375 0.1875 0.3125 0.21875 0.3125 0.1875 0.25 0.21875 0.25 0.21875 0.1875 0.1875 0.25 0.1875 0.1875 0.21875 0.125 0.1875 0.1875 0.1875 0.125 0.21875 0.125 0.1875 0.06249994 0.21875 0.06249994 0.203125 0 0.21875 0.06249994 0.1875 0.06249994 0.2187499 0.5 0.1875 0.4375 0.21875 0.4375 0.21875 0.4375 0.1875 0.375 0.21875 0.375 0.1875 0.125 0.15625 0.06249994 0.1875 0.06249994 0.171875 0 0.1875 0.06249994 0.15625 0.06249994 0.1875 0.5 0.15625 0.4375 0.1875 0.4375 0.1875 0.4375 0.15625 0.375 0.1875 0.375 0.1875 0.3125 0.15625 0.375 0.15625 0.3125 0.1875 0.3125 0.15625 0.25 0.1875 0.25 0.1875 0.1875 0.15625 0.25 0.15625 0.1874999 0.1875 0.1875 0.15625 0.125 0.1875 0.125 0.15625 0.3125 0.125 0.25 0.15625 0.25 0.15625 0.1874999 0.125 0.25 0.125 0.1874999 0.15625 0.1874999 0.125 0.125 0.15625 0.125 0.15625 0.06249994 0.125 0.125 0.125 0.06249994 0.140625 0 0.15625 0.06249994 0.125 0.06249994 0.1562499 0.5 0.125 0.4375 0.15625 0.4375 0.15625 0.4375 0.125 0.375 0.15625 0.375 0.15625 0.3125 0.125 0.375 0.125 0.3125 0.109375 0 0.125 0.06249994 0.09375 0.06249994 0.1249999 0.5 0.09374994 0.4375 0.125 0.4375 0.125 0.4375 0.09375 0.375 0.125 0.375 0.125 0.3125 0.09375 0.375 0.09375 0.3125 0.125 0.3125 0.09375 0.2499999 0.125 0.25 0.125 0.1874999 0.09375 0.2499999 0.09374994 0.1874999 0.125 0.1874999 0.09375 0.125 0.125 0.125 0.125 0.125 0.09375 0.06249994 0.125 0.06249994 0.09375 0.3125 0.0625 0.25 0.09375 0.2499999 0.09374994 0.1874999 0.0625 0.25 0.0625 0.1874999 0.09374994 0.1874999 0.0625 0.125 0.09375 0.125 0.09375 0.06249994 0.0625 0.125 0.0625 0.06249994 0.078125 0 0.09375 0.06249994 0.0625 0.06249994 0.09374994 0.5 0.0625 0.4375 0.09374994 0.4375 0.09374994 0.4375 0.0625 0.375 0.09375 0.375 0.09375 0.3125 0.0625 0.375 0.0625 0.3124999 0.04687494 0 0.0625 0.06249994 0.03125 0.06249994 0.06249994 0.5 0.03124994 0.4375 0.0625 0.4375 0.0625 0.4375 0.03125 0.375 0.0625 0.375 0.0625 0.3124999 0.03125 0.375 0.03124994 0.3125 0.0625 0.3124999 0.03125 0.25 0.0625 0.25 0.0625 0.1874999 0.03125 0.25 0.03124994 0.1874999 0.0625 0.1874999 0.03124994 0.125 0.0625 0.125 0.0625 0.06249994 0.03124994 0.125 0.03125 0.06249994 0.03124994 0.1874999 0 0.2499999 0 0.1874999 0.03124994 0.1874999 0 0.125 0.03124994 0.125 0.03125 0.06249994 0 0.125 0 0.06249994 0.015625 0 0.03125 0.06249994 0 0.06249994 0.03124994 0.5 0 0.4375 0.03124994 0.4375 0.03124994 0.4375 0 0.375 0.03125 0.375 0.03124994 0.3125 0 0.375 0 0.3125 0.03124994 0.3125 0 0.2499999 0.03125 0.25 1 0.5 0.96875 0.4375 1 0.4375 1 0.4375 0.96875 0.375 1 0.375 1 0.3125 0.96875 0.375 0.96875 0.3124999 1 0.3125 0.96875 0.2499999 1 0.2499999 1 0.1874999 0.96875 0.2499999 0.96875 0.1874999 1 0.1874999 0.96875 0.125 1 0.125 1 0.125 0.96875 0.06249994 1 0.06249994 0.984375 0 1 0.06249994 0.96875 0.06249994 0.96875 0.1874999 0.9375 0.2499999 0.9375 0.1874999 0.96875 0.1874999 0.9375 0.125 0.96875 0.125 0.96875 0.125 0.9375 0.06249994 0.96875 0.06249994 0.953125 0 0.96875 0.06249994 0.9375 0.06249994 0.9687499 0.5 0.9375 0.4375 0.96875 0.4375 0.96875 0.4375 0.9375 0.375 0.96875 0.375 0.96875 0.3124999 0.9375 0.375 0.9375 0.3124999 0.96875 0.3124999 0.9375 0.2499999 0.96875 0.2499999 0.9375 0.4375 0.90625 0.375 0.9375 0.375 0.9375 0.3124999 0.90625 0.375 0.90625 0.3124999 0.9375 0.3124999 0.90625 0.2499999 0.9375 0.2499999 0.9375 0.1874999 0.90625 0.2499999 0.90625 0.1874999 0.9375 0.1874999 0.90625 0.125 0.9375 0.125 0.9375 0.06249994 0.90625 0.125 0.90625 0.06249994 0.921875 0 0.9375 0.06249994 0.90625 0.06249994 0.9374999 0.5 0.90625 0.4375 0.9375 0.4375 0.90625 0.1874999 0.875 0.125 0.90625 0.125 0.90625 0.125 0.875 0.06249994 0.90625 0.06249994 0.890625 0 0.90625 0.06249994 0.875 0.06249994 0.90625 0.5 0.875 0.4375 0.90625 0.4375 0.90625 0.4375 0.875 0.375 0.90625 0.375 0.90625 0.3124999 0.875 0.375 0.875 0.3124999 0.90625 0.3124999 0.875 0.2499999 0.90625 0.2499999 0.90625 0.1874999 0.875 0.2499999 0.8749999 0.1874999 0.875 0.3124999 0.84375 0.375 0.84375 0.3124999 0.875 0.3124999 0.84375 0.2499999 0.875 0.2499999 0.8749999 0.1874999 0.84375 0.2499999 0.84375 0.1874998 0.8749999 0.1874999 0.84375 0.125 0.875 0.125 0.875 0.06249994 0.84375 0.125 0.84375 0.06249994 0.859375 0 0.875 0.06249994 0.84375 0.06249994 0.8749999 0.5 0.84375 0.4375 0.875 0.4375 0.875 0.4375 0.84375 0.375 0.875 0.375 0.84375 0.125 0.8125 0.06249988 0.84375 0.06249994 0.828125 0 0.84375 0.06249994 0.8125 0.06249988 0.8437499 0.5 0.8125 0.4375 0.84375 0.4375 0.84375 0.4375 0.8125 0.375 0.84375 0.375 0.84375 0.3124999 0.8125 0.375 0.8125 0.3124999 0.84375 0.3124999 0.8125 0.2499999 0.84375 0.2499999 0.84375 0.1874998 0.8125 0.2499999 0.8125 0.1874998 0.84375 0.1874998 0.8125 0.125 0.84375 0.125 0.8125 0.3124999 0.78125 0.375 0.78125 0.3124999 0.8125 0.3124999 0.78125 0.25 0.8125 0.2499999 0.8125 0.1874998 0.78125 0.25 0.78125 0.1874998 0.8125 0.1874998 0.78125 0.125 0.8125 0.125 0.8125 0.06249988 0.78125 0.125 0.78125 0.06249988 0.796875 0 0.8125 0.06249988 0.78125 0.06249988 0.8125 0.5 0.78125 0.4375 0.8125 0.4375 0.8125 0.4375 0.78125 0.375 0.8125 0.375 0.78125 0.125 0.75 0.06249988 0.78125 0.06249988 0.765625 0 0.78125 0.06249988 0.75 0.06249988 0.7812499 0.5 0.75 0.4375 0.78125 0.4375 0.78125 0.4375 0.75 0.375 0.78125 0.375 0.78125 0.375 0.75 0.3125001 0.78125 0.3124999 0.78125 0.3124999 0.75 0.2499999 0.78125 0.25 0.78125 0.1874998 0.75 0.2499999 0.75 0.1874998 0.78125 0.1874998 0.75 0.125 0.78125 0.125 0.75 0.125 0.71875 0.06249994 0.75 0.06249988 0.734375 0 0.75 0.06249988 0.71875 0.06249994 0.75 0.5 0.71875 0.4375 0.75 0.4375 0.75 0.4375 0.71875 0.375 0.75 0.375 0.75 0.375 0.71875 0.3125 0.75 0.3125001 0.75 0.3125001 0.71875 0.25 0.75 0.2499999 0.75 0.2499999 0.71875 0.1875 0.75 0.1874998 0.75 0.1874998 0.71875 0.125 0.75 0.125 0.71875 0.125 0.6875 0.1875 0.6875 0.125 0.71875 0.06249994 0.6875 0.125 0.6875 0.06249994 0.703125 0 0.71875 0.06249994 0.6875 0.06249994 0.71875 0.5 0.6875 0.4375 0.71875 0.4375 0.71875 0.4375 0.6875 0.375 0.71875 0.375 0.71875 0.3125 0.6875 0.375 0.6875 0.3125 0.71875 0.25 0.6875 0.3125 0.6875 0.25 0.71875 0.1875 0.6875 0.25 0.6875 0.1875 0.6875 0.4375 0.65625 0.375 0.6875 0.375 0.6875 0.3125 0.65625 0.375 0.65625 0.3125 0.6875 0.3125 0.65625 0.25 0.6875 0.25 0.6875 0.1875 0.65625 0.25 0.65625 0.1875 0.6875 0.125 0.65625 0.1875 0.65625 0.125 0.6875 0.06249994 0.65625 0.125 0.65625 0.06249994 0.671875 0 0.6875 0.06249994 0.65625 0.06249994 0.6875 0.5 0.65625 0.4375 0.6875 0.4375 0.65625 0.125 0.625 0.1875 0.625 0.125 0.65625 0.06249994 0.625 0.125 0.625 0.06249994 0.640625 0 0.65625 0.06249994 0.625 0.06249994 0.65625 0.5 0.625 0.4375 0.65625 0.4375 0.65625 0.4375 0.625 0.375 0.65625 0.375 0.65625 0.3125 0.625 0.375 0.625 0.3125 0.65625 0.3125 0.625 0.25 0.65625 0.25 0.65625 0.1875 0.625 0.25 0.625 0.1875 0.625 0.3125 0.59375 0.375 0.59375 0.3125 0.625 0.3125 0.59375 0.25 0.625 0.25 0.625 0.1875 0.59375 0.25 0.59375 0.1875 0.625 0.1875 0.59375 0.125 0.625 0.125 0.625 0.125 0.59375 0.06249994 0.625 0.06249994 0.609375 0 0.625 0.06249994 0.59375 0.06249994 0.625 0.5 0.59375 0.4375 0.625 0.4375 0.625 0.4375 0.59375 0.375 0.625 0.375 0.59375 0.06249994 0.5625 0.125 0.5625 0.06249994 0.578125 0 0.59375 0.06249994 0.5625 0.06249994 0.59375 0.5 0.5625 0.4375 0.59375 0.4375 0.59375 0.4375 0.5625 0.375 0.59375 0.375 0.59375 0.3125 0.5625 0.375 0.5625 0.3125 0.59375 0.3125 0.5625 0.25 0.59375 0.25 0.59375 0.1875 0.5625 0.25 0.5625 0.1875 0.59375 0.125 0.5625 0.1875 0.5625 0.125 0.5625 0.3125 0.53125 0.375 0.53125 0.3125 0.5625 0.3125 0.53125 0.25 0.5625 0.25 0.5625 0.1875 0.53125 0.25 0.53125 0.1875 0.5625 0.1875 0.53125 0.125 0.5625 0.125 0.5625 0.125 0.53125 0.06249994 0.5625 0.06249994 0.546875 0 0.5625 0.06249994 0.53125 0.06249994 0.5625 0.5 0.53125 0.4375 0.5625 0.4375 0.5625 0.4375 0.53125 0.375 0.5625 0.375 0.53125 0.125 0.5 0.06249994 0.53125 0.06249994 0.515625 0 0.53125 0.06249994 0.5 0.06249994 0.53125 0.5 0.5 0.4375 0.53125 0.4375 0.53125 0.4375 0.5 0.375 0.53125 0.375 0.53125 0.3125 0.5 0.375 0.5 0.3125 0.53125 0.3125 0.5 0.25 0.53125 0.25 0.53125 0.1875 0.5 0.25 0.5 0.1875 0.53125 0.125 0.5 0.1875 0.5 0.125 0.5 0.3125 0.46875 0.25 0.5 0.25 0.5 0.1875 0.46875 0.25 0.46875 0.1875 0.5 0.1875 0.46875 0.125 0.5 0.125 0.5 0.06249994 0.46875 0.125 0.46875 0.06249994 0.484375 0 0.5 0.06249994 0.46875 0.06249994 0.5 0.5 0.46875 0.4375 0.5 0.4375 0.5 0.4375 0.46875 0.375 0.5 0.375 0.5 0.3125 0.46875 0.375 0.46875 0.3125 0.453125 0 0.46875 0.06249994 0.4375 0.06249994 0.46875 0.5 0.4375 0.4375 0.46875 0.4375 0.46875 0.4375 0.4375 0.375 0.46875 0.375 0.46875 0.3125 0.4375 0.375 0.4375 0.3125 0.46875 0.3125 0.4375 0.25 0.46875 0.25 0.46875 0.1875 0.4375 0.25 0.4375 0.1875 0.46875 0.125 0.4375 0.1875 0.4375 0.125 0.46875 0.06249994 0.4375 0.125 0.4375 0.06249994 0.4375 0.1875 0.40625 0.25 0.40625 0.1875 0.4375 0.1875 0.40625 0.125 0.4375 0.125 0.4375 0.06249994 0.40625 0.125 0.40625 0.06249994 0.421875 0 0.4375 0.06249994 0.40625 0.06249994 0.4375 0.5 0.40625 0.4375 0.4375 0.4375 0.4375 0.4375 0.40625 0.375 0.4375 0.375 0.4375 0.3125 0.40625 0.375 0.40625 0.3125 0.4375 0.3125 0.40625 0.25 0.4375 0.25 0.40625 0.5 0.375 0.4375 0.40625 0.4375 0.40625 0.4375 0.375 0.375 0.40625 0.375 0.40625 0.3125 0.375 0.375 0.375 0.3125 0.40625 0.3125 0.375 0.25 0.40625 0.25 0.40625 0.1875 0.375 0.25 0.375 0.1875 0.40625 0.1875 0.375 0.125 0.40625 0.125 0.40625 0.06249994 0.375 0.125 0.375 0.06249994 0.390625 0 0.40625 0.06249994 0.375 0.06249994 0.375 0.1875 0.34375 0.25 0.34375 0.1875 0.375 0.1875 0.34375 0.125 0.375 0.125 0.375 0.125 0.34375 0.06249994 0.375 0.06249994 0.359375 0 0.375 0.06249994 0.34375 0.06249994 0.375 0.5 0.34375 0.4375 0.375 0.4375 0.375 0.4375 0.34375 0.375 0.375 0.375 0.375 0.3125 0.34375 0.375 0.34375 0.3125 0.375 0.3125 0.34375 0.25 0.375 0.25 0.34375 0.4375 0.3125 0.375 0.34375 0.375 0.34375 0.3125 0.3125 0.375 0.3125 0.3125 0.34375 0.3125 0.3125 0.25 0.34375 0.25 0.34375 0.1875 0.3125 0.25 0.3125 0.1875 0.34375 0.125 0.3125 0.1875 0.3125 0.125 0.34375 0.06249994 0.3125 0.125 0.3125 0.06249994 0.328125 0 0.34375 0.06249994 0.3125 0.06249994 0.34375 0.5 0.3125 0.4375 0.34375 0.4375 0.3125 0.125 0.28125 0.1875 0.28125 0.125 0.3125 0.06249994 0.28125 0.125 0.28125 0.06249994 0.296875 0 0.3125 0.06249994 0.28125 0.06249994 0.3125 0.5 0.28125 0.4375 0.3125 0.4375 0.3125 0.4375 0.28125 0.375 0.3125 0.375 0.3125 0.3125 0.28125 0.375 0.28125 0.3125 0.3125 0.3125 0.28125 0.25 0.3125 0.25 0.3125 0.1875 0.28125 0.25 0.28125 0.1875 0.28125 0.4375 0.25 0.375 0.28125 0.375 0.28125 0.3125 0.25 0.375 0.25 0.3125 0.28125 0.3125 0.25 0.25 0.28125 0.25 0.28125 0.1875 0.25 0.25 0.25 0.1875 0.28125 0.125 0.25 0.1875 0.25 0.125 0.28125 0.125 0.25 0.06249994 0.28125 0.06249994 0.265625 0 0.28125 0.06249994 0.25 0.06249994 0.28125 0.5 0.25 0.4375 0.28125 0.4375 0.25 0.1875 0.21875 0.125 0.25 0.125 0.25 0.125 0.21875 0.06249994 0.25 0.06249994 0.234375 0 0.25 0.06249994 0.21875 0.06249994 0.25 0.5 0.21875 0.4375 0.25 0.4375 0.25 0.4375 0.21875 0.375 0.25 0.375 0.25 0.3125 0.21875 0.375 0.21875 0.3125 0.25 0.3125 0.21875 0.25 0.25 0.25 0.25 0.1875 0.21875 0.25 0.21875 0.1875 0.21875 0.3125 0.1875 0.375 0.1875 0.3125 0.21875 0.3125 0.1875 0.25 0.21875 0.25 0.21875 0.1875 0.1875 0.25 0.1875 0.1875 0.21875 0.125 0.1875 0.1875 0.1875 0.125 0.21875 0.06249994 0.1875 0.125 0.1875 0.06249994 0.203125 0 0.21875 0.06249994 0.1875 0.06249994 0.2187499 0.5 0.1875 0.4375 0.21875 0.4375 0.21875 0.4375 0.1875 0.375 0.21875 0.375 0.1875 0.06249994 0.15625 0.125 0.15625 0.06249994 0.171875 0 0.1875 0.06249994 0.15625 0.06249994 0.1875 0.5 0.15625 0.4375 0.1875 0.4375 0.1875 0.4375 0.15625 0.375 0.1875 0.375 0.1875 0.3125 0.15625 0.375 0.15625 0.3125 0.1875 0.3125 0.15625 0.25 0.1875 0.25 0.1875 0.1875 0.15625 0.25 0.15625 0.1874999 0.1875 0.125 0.15625 0.1874999 0.15625 0.125 0.15625 0.3125 0.125 0.25 0.15625 0.25 0.15625 0.1874999 0.125 0.25 0.125 0.1874999 0.15625 0.1874999 0.125 0.125 0.15625 0.125 0.15625 0.06249994 0.125 0.125 0.125 0.06249994 0.140625 0 0.15625 0.06249994 0.125 0.06249994 0.1562499 0.5 0.125 0.4375 0.15625 0.4375 0.15625 0.4375 0.125 0.375 0.15625 0.375 0.15625 0.3125 0.125 0.375 0.125 0.3125 0.109375 0 0.125 0.06249994 0.09375 0.06249994 0.1249999 0.5 0.09374994 0.4375 0.125 0.4375 0.125 0.4375 0.09375 0.375 0.125 0.375 0.125 0.3125 0.09375 0.375 0.09375 0.3125 0.125 0.3125 0.09375 0.2499999 0.125 0.25 0.125 0.1874999 0.09375 0.2499999 0.09374994 0.1874999 0.125 0.1874999 0.09375 0.125 0.125 0.125 0.125 0.06249994 0.09375 0.125 0.09375 0.06249994 0.09375 0.3125 0.0625 0.25 0.09375 0.2499999 0.09374994 0.1874999 0.0625 0.25 0.0625 0.1874999 0.09374994 0.1874999 0.0625 0.125 0.09375 0.125 0.09375 0.06249994 0.0625 0.125 0.0625 0.06249994 0.078125 0 0.09375 0.06249994 0.0625 0.06249994 0.09374994 0.5 0.0625 0.4375 0.09374994 0.4375 0.09374994 0.4375 0.0625 0.375 0.09375 0.375 0.09375 0.3125 0.0625 0.375 0.0625 0.3124999 0.04687494 0 0.0625 0.06249994 0.03125 0.06249994 0.06249994 0.5 0.03124994 0.4375 0.0625 0.4375 0.0625 0.4375 0.03125 0.375 0.0625 0.375 0.0625 0.3124999 0.03125 0.375 0.03124994 0.3125 0.0625 0.3124999 0.03125 0.25 0.0625 0.25 0.0625 0.1874999 0.03125 0.25 0.03124994 0.1874999 0.0625 0.125 0.03124994 0.1874999 0.03124994 0.125 0.0625 0.06249994 0.03124994 0.125 0.03125 0.06249994 0.03124994 0.1874999 0 0.2499999 0 0.1874999 0.03124994 0.1874999 0 0.125 0.03124994 0.125 0.03124994 0.125 0 0.06249994 0.03125 0.06249994 0.015625 0 0.03125 0.06249994 0 0.06249994 0.03124994 0.5 0 0.4375 0.03124994 0.4375 0.03124994 0.4375 0 0.375 0.03125 0.375 0.03124994 0.3125 0 0.375 0 0.3125 0.03124994 0.3125 0 0.2499999 0.03125 0.25 1 0.5 0.96875 0.4375 1 0.4375 1 0.4375 0.96875 0.375 1 0.375 1 0.3125 0.96875 0.375 0.96875 0.3124999 1 0.3125 0.96875 0.2499999 1 0.2499999 1 0.1874999 0.96875 0.2499999 0.96875 0.1874999 1 0.1874999 0.96875 0.125 1 0.125 1 0.125 0.96875 0.06249994 1 0.06249994 0.984375 0 1 0.06249994 0.96875 0.06249994 0.96875 0.1874999 0.9375 0.2499999 0.9375 0.1874999 0.96875 0.1874999 0.9375 0.125 0.96875 0.125 0.96875 0.125 0.9375 0.06249994 0.96875 0.06249994 0.953125 0 0.96875 0.06249994 0.9375 0.06249994 0.9687499 0.5 0.9375 0.4375 0.96875 0.4375 0.96875 0.4375 0.9375 0.375 0.96875 0.375 0.96875 0.3124999 0.9375 0.375 0.9375 0.3124999 0.96875 0.3124999 0.9375 0.2499999 0.96875 0.2499999 0.9375 0.4375 0.90625 0.375 0.9375 0.375 0.9375 0.3124999 0.90625 0.375 0.90625 0.3124999 0.9375 0.3124999 0.90625 0.2499999 0.9375 0.2499999 0.9375 0.1874999 0.90625 0.2499999 0.90625 0.1874999 0.9375 0.1874999 0.90625 0.125 0.9375 0.125 0.9375 0.06249994 0.90625 0.125 0.90625 0.06249994 0.921875 0 0.9375 0.06249994 0.90625 0.06249994 0.9374999 0.5 0.90625 0.4375 0.9375 0.4375 0.90625 0.1874999 0.875 0.125 0.90625 0.125 0.90625 0.125 0.875 0.06249994 0.90625 0.06249994 0.890625 0 0.90625 0.06249994 0.875 0.06249994 0.90625 0.5 0.875 0.4375 0.90625 0.4375 0.90625 0.4375 0.875 0.375 0.90625 0.375 0.90625 0.3124999 0.875 0.375 0.875 0.3124999 0.90625 0.3124999 0.875 0.2499999 0.90625 0.2499999 0.90625 0.1874999 0.875 0.2499999 0.8749999 0.1874999 0.875 0.3124999 0.84375 0.375 0.84375 0.3124999 0.875 0.3124999 0.84375 0.2499999 0.875 0.2499999 0.8749999 0.1874999 0.84375 0.2499999 0.84375 0.1874998 0.8749999 0.1874999 0.84375 0.125 0.875 0.125 0.71875 0.5 0.6875 0.5 0.6875 0.5 0.875 0.06249994 0.84375 0.125 0.84375 0.06249994 0.75 0.5 0.71875 0.5 0.71875 0.5 0.859375 0 0.875 0.06249994 0.84375 0.06249994 0.8749999 0.5 0.84375 0.4375 0.875 0.4375 0.875 0.4375 0.84375 0.375 0.875 0.375 0.84375 0.125 0.8125 0.06249988 0.84375 0.06249994 0.828125 0 0.84375 0.06249994 0.8125 0.06249988 0.8437499 0.5 0.8125 0.4375 0.84375 0.4375 0.84375 0.4375 0.8125 0.375 0.84375 0.375 0.84375 0.3124999 0.8125 0.375 0.8125 0.3124999 0.84375 0.3124999 0.8125 0.2499999 0.84375 0.2499999 0.84375 0.1874998 0.8125 0.2499999 0.8125 0.1874998 0.84375 0.1874998 0.8125 0.125 0.84375 0.125 0.8125 0.3124999 0.78125 0.375 0.78125 0.3124999 0.8125 0.3124999 0.78125 0.25 0.8125 0.2499999 0.8125 0.1874998 0.78125 0.25 0.78125 0.1874998 0.8125 0.1874998 0.78125 0.125 0.8125 0.125 0.8125 0.06249988 0.78125 0.125 0.78125 0.06249988 0.796875 0 0.8125 0.06249988 0.78125 0.06249988 0.8125 0.5 0.78125 0.4375 0.8125 0.4375 0.8125 0.4375 0.78125 0.375 0.8125 0.375 0.78125 0.125 0.75 0.06249988 0.78125 0.06249988 0.765625 0 0.78125 0.06249988 0.75 0.06249988 0.7812499 0.5 0.75 0.4375 0.78125 0.4375 0.78125 0.4375 0.75 0.375 0.78125 0.375 0.78125 0.375 0.75 0.3125001 0.78125 0.3124999 0.78125 0.3124999 0.75 0.2499999 0.78125 0.25 0.78125 0.1874998 0.75 0.2499999 0.75 0.1874998 0.78125 0.1874998 0.75 0.125 0.78125 0.125 0.6875 0.5 0.65625 0.5 0.6875 0.5 0.65625 0.5 0.625 0.5 0.625 0.5 0.625 0.5 0.59375 0.5 0.59375 0.5 0.59375 0.5 0.5625 0.5 0.5625 0.5 0.5625 0.5 0.53125 0.5 0.5625 0.5 0.53125 0.5 0.5 0.5 0.5 0.5 0.5 0.5 0.46875 0.5 0.46875 0.5 0.46875 0.5 0.4375 0.5 0.4375 0.5 0.4375 0.5 0.40625 0.5 0.40625 0.5 0.40625 0.5 0.375 0.5 0.375 0.5 0.375 0.5 0.34375 0.5 0.375 0.5 0.34375 0.5 0.3125 0.5 0.3125 0.5 0.3125 0.5 0.28125 0.5 0.28125 0.5 0.28125 0.5 0.25 0.5 0.25 0.5 0.25 0.5 0.2187499 0.5 0.2187499 0.5 0.2187499 0.5 0.1875 0.5 0.1875 0.5 0.1875 0.5 0.1562499 0.5 0.1562499 0.5 0.1562499 0.5 0.1249999 0.5 0.1249999 0.5 0.1249999 0.5 0.09374994 0.5 0.09374994 0.5 0.09374994 0.5 0.06249994 0.5 0.06249994 0.5 0.06249994 0.5 0.03124994 0.5 0.03124994 0.5 0.03124994 0.5 0 0.5 0.03124994 0.5 0.9687499 0.5 1 0.5 0.9687499 0.5 0.9687499 0.5 0.9374999 0.5 0.9374999 0.5 0.9374999 0.5 0.90625 0.5 0.90625 0.5 0.90625 0.5 0.8749999 0.5 0.90625 0.5 0.8749999 0.5 0.8437499 0.5 0.8437499 0.5 0.8437499 0.5 0.8125 0.5 0.8125 0.5 0.8125 0.5 0.7812499 0.5 0.7812499 0.5 0.7812499 0.5 0.75 0.5 0.7812499 0.5 0.75 0.125 0.71875 0.125 0.71875 0.06249994 0.75 0.5 0.71875 0.5 0.71875 0.4375 0.75 0.4375 0.71875 0.4375 0.71875 0.375 0.75 0.375 0.71875 0.375 0.71875 0.3125 0.75 0.2499999 0.75 0.3125001 0.71875 0.3125 0.75 0.2499999 0.71875 0.25 0.71875 0.1875 0.75 0.1874998 0.71875 0.1875 0.71875 0.125 0.71875 0.125 0.71875 0.1875 0.6875 0.1875 0.71875 0.125 0.6875 0.125 0.6875 0.06249994 0.71875 0.5 0.6875 0.5 0.6875 0.4375 0.71875 0.4375 0.6875 0.4375 0.6875 0.375 0.71875 0.3125 0.71875 0.375 0.6875 0.375 0.71875 0.25 0.71875 0.3125 0.6875 0.3125 0.71875 0.1875 0.71875 0.25 0.6875 0.25 0.6875 0.4375 0.65625 0.4375 0.65625 0.375 0.6875 0.3125 0.6875 0.375 0.65625 0.375 0.6875 0.25 0.6875 0.3125 0.65625 0.3125 0.6875 0.1875 0.6875 0.25 0.65625 0.25 0.6875 0.125 0.6875 0.1875 0.65625 0.1875 0.6875 0.06249994 0.6875 0.125 0.65625 0.125 0.6875 0.5 0.65625 0.5 0.65625 0.4375 0.65625 0.125 0.65625 0.1875 0.625 0.1875 0.65625 0.06249994 0.65625 0.125 0.625 0.125 0.65625 0.5 0.625 0.5 0.625 0.4375 0.65625 0.4375 0.625 0.4375 0.625 0.375 0.65625 0.3125 0.65625 0.375 0.625 0.375 0.65625 0.3125 0.625 0.3125 0.625 0.25 0.65625 0.1875 0.65625 0.25 0.625 0.25 0.625 0.3125 0.625 0.375 0.59375 0.375 0.625 0.3125 0.59375 0.3125 0.59375 0.25 0.625 0.1875 0.625 0.25 0.59375 0.25 0.625 0.1875 0.59375 0.1875 0.59375 0.125 0.625 0.125 0.59375 0.125 0.59375 0.06249994 0.625 0.5 0.59375 0.5 0.59375 0.4375 0.625 0.4375 0.59375 0.4375 0.59375 0.375 0.59375 0.06249994 0.59375 0.125 0.5625 0.125 0.59375 0.5 0.5625 0.5 0.5625 0.4375 0.59375 0.4375 0.5625 0.4375 0.5625 0.375 0.59375 0.3125 0.59375 0.375 0.5625 0.375 0.59375 0.3125 0.5625 0.3125 0.5625 0.25 0.59375 0.1875 0.59375 0.25 0.5625 0.25 0.59375 0.125 0.59375 0.1875 0.5625 0.1875 0.5625 0.3125 0.5625 0.375 0.53125 0.375 0.5625 0.3125 0.53125 0.3125 0.53125 0.25 0.5625 0.1875 0.5625 0.25 0.53125 0.25 0.5625 0.1875 0.53125 0.1875 0.53125 0.125 0.5625 0.125 0.53125 0.125 0.53125 0.06249994 0.5625 0.5 0.53125 0.5 0.53125 0.4375 0.5625 0.4375 0.53125 0.4375 0.53125 0.375 0.53125 0.125 0.5 0.125 0.5 0.06249994 0.53125 0.5 0.5 0.5 0.5 0.4375 0.53125 0.4375 0.5 0.4375 0.5 0.375 0.53125 0.3125 0.53125 0.375 0.5 0.375 0.53125 0.3125 0.5 0.3125 0.5 0.25 0.53125 0.1875 0.53125 0.25 0.5 0.25 0.53125 0.125 0.53125 0.1875 0.5 0.1875 0.5 0.3125 0.46875 0.3125 0.46875 0.25 0.5 0.1875 0.5 0.25 0.46875 0.25 0.5 0.1875 0.46875 0.1875 0.46875 0.125 0.5 0.125 0.46875 0.125 0.46875 0.06249994 0.5 0.5 0.46875 0.5 0.46875 0.4375 0.5 0.4375 0.46875 0.4375 0.46875 0.375 0.5 0.3125 0.5 0.375 0.46875 0.375 0.46875 0.5 0.4375 0.5 0.4375 0.4375 0.46875 0.4375 0.4375 0.4375 0.4375 0.375 0.46875 0.3125 0.46875 0.375 0.4375 0.375 0.46875 0.3125 0.4375 0.3125 0.4375 0.25 0.46875 0.1875 0.46875 0.25 0.4375 0.25 0.46875 0.125 0.46875 0.1875 0.4375 0.1875 0.46875 0.125 0.4375 0.125 0.4375 0.06249994 0.4375 0.1875 0.4375 0.25 0.40625 0.25 0.4375 0.125 0.4375 0.1875 0.40625 0.1875 0.4375 0.06249994 0.4375 0.125 0.40625 0.125 0.4375 0.5 0.40625 0.5 0.40625 0.4375 0.4375 0.4375 0.40625 0.4375 0.40625 0.375 0.4375 0.3125 0.4375 0.375 0.40625 0.375 0.4375 0.3125 0.40625 0.3125 0.40625 0.25 0.40625 0.5 0.375 0.5 0.375 0.4375 0.40625 0.4375 0.375 0.4375 0.375 0.375 0.40625 0.3125 0.40625 0.375 0.375 0.375 0.40625 0.3125 0.375 0.3125 0.375 0.25 0.40625 0.1875 0.40625 0.25 0.375 0.25 0.40625 0.125 0.40625 0.1875 0.375 0.1875 0.40625 0.06249994 0.40625 0.125 0.375 0.125 0.375 0.1875 0.375 0.25 0.34375 0.25 0.375 0.1875 0.34375 0.1875 0.34375 0.125 0.375 0.125 0.34375 0.125 0.34375 0.06249994 0.375 0.5 0.34375 0.5 0.34375 0.4375 0.375 0.4375 0.34375 0.4375 0.34375 0.375 0.375 0.3125 0.375 0.375 0.34375 0.375 0.375 0.3125 0.34375 0.3125 0.34375 0.25 0.34375 0.4375 0.3125 0.4375 0.3125 0.375 0.34375 0.3125 0.34375 0.375 0.3125 0.375 0.34375 0.3125 0.3125 0.3125 0.3125 0.25 0.34375 0.1875 0.34375 0.25 0.3125 0.25 0.34375 0.125 0.34375 0.1875 0.3125 0.1875 0.34375 0.06249994 0.34375 0.125 0.3125 0.125 0.34375 0.5 0.3125 0.5 0.3125 0.4375 0.3125 0.125 0.3125 0.1875 0.28125 0.1875 0.3125 0.06249994 0.3125 0.125 0.28125 0.125 0.3125 0.5 0.28125 0.5 0.28125 0.4375 0.3125 0.4375 0.28125 0.4375 0.28125 0.375 0.3125 0.3125 0.3125 0.375 0.28125 0.375 0.3125 0.3125 0.28125 0.3125 0.28125 0.25 0.3125 0.1875 0.3125 0.25 0.28125 0.25 0.28125 0.4375 0.25 0.4375 0.25 0.375 0.28125 0.3125 0.28125 0.375 0.25 0.375 0.28125 0.3125 0.25 0.3125 0.25 0.25 0.28125 0.1875 0.28125 0.25 0.25 0.25 0.28125 0.125 0.28125 0.1875 0.25 0.1875 0.28125 0.125 0.25 0.125 0.25 0.06249994 0.28125 0.5 0.25 0.5 0.25 0.4375 0.25 0.1875 0.21875 0.1875 0.21875 0.125 0.25 0.125 0.21875 0.125 0.21875 0.06249994 0.25 0.5 0.2187499 0.5 0.21875 0.4375 0.25 0.4375 0.21875 0.4375 0.21875 0.375 0.25 0.3125 0.25 0.375 0.21875 0.375 0.25 0.3125 0.21875 0.3125 0.21875 0.25 0.25 0.1875 0.25 0.25 0.21875 0.25 0.21875 0.3125 0.21875 0.375 0.1875 0.375 0.21875 0.3125 0.1875 0.3125 0.1875 0.25 0.21875 0.1875 0.21875 0.25 0.1875 0.25 0.21875 0.125 0.21875 0.1875 0.1875 0.1875 0.21875 0.125 0.1875 0.125 0.1875 0.06249994 0.2187499 0.5 0.1875 0.5 0.1875 0.4375 0.21875 0.4375 0.1875 0.4375 0.1875 0.375 0.1875 0.125 0.15625 0.125 0.15625 0.06249994 0.1875 0.5 0.1562499 0.5 0.15625 0.4375 0.1875 0.4375 0.15625 0.4375 0.15625 0.375 0.1875 0.3125 0.1875 0.375 0.15625 0.375 0.1875 0.3125 0.15625 0.3125 0.15625 0.25 0.1875 0.1875 0.1875 0.25 0.15625 0.25 0.1875 0.1875 0.15625 0.1874999 0.15625 0.125 0.15625 0.3125 0.125 0.3125 0.125 0.25 0.15625 0.1874999 0.15625 0.25 0.125 0.25 0.15625 0.1874999 0.125 0.1874999 0.125 0.125 0.15625 0.06249994 0.15625 0.125 0.125 0.125 0.1562499 0.5 0.1249999 0.5 0.125 0.4375 0.15625 0.4375 0.125 0.4375 0.125 0.375 0.15625 0.3125 0.15625 0.375 0.125 0.375 0.1249999 0.5 0.09374994 0.5 0.09374994 0.4375 0.125 0.4375 0.09374994 0.4375 0.09375 0.375 0.125 0.3125 0.125 0.375 0.09375 0.375 0.125 0.3125 0.09375 0.3125 0.09375 0.2499999 0.125 0.1874999 0.125 0.25 0.09375 0.2499999 0.125 0.1874999 0.09374994 0.1874999 0.09375 0.125 0.125 0.125 0.09375 0.125 0.09375 0.06249994 0.09375 0.3125 0.0625 0.3124999 0.0625 0.25 0.09374994 0.1874999 0.09375 0.2499999 0.0625 0.25 0.09374994 0.1874999 0.0625 0.1874999 0.0625 0.125 0.09375 0.06249994 0.09375 0.125 0.0625 0.125 0.09374994 0.5 0.06249994 0.5 0.0625 0.4375 0.09374994 0.4375 0.0625 0.4375 0.0625 0.375 0.09375 0.3125 0.09375 0.375 0.0625 0.375 0.06249994 0.5 0.03124994 0.5 0.03124994 0.4375 0.0625 0.4375 0.03124994 0.4375 0.03125 0.375 0.0625 0.3124999 0.0625 0.375 0.03125 0.375 0.0625 0.3124999 0.03124994 0.3125 0.03125 0.25 0.0625 0.1874999 0.0625 0.25 0.03125 0.25 0.0625 0.1874999 0.03124994 0.1874999 0.03124994 0.125 0.0625 0.06249994 0.0625 0.125 0.03124994 0.125 0.03124994 0.1874999 0.03125 0.25 0 0.2499999 0.03124994 0.1874999 0 0.1874999 0 0.125 0.03125 0.06249994 0.03124994 0.125 0 0.125 0.03124994 0.5 0 0.5 0 0.4375 0.03124994 0.4375 0 0.4375 0 0.375 0.03124994 0.3125 0.03125 0.375 0 0.375 0.03124994 0.3125 0 0.3125 0 0.2499999 1 0.5 0.9687499 0.5 0.96875 0.4375 1 0.4375 0.96875 0.4375 0.96875 0.375 1 0.3125 1 0.375 0.96875 0.375 1 0.3125 0.96875 0.3124999 0.96875 0.2499999 1 0.1874999 1 0.2499999 0.96875 0.2499999 1 0.1874999 0.96875 0.1874999 0.96875 0.125 1 0.125 0.96875 0.125 0.96875 0.06249994 0.96875 0.1874999 0.96875 0.2499999 0.9375 0.2499999 0.96875 0.1874999 0.9375 0.1874999 0.9375 0.125 0.96875 0.125 0.9375 0.125 0.9375 0.06249994 0.9687499 0.5 0.9374999 0.5 0.9375 0.4375 0.96875 0.4375 0.9375 0.4375 0.9375 0.375 0.96875 0.3124999 0.96875 0.375 0.9375 0.375 0.96875 0.3124999 0.9375 0.3124999 0.9375 0.2499999 0.9375 0.4375 0.90625 0.4375 0.90625 0.375 0.9375 0.3124999 0.9375 0.375 0.90625 0.375 0.9375 0.3124999 0.90625 0.3124999 0.90625 0.2499999 0.9375 0.1874999 0.9375 0.2499999 0.90625 0.2499999 0.9375 0.1874999 0.90625 0.1874999 0.90625 0.125 0.9375 0.06249994 0.9375 0.125 0.90625 0.125 0.9374999 0.5 0.90625 0.5 0.90625 0.4375 0.90625 0.1874999 0.8749999 0.1874999 0.875 0.125 0.90625 0.125 0.875 0.125 0.875 0.06249994 0.90625 0.5 0.8749999 0.5 0.875 0.4375 0.90625 0.4375 0.875 0.4375 0.875 0.375 0.90625 0.3124999 0.90625 0.375 0.875 0.375 0.90625 0.3124999 0.875 0.3124999 0.875 0.2499999 0.90625 0.1874999 0.90625 0.2499999 0.875 0.2499999 0.875 0.3124999 0.875 0.375 0.84375 0.375 0.875 0.3124999 0.84375 0.3124999 0.84375 0.2499999 0.8749999 0.1874999 0.875 0.2499999 0.84375 0.2499999 0.8749999 0.1874999 0.84375 0.1874998 0.84375 0.125 0.875 0.06249994 0.875 0.125 0.84375 0.125 0.8749999 0.5 0.8437499 0.5 0.84375 0.4375 0.875 0.4375 0.84375 0.4375 0.84375 0.375 0.84375 0.125 0.8125 0.125 0.8125 0.06249988 0.8437499 0.5 0.8125 0.5 0.8125 0.4375 0.84375 0.4375 0.8125 0.4375 0.8125 0.375 0.84375 0.3124999 0.84375 0.375 0.8125 0.375 0.84375 0.3124999 0.8125 0.3124999 0.8125 0.2499999 0.84375 0.1874998 0.84375 0.2499999 0.8125 0.2499999 0.84375 0.1874998 0.8125 0.1874998 0.8125 0.125 0.8125 0.3124999 0.8125 0.375 0.78125 0.375 0.8125 0.3124999 0.78125 0.3124999 0.78125 0.25 0.8125 0.1874998 0.8125 0.2499999 0.78125 0.25 0.8125 0.1874998 0.78125 0.1874998 0.78125 0.125 0.8125 0.06249988 0.8125 0.125 0.78125 0.125 0.8125 0.5 0.7812499 0.5 0.78125 0.4375 0.8125 0.4375 0.78125 0.4375 0.78125 0.375 0.78125 0.125 0.75 0.125 0.75 0.06249988 0.7812499 0.5 0.75 0.5 0.75 0.4375 0.78125 0.4375 0.75 0.4375 0.75 0.375 0.78125 0.375 0.75 0.375 0.75 0.3125001 0.78125 0.3124999 0.75 0.3125001 0.75 0.2499999 0.78125 0.1874998 0.78125 0.25 0.75 0.2499999 0.78125 0.1874998 0.75 0.1874998 0.75 0.125 0.75 0.125 0.71875 0.125 0.71875 0.06249994 0.75 0.5 0.71875 0.5 0.71875 0.4375 0.75 0.4375 0.71875 0.4375 0.71875 0.375 0.75 0.375 0.71875 0.375 0.71875 0.3125 0.75 0.3125001 0.71875 0.3125 0.71875 0.25 0.75 0.2499999 0.71875 0.25 0.71875 0.1875 0.75 0.1874998 0.71875 0.1875 0.71875 0.125 0.71875 0.125 0.71875 0.1875 0.6875 0.1875 0.71875 0.06249994 0.71875 0.125 0.6875 0.125 0.71875 0.5 0.6875 0.5 0.6875 0.4375 0.71875 0.4375 0.6875 0.4375 0.6875 0.375 0.71875 0.3125 0.71875 0.375 0.6875 0.375 0.71875 0.25 0.71875 0.3125 0.6875 0.3125 0.71875 0.1875 0.71875 0.25 0.6875 0.25 0.6875 0.4375 0.65625 0.4375 0.65625 0.375 0.6875 0.3125 0.6875 0.375 0.65625 0.375 0.6875 0.3125 0.65625 0.3125 0.65625 0.25 0.6875 0.1875 0.6875 0.25 0.65625 0.25 0.6875 0.125 0.6875 0.1875 0.65625 0.1875 0.6875 0.06249994 0.6875 0.125 0.65625 0.125 0.6875 0.5 0.65625 0.5 0.65625 0.4375 0.65625 0.125 0.65625 0.1875 0.625 0.1875 0.65625 0.06249994 0.65625 0.125 0.625 0.125 0.65625 0.5 0.625 0.5 0.625 0.4375 0.65625 0.4375 0.625 0.4375 0.625 0.375 0.65625 0.3125 0.65625 0.375 0.625 0.375 0.65625 0.3125 0.625 0.3125 0.625 0.25 0.65625 0.1875 0.65625 0.25 0.625 0.25 0.625 0.3125 0.625 0.375 0.59375 0.375 0.625 0.3125 0.59375 0.3125 0.59375 0.25 0.625 0.1875 0.625 0.25 0.59375 0.25 0.625 0.1875 0.59375 0.1875 0.59375 0.125 0.625 0.125 0.59375 0.125 0.59375 0.06249994 0.625 0.5 0.59375 0.5 0.59375 0.4375 0.625 0.4375 0.59375 0.4375 0.59375 0.375 0.59375 0.06249994 0.59375 0.125 0.5625 0.125 0.59375 0.5 0.5625 0.5 0.5625 0.4375 0.59375 0.4375 0.5625 0.4375 0.5625 0.375 0.59375 0.3125 0.59375 0.375 0.5625 0.375 0.59375 0.3125 0.5625 0.3125 0.5625 0.25 0.59375 0.1875 0.59375 0.25 0.5625 0.25 0.59375 0.125 0.59375 0.1875 0.5625 0.1875 0.5625 0.3125 0.5625 0.375 0.53125 0.375 0.5625 0.3125 0.53125 0.3125 0.53125 0.25 0.5625 0.1875 0.5625 0.25 0.53125 0.25 0.5625 0.1875 0.53125 0.1875 0.53125 0.125 0.5625 0.125 0.53125 0.125 0.53125 0.06249994 0.5625 0.5 0.53125 0.5 0.53125 0.4375 0.5625 0.4375 0.53125 0.4375 0.53125 0.375 0.53125 0.125 0.5 0.125 0.5 0.06249994 0.53125 0.5 0.5 0.5 0.5 0.4375 0.53125 0.4375 0.5 0.4375 0.5 0.375 0.53125 0.3125 0.53125 0.375 0.5 0.375 0.53125 0.3125 0.5 0.3125 0.5 0.25 0.53125 0.1875 0.53125 0.25 0.5 0.25 0.53125 0.125 0.53125 0.1875 0.5 0.1875 0.5 0.3125 0.46875 0.3125 0.46875 0.25 0.5 0.1875 0.5 0.25 0.46875 0.25 0.5 0.1875 0.46875 0.1875 0.46875 0.125 0.5 0.06249994 0.5 0.125 0.46875 0.125 0.5 0.5 0.46875 0.5 0.46875 0.4375 0.5 0.4375 0.46875 0.4375 0.46875 0.375 0.5 0.3125 0.5 0.375 0.46875 0.375 0.46875 0.5 0.4375 0.5 0.4375 0.4375 0.46875 0.4375 0.4375 0.4375 0.4375 0.375 0.46875 0.3125 0.46875 0.375 0.4375 0.375 0.46875 0.3125 0.4375 0.3125 0.4375 0.25 0.46875 0.1875 0.46875 0.25 0.4375 0.25 0.46875 0.125 0.46875 0.1875 0.4375 0.1875 0.46875 0.06249994 0.46875 0.125 0.4375 0.125 0.4375 0.1875 0.4375 0.25 0.40625 0.25 0.4375 0.1875 0.40625 0.1875 0.40625 0.125 0.4375 0.06249994 0.4375 0.125 0.40625 0.125 0.4375 0.5 0.40625 0.5 0.40625 0.4375 0.4375 0.4375 0.40625 0.4375 0.40625 0.375 0.4375 0.3125 0.4375 0.375 0.40625 0.375 0.4375 0.3125 0.40625 0.3125 0.40625 0.25 0.40625 0.5 0.375 0.5 0.375 0.4375 0.40625 0.4375 0.375 0.4375 0.375 0.375 0.40625 0.3125 0.40625 0.375 0.375 0.375 0.40625 0.3125 0.375 0.3125 0.375 0.25 0.40625 0.1875 0.40625 0.25 0.375 0.25 0.40625 0.1875 0.375 0.1875 0.375 0.125 0.40625 0.06249994 0.40625 0.125 0.375 0.125 0.375 0.1875 0.375 0.25 0.34375 0.25 0.375 0.1875 0.34375 0.1875 0.34375 0.125 0.375 0.125 0.34375 0.125 0.34375 0.06249994 0.375 0.5 0.34375 0.5 0.34375 0.4375 0.375 0.4375 0.34375 0.4375 0.34375 0.375 0.375 0.3125 0.375 0.375 0.34375 0.375 0.375 0.3125 0.34375 0.3125 0.34375 0.25 0.34375 0.4375 0.3125 0.4375 0.3125 0.375 0.34375 0.3125 0.34375 0.375 0.3125 0.375 0.34375 0.3125 0.3125 0.3125 0.3125 0.25 0.34375 0.1875 0.34375 0.25 0.3125 0.25 0.34375 0.125 0.34375 0.1875 0.3125 0.1875 0.34375 0.06249994 0.34375 0.125 0.3125 0.125 0.34375 0.5 0.3125 0.5 0.3125 0.4375 0.3125 0.125 0.3125 0.1875 0.28125 0.1875 0.3125 0.06249994 0.3125 0.125 0.28125 0.125 0.3125 0.5 0.28125 0.5 0.28125 0.4375 0.3125 0.4375 0.28125 0.4375 0.28125 0.375 0.3125 0.3125 0.3125 0.375 0.28125 0.375 0.3125 0.3125 0.28125 0.3125 0.28125 0.25 0.3125 0.1875 0.3125 0.25 0.28125 0.25 0.28125 0.4375 0.25 0.4375 0.25 0.375 0.28125 0.3125 0.28125 0.375 0.25 0.375 0.28125 0.3125 0.25 0.3125 0.25 0.25 0.28125 0.1875 0.28125 0.25 0.25 0.25 0.28125 0.125 0.28125 0.1875 0.25 0.1875 0.28125 0.125 0.25 0.125 0.25 0.06249994 0.28125 0.5 0.25 0.5 0.25 0.4375 0.25 0.1875 0.21875 0.1875 0.21875 0.125 0.25 0.125 0.21875 0.125 0.21875 0.06249994 0.25 0.5 0.2187499 0.5 0.21875 0.4375 0.25 0.4375 0.21875 0.4375 0.21875 0.375 0.25 0.3125 0.25 0.375 0.21875 0.375 0.25 0.3125 0.21875 0.3125 0.21875 0.25 0.25 0.1875 0.25 0.25 0.21875 0.25 0.21875 0.3125 0.21875 0.375 0.1875 0.375 0.21875 0.3125 0.1875 0.3125 0.1875 0.25 0.21875 0.1875 0.21875 0.25 0.1875 0.25 0.21875 0.125 0.21875 0.1875 0.1875 0.1875 0.21875 0.06249994 0.21875 0.125 0.1875 0.125 0.2187499 0.5 0.1875 0.5 0.1875 0.4375 0.21875 0.4375 0.1875 0.4375 0.1875 0.375 0.1875 0.06249994 0.1875 0.125 0.15625 0.125 0.1875 0.5 0.1562499 0.5 0.15625 0.4375 0.1875 0.4375 0.15625 0.4375 0.15625 0.375 0.1875 0.3125 0.1875 0.375 0.15625 0.375 0.1875 0.3125 0.15625 0.3125 0.15625 0.25 0.1875 0.1875 0.1875 0.25 0.15625 0.25 0.1875 0.125 0.1875 0.1875 0.15625 0.1874999 0.15625 0.3125 0.125 0.3125 0.125 0.25 0.15625 0.1874999 0.15625 0.25 0.125 0.25 0.15625 0.1874999 0.125 0.1874999 0.125 0.125 0.15625 0.06249994 0.15625 0.125 0.125 0.125 0.1562499 0.5 0.1249999 0.5 0.125 0.4375 0.15625 0.4375 0.125 0.4375 0.125 0.375 0.15625 0.3125 0.15625 0.375 0.125 0.375 0.1249999 0.5 0.09374994 0.5 0.09374994 0.4375 0.125 0.4375 0.09374994 0.4375 0.09375 0.375 0.125 0.3125 0.125 0.375 0.09375 0.375 0.125 0.3125 0.09375 0.3125 0.09375 0.2499999 0.125 0.1874999 0.125 0.25 0.09375 0.2499999 0.125 0.1874999 0.09374994 0.1874999 0.09375 0.125 0.125 0.06249994 0.125 0.125 0.09375 0.125 0.09375 0.3125 0.0625 0.3124999 0.0625 0.25 0.09374994 0.1874999 0.09375 0.2499999 0.0625 0.25 0.09374994 0.1874999 0.0625 0.1874999 0.0625 0.125 0.09375 0.06249994 0.09375 0.125 0.0625 0.125 0.09374994 0.5 0.06249994 0.5 0.0625 0.4375 0.09374994 0.4375 0.0625 0.4375 0.0625 0.375 0.09375 0.3125 0.09375 0.375 0.0625 0.375 0.06249994 0.5 0.03124994 0.5 0.03124994 0.4375 0.0625 0.4375 0.03124994 0.4375 0.03125 0.375 0.0625 0.3124999 0.0625 0.375 0.03125 0.375 0.0625 0.3124999 0.03124994 0.3125 0.03125 0.25 0.0625 0.1874999 0.0625 0.25 0.03125 0.25 0.0625 0.125 0.0625 0.1874999 0.03124994 0.1874999 0.0625 0.06249994 0.0625 0.125 0.03124994 0.125 0.03124994 0.1874999 0.03125 0.25 0 0.2499999 0.03124994 0.1874999 0 0.1874999 0 0.125 0.03124994 0.125 0 0.125 0 0.06249994 0.03124994 0.5 0 0.5 0 0.4375 0.03124994 0.4375 0 0.4375 0 0.375 0.03124994 0.3125 0.03125 0.375 0 0.375 0.03124994 0.3125 0 0.3125 0 0.2499999 1 0.5 0.9687499 0.5 0.96875 0.4375 1 0.4375 0.96875 0.4375 0.96875 0.375 1 0.3125 1 0.375 0.96875 0.375 1 0.3125 0.96875 0.3124999 0.96875 0.2499999 1 0.1874999 1 0.2499999 0.96875 0.2499999 1 0.1874999 0.96875 0.1874999 0.96875 0.125 1 0.125 0.96875 0.125 0.96875 0.06249994 0.96875 0.1874999 0.96875 0.2499999 0.9375 0.2499999 0.96875 0.1874999 0.9375 0.1874999 0.9375 0.125 0.96875 0.125 0.9375 0.125 0.9375 0.06249994 0.9687499 0.5 0.9374999 0.5 0.9375 0.4375 0.96875 0.4375 0.9375 0.4375 0.9375 0.375 0.96875 0.3124999 0.96875 0.375 0.9375 0.375 0.96875 0.3124999 0.9375 0.3124999 0.9375 0.2499999 0.9375 0.4375 0.90625 0.4375 0.90625 0.375 0.9375 0.3124999 0.9375 0.375 0.90625 0.375 0.9375 0.3124999 0.90625 0.3124999 0.90625 0.2499999 0.9375 0.1874999 0.9375 0.2499999 0.90625 0.2499999 0.9375 0.1874999 0.90625 0.1874999 0.90625 0.125 0.9375 0.06249994 0.9375 0.125 0.90625 0.125 0.9374999 0.5 0.90625 0.5 0.90625 0.4375 0.90625 0.1874999 0.8749999 0.1874999 0.875 0.125 0.90625 0.125 0.875 0.125 0.875 0.06249994 0.90625 0.5 0.8749999 0.5 0.875 0.4375 0.90625 0.4375 0.875 0.4375 0.875 0.375 0.90625 0.3124999 0.90625 0.375 0.875 0.375 0.90625 0.3124999 0.875 0.3124999 0.875 0.2499999 0.90625 0.1874999 0.90625 0.2499999 0.875 0.2499999 0.875 0.3124999 0.875 0.375 0.84375 0.375 0.875 0.3124999 0.84375 0.3124999 0.84375 0.2499999 0.8749999 0.1874999 0.875 0.2499999 0.84375 0.2499999 0.8749999 0.1874999 0.84375 0.1874998 0.84375 0.125 0.71875 0.5 0.71875 0.5 0.6875 0.5 0.875 0.06249994 0.875 0.125 0.84375 0.125 0.75 0.5 0.75 0.5 0.71875 0.5 0.8749999 0.5 0.8437499 0.5 0.84375 0.4375 0.875 0.4375 0.84375 0.4375 0.84375 0.375 0.84375 0.125 0.8125 0.125 0.8125 0.06249988 0.8437499 0.5 0.8125 0.5 0.8125 0.4375 0.84375 0.4375 0.8125 0.4375 0.8125 0.375 0.84375 0.3124999 0.84375 0.375 0.8125 0.375 0.84375 0.3124999 0.8125 0.3124999 0.8125 0.2499999 0.84375 0.1874998 0.84375 0.2499999 0.8125 0.2499999 0.84375 0.1874998 0.8125 0.1874998 0.8125 0.125 0.8125 0.3124999 0.8125 0.375 0.78125 0.375 0.8125 0.3124999 0.78125 0.3124999 0.78125 0.25 0.8125 0.1874998 0.8125 0.2499999 0.78125 0.25 0.8125 0.1874998 0.78125 0.1874998 0.78125 0.125 0.8125 0.06249988 0.8125 0.125 0.78125 0.125 0.8125 0.5 0.7812499 0.5 0.78125 0.4375 0.8125 0.4375 0.78125 0.4375 0.78125 0.375 0.78125 0.125 0.75 0.125 0.75 0.06249988 0.7812499 0.5 0.75 0.5 0.75 0.4375 0.78125 0.4375 0.75 0.4375 0.75 0.375 0.78125 0.375 0.75 0.375 0.75 0.3125001 0.78125 0.3124999 0.75 0.3125001 0.75 0.2499999 0.78125 0.1874998 0.78125 0.25 0.75 0.2499999 0.78125 0.1874998 0.75 0.1874998 0.75 0.125 0.6875 0.5 0.65625 0.5 0.65625 0.5 0.65625 0.5 0.65625 0.5 0.625 0.5 0.625 0.5 0.625 0.5 0.59375 0.5 0.59375 0.5 0.59375 0.5 0.5625 0.5 0.5625 0.5 0.53125 0.5 0.53125 0.5 0.53125 0.5 0.53125 0.5 0.5 0.5 0.5 0.5 0.5 0.5 0.46875 0.5 0.46875 0.5 0.46875 0.5 0.4375 0.5 0.4375 0.5 0.4375 0.5 0.40625 0.5 0.40625 0.5 0.40625 0.5 0.375 0.5 0.375 0.5 0.34375 0.5 0.34375 0.5 0.34375 0.5 0.34375 0.5 0.3125 0.5 0.3125 0.5 0.3125 0.5 0.28125 0.5 0.28125 0.5 0.28125 0.5 0.25 0.5 0.25 0.5 0.25 0.5 0.2187499 0.5 0.2187499 0.5 0.2187499 0.5 0.1875 0.5 0.1875 0.5 0.1875 0.5 0.1562499 0.5 0.1562499 0.5 0.1562499 0.5 0.1249999 0.5 0.1249999 0.5 0.1249999 0.5 0.09374994 0.5 0.09374994 0.5 0.09374994 0.5 0.06249994 0.5 0.06249994 0.5 0.06249994 0.5 0.03124994 0.5 0.03124994 0.5 0 0.5 0 0.5 0.9687499 0.5 0 0.5 1 0.5 0.9687499 0.5 0.9687499 0.5 0.9374999 0.5 0.9374999 0.5 0.9374999 0.5 0.90625 0.5 0.90625 0.5 0.8749999 0.5 0.8749999 0.5 0.8749999 0.5 0.8749999 0.5 0.8437499 0.5 0.8437499 0.5 0.8437499 0.5 0.8125 0.5 0.8125 0.5 0.8125 0.5 0.7812499 0.5 0.7812499 0.5 0.75 0.5 0.75 0.5</float_array>
          <technique_common>
            <accessor source="#Sphere_001-mesh-map-0-array" count="3072" stride="2">
              <param name="S" type="float"/>
              <param name="T" type="float"/>
            </accessor>
          </technique_common>
        </source>
        <vertices id="Sphere_001-mesh-vertices">
          <input semantic="POSITION" source="#Sphere_001-mesh-positions"/>
        </vertices>
        <triangles count="1024">
          <input semantic="VERTEX" source="#Sphere_001-mesh-vertices" offset="0"/>
          <input semantic="NORMAL" source="#Sphere_001-mesh-normals" offset="1"/>
          <input semantic="TEXCOORD" source="#Sphere_001-mesh-map-0" offset="2" set="0"/>
          <p>255 0 0 10 0 1 256 0 2 163 1 3 256 1 4 10 1 5 0 2 6 4 2 7 1 2 8 1 3 9 5 3 10 252 3 11 252 4 12 6 4 13 2 4 14 253 5 15 6 5 16 7 5 17 253 6 18 8 6 19 254 6 20 254 7 21 9 7 22 255 7 23 9 8 24 16 8 25 17 8 26 9 9 27 18 9 28 10 9 29 163 10 30 10 10 31 18 10 32 3 11 33 12 11 34 4 11 35 4 12 36 13 12 37 5 12 38 6 13 39 13 13 40 14 13 41 7 14 42 14 14 43 15 14 44 8 15 45 15 15 46 16 15 47 12 16 48 21 16 49 13 16 50 14 17 51 21 17 52 22 17 53 15 18 54 22 18 55 23 18 56 16 19 57 23 19 58 24 19 59 17 20 60 24 20 61 25 20 62 18 21 63 25 21 64 26 21 65 163 22 66 18 22 67 26 22 68 11 23 69 20 23 70 12 23 71 25 24 72 32 24 73 33 24 74 26 25 75 33 25 76 34 25 77 163 26 78 26 26 79 34 26 80 19 27 81 28 27 82 20 27 83 20 28 84 29 28 85 21 28 86 22 29 87 29 29 88 30 29 89 22 30 90 31 30 91 23 30 92 24 31 93 31 31 94 32 31 95 30 32 96 37 32 97 38 32 98 30 33 99 39 33 100 31 33 101 32 34 102 39 34 103 40 34 104 32 35 105 41 35 106 33 35 107 33 36 108 42 36 109 34 36 110 163 37 111 34 37 112 42 37 113 27 38 114 36 38 115 28 38 116 28 39 117 37 39 118 29 39 119 42 40 120 49 40 121 50 40 122 163 41 123 42 41 124 50 41 125 35 42 126 44 42 127 36 42 128 36 43 129 45 43 130 37 43 131 38 44 132 45 44 133 46 44 134 38 45 135 47 45 136 39 45 137 40 46 138 47 46 139 48 46 140 41 47 141 48 47 142 49 47 143 46 48 144 53 48 145 54 48 146 46 49 147 55 49 148 47 49 149 48 50 150 55 50 151 56 50 152 48 51 153 57 51 154 49 51 155 49 52 156 58 52 157 50 52 158 163 53 159 50 53 160 58 53 161 43 54 162 52 54 163 44 54 164 44 55 165 53 55 166 45 55 167 57 56 168 66 56 169 58 56 170 163 57 171 58 57 172 66 57 173 51 58 174 60 58 175 52 58 176 52 59 177 61 59 178 53 59 179 54 60 180 61 60 181 62 60 182 54 61 183 63 61 184 55 61 185 56 62 186 63 62 187 64 62 188 57 63 189 64 63 190 65 63 191 62 64 192 71 64 193 63 64 194 64 65 195 71 65 196 72 65 197 64 66 198 73 66 199 65 66 200 65 67 201 74 67 202 66 67 203 163 68 204 66 68 205 74 68 206 59 69 207 68 69 208 60 69 209 60 70 210 69 70 211 61 70 212 62 71 213 69 71 214 70 71 215 163 72 216 74 72 217 82 72 218 67 73 219 76 73 220 68 73 221 68 74 222 77 74 223 69 74 224 70 75 225 77 75 226 78 75 227 70 76 228 79 76 229 71 76 230 72 77 231 79 77 232 80 77 233 73 78 234 80 78 235 81 78 236 73 79 237 82 79 238 74 79 239 80 80 240 87 80 241 88 80 242 81 81 243 88 81 244 89 81 245 82 82 246 89 82 247 90 82 248 163 83 249 82 83 250 90 83 251 75 84 252 84 84 253 76 84 254 76 85 255 85 85 256 77 85 257 78 86 258 85 86 259 86 86 260 78 87 261 87 87 262 79 87 263 83 88 264 92 88 265 84 88 266 84 89 267 93 89 268 85 89 269 86 90 270 93 90 271 94 90 272 86 91 273 95 91 274 87 91 275 88 92 276 95 92 277 96 92 278 89 93 279 96 93 280 97 93 281 90 94 282 97 94 283 98 94 284 163 95 285 90 95 286 98 95 287 96 96 288 103 96 289 104 96 290 96 97 291 105 97 292 97 97 293 97 98 294 106 98 295 98 98 296 163 99 297 98 99 298 106 99 299 91 100 300 100 100 301 92 100 302 92 101 303 101 101 304 93 101 305 94 102 306 101 102 307 102 102 308 94 103 309 103 103 310 95 103 311 100 104 312 109 104 313 101 104 314 102 105 315 109 105 316 110 105 317 102 106 318 111 106 319 103 106 320 104 107 321 111 107 322 112 107 323 105 108 324 112 108 325 113 108 326 106 109 327 113 109 328 114 109 329 163 110 330 106 110 331 114 110 332 99 111 333 108 111 334 100 111 335 113 112 336 120 112 337 121 112 338 114 113 339 121 113 340 122 113 341 163 114 342 114 114 343 122 114 344 107 115 345 116 115 346 108 115 347 108 116 348 117 116 349 109 116 350 110 117 351 117 117 352 118 117 353 110 118 354 119 118 355 111 118 356 112 119 357 119 119 358 120 119 359 116 120 360 125 120 361 117 120 362 118 121 363 125 121 364 126 121 365 118 122 366 127 122 367 119 122 368 120 123 369 127 123 370 128 123 371 121 124 372 128 124 373 129 124 374 121 125 375 130 125 376 122 125 377 163 126 378 122 126 379 130 126 380 115 127 381 124 127 382 116 127 383 128 128 384 137 128 385 129 128 386 129 129 387 138 129 388 130 129 389 163 130 390 130 130 391 138 130 392 123 131 393 132 131 394 124 131 395 124 132 396 133 132 397 125 132 398 126 133 399 133 133 400 134 133 401 126 134 402 135 134 403 127 134 404 128 135 405 135 135 406 136 135 407 134 136 408 141 136 409 142 136 410 134 137 411 143 137 412 135 137 413 136 138 414 143 138 415 144 138 416 137 139 417 144 139 418 145 139 419 137 140 420 146 140 421 138 140 422 163 141 423 138 141 424 146 141 425 131 142 426 140 142 427 132 142 428 132 143 429 141 143 430 133 143 431 145 144 432 154 144 433 146 144 434 163 145 435 146 145 436 154 145 437 139 146 438 148 146 439 140 146 440 140 147 441 149 147 442 141 147 443 142 148 444 149 148 445 150 148 446 142 149 447 151 149 448 143 149 449 144 150 450 151 150 451 152 150 452 144 151 453 153 151 454 145 151 455 150 152 456 159 152 457 151 152 458 152 153 459 159 153 460 160 153 461 152 154 462 161 154 463 153 154 464 154 155 465 161 155 466 162 155 467 163 156 468 154 156 469 162 156 470 147 157 471 156 157 472 148 157 473 148 158 474 157 158 475 149 158 476 150 159 477 157 159 478 158 159 479 163 160 480 162 160 481 171 160 482 155 161 483 165 161 484 156 161 485 156 162 486 166 162 487 157 162 488 158 163 489 166 163 490 167 163 491 158 164 492 168 164 493 159 164 494 160 165 495 168 165 496 169 165 497 160 166 498 170 166 499 161 166 500 161 167 501 171 167 502 162 167 503 167 168 504 176 168 505 168 168 506 169 169 507 176 169 508 177 169 509 169 170 510 178 170 511 170 170 512 171 171 513 178 171 514 179 171 515 163 172 516 171 172 517 179 172 518 164 173 519 173 173 520 165 173 521 165 174 522 174 174 523 166 174 524 167 175 525 174 175 526 175 175 527 163 176 528 179 176 529 187 176 530 172 177 531 181 177 532 173 177 533 173 178 534 182 178 535 174 178 536 175 179 537 182 179 538 183 179 539 175 180 540 184 180 541 176 180 542 177 181 543 184 181 544 185 181 545 177 182 546 186 182 547 178 182 548 179 183 549 186 183 550 187 183 551 185 184 552 192 184 553 193 184 554 185 185 555 194 185 556 186 185 557 187 186 558 194 186 559 195 186 560 163 187 561 187 187 562 195 187 563 180 188 564 189 188 565 181 188 566 181 189 567 190 189 568 182 189 569 183 190 570 190 190 571 191 190 572 183 191 573 192 191 574 184 191 575 188 192 576 197 192 577 189 192 578 189 193 579 198 193 580 190 193 581 191 194 582 198 194 583 199 194 584 191 195 585 200 195 586 192 195 587 193 196 588 200 196 589 201 196 590 193 197 591 202 197 592 194 197 593 194 198 594 203 198 595 195 198 596 163 199 597 195 199 598 203 199 599 201 200 600 208 200 601 209 200 602 201 201 603 210 201 604 202 201 605 202 202 606 211 202 607 203 202 608 163 203 609 203 203 610 211 203 611 196 204 612 205 204 613 197 204 614 197 205 615 206 205 616 198 205 617 199 206 618 206 206 619 207 206 620 199 207 621 208 207 622 200 207 623 205 208 624 214 208 625 206 208 626 207 209 627 214 209 628 215 209 629 207 210 630 216 210 631 208 210 632 209 211 633 216 211 634 217 211 635 209 212 636 218 212 637 210 212 638 211 213 639 218 213 640 219 213 641 163 214 642 211 214 643 219 214 644 204 215 645 213 215 646 205 215 647 217 216 648 226 216 649 218 216 650 218 217 651 227 217 652 219 217 653 163 218 654 219 218 655 227 218 656 212 219 657 221 219 658 213 219 659 213 220 660 222 220 661 214 220 662 215 221 663 222 221 664 223 221 665 215 222 666 224 222 667 216 222 668 217 223 669 224 223 670 225 223 671 223 224 672 230 224 673 231 224 674 223 225 675 232 225 676 224 225 677 225 226 678 232 226 679 233 226 680 225 227 681 234 227 682 226 227 683 227 228 684 234 228 685 235 228 686 163 229 687 227 229 688 235 229 689 220 230 690 229 230 691 221 230 692 221 231 693 230 231 694 222 231 695 234 232 696 243 232 697 235 232 698 163 233 699 235 233 700 243 233 701 228 234 702 237 234 703 229 234 704 229 235 705 238 235 706 230 235 707 231 236 708 238 236 709 239 236 710 231 237 711 240 237 712 232 237 713 233 238 714 240 238 715 241 238 716 233 239 717 242 239 718 234 239 719 239 240 720 246 240 721 247 240 722 239 241 723 248 241 724 240 241 725 241 242 726 248 242 727 249 242 728 241 243 729 250 243 730 242 243 731 243 244 732 250 244 733 251 244 734 163 245 735 243 245 736 251 245 737 236 246 738 245 246 739 237 246 740 237 247 741 246 247 742 238 247 743 250 248 744 256 248 745 251 248 746 163 249 747 251 249 748 256 249 749 244 250 750 1 250 751 245 250 752 245 251 753 252 251 754 246 251 755 246 252 756 2 252 757 247 252 758 247 253 759 253 253 760 248 253 761 249 254 762 253 254 763 254 254 764 249 255 765 255 255 766 250 255 767 512 256 768 267 256 769 513 256 770 420 257 771 513 257 772 267 257 773 257 258 774 261 258 775 258 258 776 258 259 777 262 259 778 509 259 779 509 260 780 263 260 781 259 260 782 259 261 783 264 261 784 510 261 785 510 262 786 265 262 787 511 262 788 511 263 789 266 263 790 512 263 791 266 264 792 273 264 793 274 264 794 267 265 795 274 265 796 275 265 797 420 266 798 267 266 799 275 266 800 260 267 801 269 267 802 261 267 803 261 268 804 270 268 805 262 268 806 263 269 807 270 269 808 271 269 809 264 270 810 271 270 811 272 270 812 265 271 813 272 271 814 273 271 815 269 272 816 278 272 817 270 272 818 271 273 819 278 273 820 279 273 821 271 274 822 280 274 823 272 274 824 273 275 825 280 275 826 281 275 827 274 276 828 281 276 829 282 276 830 275 277 831 282 277 832 283 277 833 420 278 834 275 278 835 283 278 836 268 279 837 277 279 838 269 279 839 282 280 840 289 280 841 290 280 842 283 281 843 290 281 844 291 281 845 420 282 846 283 282 847 291 282 848 276 283 849 285 283 850 277 283 851 277 284 852 286 284 853 278 284 854 279 285 855 286 285 856 287 285 857 279 286 858 288 286 859 280 286 860 281 287 861 288 287 862 289 287 863 287 288 864 294 288 865 295 288 866 287 289 867 296 289 868 288 289 869 289 290 870 296 290 871 297 290 872 289 291 873 298 291 874 290 291 875 290 292 876 299 292 877 291 292 878 420 293 879 291 293 880 299 293 881 284 294 882 293 294 883 285 294 884 285 295 885 294 295 886 286 295 887 299 296 888 306 296 889 307 296 890 420 297 891 299 297 892 307 297 893 292 298 894 301 298 895 293 298 896 293 299 897 302 299 898 294 299 899 295 300 900 302 300 901 303 300 902 295 301 903 304 301 904 296 301 905 297 302 906 304 302 907 305 302 908 298 303 909 305 303 910 306 303 911 303 304 912 310 304 913 311 304 914 303 305 915 312 305 916 304 305 917 305 306 918 312 306 919 313 306 920 305 307 921 314 307 922 306 307 923 306 308 924 315 308 925 307 308 926 420 309 927 307 309 928 315 309 929 300 310 930 309 310 931 301 310 932 301 311 933 310 311 934 302 311 935 314 312 936 323 312 937 315 312 938 420 313 939 315 313 940 323 313 941 308 314 942 317 314 943 309 314 944 309 315 945 318 315 946 310 315 947 311 316 948 318 316 949 319 316 950 311 317 951 320 317 952 312 317 953 313 318 954 320 318 955 321 318 956 314 319 957 321 319 958 322 319 959 319 320 960 328 320 961 320 320 962 321 321 963 328 321 964 329 321 965 321 322 966 330 322 967 322 322 968 323 323 969 330 323 970 331 323 971 420 324 972 323 324 973 331 324 974 316 325 975 325 325 976 317 325 977 317 326 978 326 326 979 318 326 980 319 327 981 326 327 982 327 327 983 420 328 984 331 328 985 339 328 986 324 329 987 333 329 988 325 329 989 325 330 990 334 330 991 326 330 992 327 331 993 334 331 994 335 331 995 327 332 996 336 332 997 328 332 998 329 333 999 336 333 1000 337 333 1001 330 334 1002 337 334 1003 338 334 1004 331 335 1005 338 335 1006 339 335 1007 337 336 1008 344 336 1009 345 336 1010 337 337 1011 346 337 1012 338 337 1013 339 338 1014 346 338 1015 347 338 1016 420 339 1017 339 339 1018 347 339 1019 332 340 1020 341 340 1021 333 340 1022 333 341 1023 342 341 1024 334 341 1025 335 342 1026 342 342 1027 343 342 1028 335 343 1029 344 343 1030 336 343 1031 340 344 1032 349 344 1033 341 344 1034 341 345 1035 350 345 1036 342 345 1037 343 346 1038 350 346 1039 351 346 1040 343 347 1041 352 347 1042 344 347 1043 345 348 1044 352 348 1045 353 348 1046 345 349 1047 354 349 1048 346 349 1049 347 350 1050 354 350 1051 355 350 1052 420 351 1053 347 351 1054 355 351 1055 353 352 1056 360 352 1057 361 352 1058 353 353 1059 362 353 1060 354 353 1061 354 354 1062 363 354 1063 355 354 1064 420 355 1065 355 355 1066 363 355 1067 348 356 1068 357 356 1069 349 356 1070 349 357 1071 358 357 1072 350 357 1073 351 358 1074 358 358 1075 359 358 1076 351 359 1077 360 359 1078 352 359 1079 357 360 1080 366 360 1081 358 360 1082 359 361 1083 366 361 1084 367 361 1085 359 362 1086 368 362 1087 360 362 1088 361 363 1089 368 363 1090 369 363 1091 362 364 1092 369 364 1093 370 364 1094 363 365 1095 370 365 1096 371 365 1097 420 366 1098 363 366 1099 371 366 1100 356 367 1101 365 367 1102 357 367 1103 370 368 1104 377 368 1105 378 368 1106 371 369 1107 378 369 1108 379 369 1109 420 370 1110 371 370 1111 379 370 1112 364 371 1113 373 371 1114 365 371 1115 365 372 1116 374 372 1117 366 372 1118 367 373 1119 374 373 1120 375 373 1121 367 374 1122 376 374 1123 368 374 1124 369 375 1125 376 375 1126 377 375 1127 373 376 1128 382 376 1129 374 376 1130 375 377 1131 382 377 1132 383 377 1133 375 378 1134 384 378 1135 376 378 1136 377 379 1137 384 379 1138 385 379 1139 378 380 1140 385 380 1141 386 380 1142 378 381 1143 387 381 1144 379 381 1145 420 382 1146 379 382 1147 387 382 1148 372 383 1149 381 383 1150 373 383 1151 385 384 1152 394 384 1153 386 384 1154 386 385 1155 395 385 1156 387 385 1157 420 386 1158 387 386 1159 395 386 1160 380 387 1161 389 387 1162 381 387 1163 381 388 1164 390 388 1165 382 388 1166 383 389 1167 390 389 1168 391 389 1169 383 390 1170 392 390 1171 384 390 1172 385 391 1173 392 391 1174 393 391 1175 391 392 1176 398 392 1177 399 392 1178 391 393 1179 400 393 1180 392 393 1181 393 394 1182 400 394 1183 401 394 1184 394 395 1185 401 395 1186 402 395 1187 395 396 1188 402 396 1189 403 396 1190 420 397 1191 395 397 1192 403 397 1193 388 398 1194 397 398 1195 389 398 1196 389 399 1197 398 399 1198 390 399 1199 403 400 1200 410 400 1201 411 400 1202 420 401 1203 403 401 1204 411 401 1205 396 402 1206 405 402 1207 397 402 1208 397 403 1209 406 403 1210 398 403 1211 399 404 1212 406 404 1213 407 404 1214 399 405 1215 408 405 1216 400 405 1217 401 406 1218 408 406 1219 409 406 1220 402 407 1221 409 407 1222 410 407 1223 407 408 1224 416 408 1225 408 408 1226 409 409 1227 416 409 1228 417 409 1229 409 410 1230 418 410 1231 410 410 1232 411 411 1233 418 411 1234 419 411 1235 420 412 1236 411 412 1237 419 412 1238 404 413 1239 413 413 1240 405 413 1241 405 414 1242 414 414 1243 406 414 1244 407 415 1245 414 415 1246 415 415 1247 420 416 1248 419 416 1249 428 416 1250 412 417 1251 422 417 1252 413 417 1253 413 418 1254 423 418 1255 414 418 1256 415 419 1257 423 419 1258 424 419 1259 415 420 1260 425 420 1261 416 420 1262 417 421 1263 425 421 1264 426 421 1265 417 422 1266 427 422 1267 418 422 1268 419 423 1269 427 423 1270 428 423 1271 424 424 1272 433 424 1273 425 424 1274 426 425 1275 433 425 1276 434 425 1277 426 426 1278 435 426 1279 427 426 1280 428 427 1281 435 427 1282 436 427 1283 420 428 1284 428 428 1285 436 428 1286 421 429 1287 430 429 1288 422 429 1289 422 430 1290 431 430 1291 423 430 1292 424 431 1293 431 431 1294 432 431 1295 420 432 1296 436 432 1297 444 432 1298 429 433 1299 438 433 1300 430 433 1301 430 434 1302 439 434 1303 431 434 1304 432 435 1305 439 435 1306 440 435 1307 432 436 1308 441 436 1309 433 436 1310 434 437 1311 441 437 1312 442 437 1313 435 438 1314 442 438 1315 443 438 1316 436 439 1317 443 439 1318 444 439 1319 442 440 1320 449 440 1321 450 440 1322 442 441 1323 451 441 1324 443 441 1325 443 442 1326 452 442 1327 444 442 1328 420 443 1329 444 443 1330 452 443 1331 437 444 1332 446 444 1333 438 444 1334 438 445 1335 447 445 1336 439 445 1337 440 446 1338 447 446 1339 448 446 1340 440 447 1341 449 447 1342 441 447 1343 445 448 1344 454 448 1345 446 448 1346 446 449 1347 455 449 1348 447 449 1349 448 450 1350 455 450 1351 456 450 1352 448 451 1353 457 451 1354 449 451 1355 450 452 1356 457 452 1357 458 452 1358 450 453 1359 459 453 1360 451 453 1361 451 454 1362 460 454 1363 452 454 1364 420 455 1365 452 455 1366 460 455 1367 458 456 1368 465 456 1369 466 456 1370 458 457 1371 467 457 1372 459 457 1373 459 458 1374 468 458 1375 460 458 1376 420 459 1377 460 459 1378 468 459 1379 453 460 1380 462 460 1381 454 460 1382 454 461 1383 463 461 1384 455 461 1385 456 462 1386 463 462 1387 464 462 1388 456 463 1389 465 463 1390 457 463 1391 462 464 1392 471 464 1393 463 464 1394 464 465 1395 471 465 1396 472 465 1397 464 466 1398 473 466 1399 465 466 1400 466 467 1401 473 467 1402 474 467 1403 466 468 1404 475 468 1405 467 468 1406 468 469 1407 475 469 1408 476 469 1409 420 470 1410 468 470 1411 476 470 1412 461 471 1413 470 471 1414 462 471 1415 474 472 1416 483 472 1417 475 472 1418 475 473 1419 484 473 1420 476 473 1421 420 474 1422 476 474 1423 484 474 1424 469 475 1425 478 475 1426 470 475 1427 470 476 1428 479 476 1429 471 476 1430 472 477 1431 479 477 1432 480 477 1433 472 478 1434 481 478 1435 473 478 1436 474 479 1437 481 479 1438 482 479 1439 480 480 1440 487 480 1441 488 480 1442 480 481 1443 489 481 1444 481 481 1445 482 482 1446 489 482 1447 490 482 1448 482 483 1449 491 483 1450 483 483 1451 3 484 1452 268 484 1453 11 484 1454 484 485 1455 491 485 1456 492 485 1457 0 486 1458 260 486 1459 3 486 1460 420 487 1461 484 487 1462 492 487 1463 477 488 1464 486 488 1465 478 488 1466 478 489 1467 487 489 1468 479 489 1469 491 490 1470 500 490 1471 492 490 1472 420 491 1473 492 491 1474 500 491 1475 485 492 1476 494 492 1477 486 492 1478 486 493 1479 495 493 1480 487 493 1481 488 494 1482 495 494 1483 496 494 1484 488 495 1485 497 495 1486 489 495 1487 490 496 1488 497 496 1489 498 496 1490 490 497 1491 499 497 1492 491 497 1493 496 498 1494 503 498 1495 504 498 1496 496 499 1497 505 499 1498 497 499 1499 498 500 1500 505 500 1501 506 500 1502 498 501 1503 507 501 1504 499 501 1505 500 502 1506 507 502 1507 508 502 1508 420 503 1509 500 503 1510 508 503 1511 493 504 1512 502 504 1513 494 504 1514 494 505 1515 503 505 1516 495 505 1517 507 506 1518 513 506 1519 508 506 1520 420 507 1521 508 507 1522 513 507 1523 501 508 1524 258 508 1525 502 508 1526 502 509 1527 509 509 1528 503 509 1529 503 510 1530 259 510 1531 504 510 1532 504 511 1533 510 511 1534 505 511 1535 506 512 1536 510 512 1537 511 512 1538 506 513 1539 512 513 1540 507 513 1541 268 514 1542 19 514 1543 11 514 1544 19 515 1545 284 515 1546 27 515 1547 27 516 1548 292 516 1549 35 516 1550 35 517 1551 300 517 1552 43 517 1553 300 518 1554 51 518 1555 43 518 1556 51 519 1557 316 519 1558 59 519 1559 59 520 1560 324 520 1561 67 520 1562 67 521 1563 332 521 1564 75 521 1565 75 522 1566 340 522 1567 83 522 1568 83 523 1569 348 523 1570 91 523 1571 348 524 1572 99 524 1573 91 524 1574 99 525 1575 364 525 1576 107 525 1577 107 526 1578 372 526 1579 115 526 1580 115 527 1581 380 527 1582 123 527 1583 123 528 1584 388 528 1585 131 528 1586 131 529 1587 396 529 1588 139 529 1589 139 530 1590 404 530 1591 147 530 1592 147 531 1593 412 531 1594 155 531 1595 155 532 1596 421 532 1597 164 532 1598 164 533 1599 429 533 1600 172 533 1601 172 534 1602 437 534 1603 180 534 1604 437 535 1605 188 535 1606 180 535 1607 196 536 1608 445 536 1609 453 536 1610 196 537 1611 461 537 1612 204 537 1613 204 538 1614 469 538 1615 212 538 1616 469 539 1617 220 539 1618 212 539 1619 220 540 1620 485 540 1621 228 540 1622 228 541 1623 493 541 1624 236 541 1625 236 542 1626 501 542 1627 244 542 1628 501 543 1629 0 543 1630 244 543 1631 255 544 1632 9 544 1633 10 544 1634 0 545 1635 3 545 1636 4 545 1637 1 546 1638 4 546 1639 5 546 1640 252 547 1641 5 547 1642 6 547 1643 253 548 1644 2 548 1645 6 548 1646 253 549 1647 7 549 1648 8 549 1649 254 550 1650 8 550 1651 9 550 1652 9 551 1653 8 551 1654 16 551 1655 9 552 1656 17 552 1657 18 552 1658 3 553 1659 11 553 1660 12 553 1661 4 554 1662 12 554 1663 13 554 1664 6 555 1665 5 555 1666 13 555 1667 7 556 1668 6 556 1669 14 556 1670 8 557 1671 7 557 1672 15 557 1673 12 558 1674 20 558 1675 21 558 1676 14 559 1677 13 559 1678 21 559 1679 15 560 1680 14 560 1681 22 560 1682 16 561 1683 15 561 1684 23 561 1685 17 562 1686 16 562 1687 24 562 1688 18 563 1689 17 563 1690 25 563 1691 11 564 1692 19 564 1693 20 564 1694 25 565 1695 24 565 1696 32 565 1697 26 566 1698 25 566 1699 33 566 1700 19 567 1701 27 567 1702 28 567 1703 20 568 1704 28 568 1705 29 568 1706 22 569 1707 21 569 1708 29 569 1709 22 570 1710 30 570 1711 31 570 1712 24 571 1713 23 571 1714 31 571 1715 30 572 1716 29 572 1717 37 572 1718 30 573 1719 38 573 1720 39 573 1721 32 574 1722 31 574 1723 39 574 1724 32 575 1725 40 575 1726 41 575 1727 33 576 1728 41 576 1729 42 576 1730 27 577 1731 35 577 1732 36 577 1733 28 578 1734 36 578 1735 37 578 1736 42 579 1737 41 579 1738 49 579 1739 35 580 1740 43 580 1741 44 580 1742 36 581 1743 44 581 1744 45 581 1745 38 582 1746 37 582 1747 45 582 1748 38 583 1749 46 583 1750 47 583 1751 40 584 1752 39 584 1753 47 584 1754 41 585 1755 40 585 1756 48 585 1757 46 586 1758 45 586 1759 53 586 1760 46 587 1761 54 587 1762 55 587 1763 48 588 1764 47 588 1765 55 588 1766 48 589 1767 56 589 1768 57 589 1769 49 590 1770 57 590 1771 58 590 1772 43 591 1773 51 591 1774 52 591 1775 44 592 1776 52 592 1777 53 592 1778 57 593 1779 65 593 1780 66 593 1781 51 594 1782 59 594 1783 60 594 1784 52 595 1785 60 595 1786 61 595 1787 54 596 1788 53 596 1789 61 596 1790 54 597 1791 62 597 1792 63 597 1793 56 598 1794 55 598 1795 63 598 1796 57 599 1797 56 599 1798 64 599 1799 62 600 1800 70 600 1801 71 600 1802 64 601 1803 63 601 1804 71 601 1805 64 602 1806 72 602 1807 73 602 1808 65 603 1809 73 603 1810 74 603 1811 59 604 1812 67 604 1813 68 604 1814 60 605 1815 68 605 1816 69 605 1817 62 606 1818 61 606 1819 69 606 1820 67 607 1821 75 607 1822 76 607 1823 68 608 1824 76 608 1825 77 608 1826 70 609 1827 69 609 1828 77 609 1829 70 610 1830 78 610 1831 79 610 1832 72 611 1833 71 611 1834 79 611 1835 73 612 1836 72 612 1837 80 612 1838 73 613 1839 81 613 1840 82 613 1841 80 614 1842 79 614 1843 87 614 1844 81 615 1845 80 615 1846 88 615 1847 82 616 1848 81 616 1849 89 616 1850 75 617 1851 83 617 1852 84 617 1853 76 618 1854 84 618 1855 85 618 1856 78 619 1857 77 619 1858 85 619 1859 78 620 1860 86 620 1861 87 620 1862 83 621 1863 91 621 1864 92 621 1865 84 622 1866 92 622 1867 93 622 1868 86 623 1869 85 623 1870 93 623 1871 86 624 1872 94 624 1873 95 624 1874 88 625 1875 87 625 1876 95 625 1877 89 626 1878 88 626 1879 96 626 1880 90 627 1881 89 627 1882 97 627 1883 96 628 1884 95 628 1885 103 628 1886 96 629 1887 104 629 1888 105 629 1889 97 630 1890 105 630 1891 106 630 1892 91 631 1893 99 631 1894 100 631 1895 92 632 1896 100 632 1897 101 632 1898 94 633 1899 93 633 1900 101 633 1901 94 634 1902 102 634 1903 103 634 1904 100 635 1905 108 635 1906 109 635 1907 102 636 1908 101 636 1909 109 636 1910 102 637 1911 110 637 1912 111 637 1913 104 638 1914 103 638 1915 111 638 1916 105 639 1917 104 639 1918 112 639 1919 106 640 1920 105 640 1921 113 640 1922 99 641 1923 107 641 1924 108 641 1925 113 642 1926 112 642 1927 120 642 1928 114 643 1929 113 643 1930 121 643 1931 107 644 1932 115 644 1933 116 644 1934 108 645 1935 116 645 1936 117 645 1937 110 646 1938 109 646 1939 117 646 1940 110 647 1941 118 647 1942 119 647 1943 112 648 1944 111 648 1945 119 648 1946 116 649 1947 124 649 1948 125 649 1949 118 650 1950 117 650 1951 125 650 1952 118 651 1953 126 651 1954 127 651 1955 120 652 1956 119 652 1957 127 652 1958 121 653 1959 120 653 1960 128 653 1961 121 654 1962 129 654 1963 130 654 1964 115 655 1965 123 655 1966 124 655 1967 128 656 1968 136 656 1969 137 656 1970 129 657 1971 137 657 1972 138 657 1973 123 658 1974 131 658 1975 132 658 1976 124 659 1977 132 659 1978 133 659 1979 126 660 1980 125 660 1981 133 660 1982 126 661 1983 134 661 1984 135 661 1985 128 662 1986 127 662 1987 135 662 1988 134 663 1989 133 663 1990 141 663 1991 134 664 1992 142 664 1993 143 664 1994 136 665 1995 135 665 1996 143 665 1997 137 666 1998 136 666 1999 144 666 2000 137 667 2001 145 667 2002 146 667 2003 131 668 2004 139 668 2005 140 668 2006 132 669 2007 140 669 2008 141 669 2009 145 670 2010 153 670 2011 154 670 2012 139 671 2013 147 671 2014 148 671 2015 140 672 2016 148 672 2017 149 672 2018 142 673 2019 141 673 2020 149 673 2021 142 674 2022 150 674 2023 151 674 2024 144 675 2025 143 675 2026 151 675 2027 144 676 2028 152 676 2029 153 676 2030 150 677 2031 158 677 2032 159 677 2033 152 678 2034 151 678 2035 159 678 2036 152 679 2037 160 679 2038 161 679 2039 154 680 2040 153 680 2041 161 680 2042 147 681 2043 155 681 2044 156 681 2045 148 682 2046 156 682 2047 157 682 2048 150 683 2049 149 683 2050 157 683 2051 155 684 2052 164 684 2053 165 684 2054 156 685 2055 165 685 2056 166 685 2057 158 686 2058 157 686 2059 166 686 2060 158 687 2061 167 687 2062 168 687 2063 160 688 2064 159 688 2065 168 688 2066 160 689 2067 169 689 2068 170 689 2069 161 690 2070 170 690 2071 171 690 2072 167 691 2073 175 691 2074 176 691 2075 169 692 2076 168 692 2077 176 692 2078 169 693 2079 177 693 2080 178 693 2081 171 694 2082 170 694 2083 178 694 2084 164 695 2085 172 695 2086 173 695 2087 165 696 2088 173 696 2089 174 696 2090 167 697 2091 166 697 2092 174 697 2093 172 698 2094 180 698 2095 181 698 2096 173 699 2097 181 699 2098 182 699 2099 175 700 2100 174 700 2101 182 700 2102 175 701 2103 183 701 2104 184 701 2105 177 702 2106 176 702 2107 184 702 2108 177 703 2109 185 703 2110 186 703 2111 179 704 2112 178 704 2113 186 704 2114 185 705 2115 184 705 2116 192 705 2117 185 706 2118 193 706 2119 194 706 2120 187 707 2121 186 707 2122 194 707 2123 180 708 2124 188 708 2125 189 708 2126 181 709 2127 189 709 2128 190 709 2129 183 710 2130 182 710 2131 190 710 2132 183 711 2133 191 711 2134 192 711 2135 188 712 2136 196 712 2137 197 712 2138 189 713 2139 197 713 2140 198 713 2141 191 714 2142 190 714 2143 198 714 2144 191 715 2145 199 715 2146 200 715 2147 193 716 2148 192 716 2149 200 716 2150 193 717 2151 201 717 2152 202 717 2153 194 718 2154 202 718 2155 203 718 2156 201 719 2157 200 719 2158 208 719 2159 201 720 2160 209 720 2161 210 720 2162 202 721 2163 210 721 2164 211 721 2165 196 722 2166 204 722 2167 205 722 2168 197 723 2169 205 723 2170 206 723 2171 199 724 2172 198 724 2173 206 724 2174 199 725 2175 207 725 2176 208 725 2177 205 726 2178 213 726 2179 214 726 2180 207 727 2181 206 727 2182 214 727 2183 207 728 2184 215 728 2185 216 728 2186 209 729 2187 208 729 2188 216 729 2189 209 730 2190 217 730 2191 218 730 2192 211 731 2193 210 731 2194 218 731 2195 204 732 2196 212 732 2197 213 732 2198 217 733 2199 225 733 2200 226 733 2201 218 734 2202 226 734 2203 227 734 2204 212 735 2205 220 735 2206 221 735 2207 213 736 2208 221 736 2209 222 736 2210 215 737 2211 214 737 2212 222 737 2213 215 738 2214 223 738 2215 224 738 2216 217 739 2217 216 739 2218 224 739 2219 223 740 2220 222 740 2221 230 740 2222 223 741 2223 231 741 2224 232 741 2225 225 742 2226 224 742 2227 232 742 2228 225 743 2229 233 743 2230 234 743 2231 227 744 2232 226 744 2233 234 744 2234 220 745 2235 228 745 2236 229 745 2237 221 746 2238 229 746 2239 230 746 2240 234 747 2241 242 747 2242 243 747 2243 228 748 2244 236 748 2245 237 748 2246 229 749 2247 237 749 2248 238 749 2249 231 750 2250 230 750 2251 238 750 2252 231 751 2253 239 751 2254 240 751 2255 233 752 2256 232 752 2257 240 752 2258 233 753 2259 241 753 2260 242 753 2261 239 754 2262 238 754 2263 246 754 2264 239 755 2265 247 755 2266 248 755 2267 241 756 2268 240 756 2269 248 756 2270 241 757 2271 249 757 2272 250 757 2273 243 758 2274 242 758 2275 250 758 2276 236 759 2277 244 759 2278 245 759 2279 237 760 2280 245 760 2281 246 760 2282 250 761 2283 255 761 2284 256 761 2285 244 762 2286 0 762 2287 1 762 2288 245 763 2289 1 763 2290 252 763 2291 246 764 2292 252 764 2293 2 764 2294 247 765 2295 2 765 2296 253 765 2297 249 766 2298 248 766 2299 253 766 2300 249 767 2301 254 767 2302 255 767 2303 512 768 2304 266 768 2305 267 768 2306 257 769 2307 260 769 2308 261 769 2309 258 770 2310 261 770 2311 262 770 2312 509 771 2313 262 771 2314 263 771 2315 259 772 2316 263 772 2317 264 772 2318 510 773 2319 264 773 2320 265 773 2321 511 774 2322 265 774 2323 266 774 2324 266 775 2325 265 775 2326 273 775 2327 267 776 2328 266 776 2329 274 776 2330 260 777 2331 268 777 2332 269 777 2333 261 778 2334 269 778 2335 270 778 2336 263 779 2337 262 779 2338 270 779 2339 264 780 2340 263 780 2341 271 780 2342 265 781 2343 264 781 2344 272 781 2345 269 782 2346 277 782 2347 278 782 2348 271 783 2349 270 783 2350 278 783 2351 271 784 2352 279 784 2353 280 784 2354 273 785 2355 272 785 2356 280 785 2357 274 786 2358 273 786 2359 281 786 2360 275 787 2361 274 787 2362 282 787 2363 268 788 2364 276 788 2365 277 788 2366 282 789 2367 281 789 2368 289 789 2369 283 790 2370 282 790 2371 290 790 2372 276 791 2373 284 791 2374 285 791 2375 277 792 2376 285 792 2377 286 792 2378 279 793 2379 278 793 2380 286 793 2381 279 794 2382 287 794 2383 288 794 2384 281 795 2385 280 795 2386 288 795 2387 287 796 2388 286 796 2389 294 796 2390 287 797 2391 295 797 2392 296 797 2393 289 798 2394 288 798 2395 296 798 2396 289 799 2397 297 799 2398 298 799 2399 290 800 2400 298 800 2401 299 800 2402 284 801 2403 292 801 2404 293 801 2405 285 802 2406 293 802 2407 294 802 2408 299 803 2409 298 803 2410 306 803 2411 292 804 2412 300 804 2413 301 804 2414 293 805 2415 301 805 2416 302 805 2417 295 806 2418 294 806 2419 302 806 2420 295 807 2421 303 807 2422 304 807 2423 297 808 2424 296 808 2425 304 808 2426 298 809 2427 297 809 2428 305 809 2429 303 810 2430 302 810 2431 310 810 2432 303 811 2433 311 811 2434 312 811 2435 305 812 2436 304 812 2437 312 812 2438 305 813 2439 313 813 2440 314 813 2441 306 814 2442 314 814 2443 315 814 2444 300 815 2445 308 815 2446 309 815 2447 301 816 2448 309 816 2449 310 816 2450 314 817 2451 322 817 2452 323 817 2453 308 818 2454 316 818 2455 317 818 2456 309 819 2457 317 819 2458 318 819 2459 311 820 2460 310 820 2461 318 820 2462 311 821 2463 319 821 2464 320 821 2465 313 822 2466 312 822 2467 320 822 2468 314 823 2469 313 823 2470 321 823 2471 319 824 2472 327 824 2473 328 824 2474 321 825 2475 320 825 2476 328 825 2477 321 826 2478 329 826 2479 330 826 2480 323 827 2481 322 827 2482 330 827 2483 316 828 2484 324 828 2485 325 828 2486 317 829 2487 325 829 2488 326 829 2489 319 830 2490 318 830 2491 326 830 2492 324 831 2493 332 831 2494 333 831 2495 325 832 2496 333 832 2497 334 832 2498 327 833 2499 326 833 2500 334 833 2501 327 834 2502 335 834 2503 336 834 2504 329 835 2505 328 835 2506 336 835 2507 330 836 2508 329 836 2509 337 836 2510 331 837 2511 330 837 2512 338 837 2513 337 838 2514 336 838 2515 344 838 2516 337 839 2517 345 839 2518 346 839 2519 339 840 2520 338 840 2521 346 840 2522 332 841 2523 340 841 2524 341 841 2525 333 842 2526 341 842 2527 342 842 2528 335 843 2529 334 843 2530 342 843 2531 335 844 2532 343 844 2533 344 844 2534 340 845 2535 348 845 2536 349 845 2537 341 846 2538 349 846 2539 350 846 2540 343 847 2541 342 847 2542 350 847 2543 343 848 2544 351 848 2545 352 848 2546 345 849 2547 344 849 2548 352 849 2549 345 850 2550 353 850 2551 354 850 2552 347 851 2553 346 851 2554 354 851 2555 353 852 2556 352 852 2557 360 852 2558 353 853 2559 361 853 2560 362 853 2561 354 854 2562 362 854 2563 363 854 2564 348 855 2565 356 855 2566 357 855 2567 349 856 2568 357 856 2569 358 856 2570 351 857 2571 350 857 2572 358 857 2573 351 858 2574 359 858 2575 360 858 2576 357 859 2577 365 859 2578 366 859 2579 359 860 2580 358 860 2581 366 860 2582 359 861 2583 367 861 2584 368 861 2585 361 862 2586 360 862 2587 368 862 2588 362 863 2589 361 863 2590 369 863 2591 363 864 2592 362 864 2593 370 864 2594 356 865 2595 364 865 2596 365 865 2597 370 866 2598 369 866 2599 377 866 2600 371 867 2601 370 867 2602 378 867 2603 364 868 2604 372 868 2605 373 868 2606 365 869 2607 373 869 2608 374 869 2609 367 870 2610 366 870 2611 374 870 2612 367 871 2613 375 871 2614 376 871 2615 369 872 2616 368 872 2617 376 872 2618 373 873 2619 381 873 2620 382 873 2621 375 874 2622 374 874 2623 382 874 2624 375 875 2625 383 875 2626 384 875 2627 377 876 2628 376 876 2629 384 876 2630 378 877 2631 377 877 2632 385 877 2633 378 878 2634 386 878 2635 387 878 2636 372 879 2637 380 879 2638 381 879 2639 385 880 2640 393 880 2641 394 880 2642 386 881 2643 394 881 2644 395 881 2645 380 882 2646 388 882 2647 389 882 2648 381 883 2649 389 883 2650 390 883 2651 383 884 2652 382 884 2653 390 884 2654 383 885 2655 391 885 2656 392 885 2657 385 886 2658 384 886 2659 392 886 2660 391 887 2661 390 887 2662 398 887 2663 391 888 2664 399 888 2665 400 888 2666 393 889 2667 392 889 2668 400 889 2669 394 890 2670 393 890 2671 401 890 2672 395 891 2673 394 891 2674 402 891 2675 388 892 2676 396 892 2677 397 892 2678 389 893 2679 397 893 2680 398 893 2681 403 894 2682 402 894 2683 410 894 2684 396 895 2685 404 895 2686 405 895 2687 397 896 2688 405 896 2689 406 896 2690 399 897 2691 398 897 2692 406 897 2693 399 898 2694 407 898 2695 408 898 2696 401 899 2697 400 899 2698 408 899 2699 402 900 2700 401 900 2701 409 900 2702 407 901 2703 415 901 2704 416 901 2705 409 902 2706 408 902 2707 416 902 2708 409 903 2709 417 903 2710 418 903 2711 411 904 2712 410 904 2713 418 904 2714 404 905 2715 412 905 2716 413 905 2717 405 906 2718 413 906 2719 414 906 2720 407 907 2721 406 907 2722 414 907 2723 412 908 2724 421 908 2725 422 908 2726 413 909 2727 422 909 2728 423 909 2729 415 910 2730 414 910 2731 423 910 2732 415 911 2733 424 911 2734 425 911 2735 417 912 2736 416 912 2737 425 912 2738 417 913 2739 426 913 2740 427 913 2741 419 914 2742 418 914 2743 427 914 2744 424 915 2745 432 915 2746 433 915 2747 426 916 2748 425 916 2749 433 916 2750 426 917 2751 434 917 2752 435 917 2753 428 918 2754 427 918 2755 435 918 2756 421 919 2757 429 919 2758 430 919 2759 422 920 2760 430 920 2761 431 920 2762 424 921 2763 423 921 2764 431 921 2765 429 922 2766 437 922 2767 438 922 2768 430 923 2769 438 923 2770 439 923 2771 432 924 2772 431 924 2773 439 924 2774 432 925 2775 440 925 2776 441 925 2777 434 926 2778 433 926 2779 441 926 2780 435 927 2781 434 927 2782 442 927 2783 436 928 2784 435 928 2785 443 928 2786 442 929 2787 441 929 2788 449 929 2789 442 930 2790 450 930 2791 451 930 2792 443 931 2793 451 931 2794 452 931 2795 437 932 2796 445 932 2797 446 932 2798 438 933 2799 446 933 2800 447 933 2801 440 934 2802 439 934 2803 447 934 2804 440 935 2805 448 935 2806 449 935 2807 445 936 2808 453 936 2809 454 936 2810 446 937 2811 454 937 2812 455 937 2813 448 938 2814 447 938 2815 455 938 2816 448 939 2817 456 939 2818 457 939 2819 450 940 2820 449 940 2821 457 940 2822 450 941 2823 458 941 2824 459 941 2825 451 942 2826 459 942 2827 460 942 2828 458 943 2829 457 943 2830 465 943 2831 458 944 2832 466 944 2833 467 944 2834 459 945 2835 467 945 2836 468 945 2837 453 946 2838 461 946 2839 462 946 2840 454 947 2841 462 947 2842 463 947 2843 456 948 2844 455 948 2845 463 948 2846 456 949 2847 464 949 2848 465 949 2849 462 950 2850 470 950 2851 471 950 2852 464 951 2853 463 951 2854 471 951 2855 464 952 2856 472 952 2857 473 952 2858 466 953 2859 465 953 2860 473 953 2861 466 954 2862 474 954 2863 475 954 2864 468 955 2865 467 955 2866 475 955 2867 461 956 2868 469 956 2869 470 956 2870 474 957 2871 482 957 2872 483 957 2873 475 958 2874 483 958 2875 484 958 2876 469 959 2877 477 959 2878 478 959 2879 470 960 2880 478 960 2881 479 960 2882 472 961 2883 471 961 2884 479 961 2885 472 962 2886 480 962 2887 481 962 2888 474 963 2889 473 963 2890 481 963 2891 480 964 2892 479 964 2893 487 964 2894 480 965 2895 488 965 2896 489 965 2897 482 966 2898 481 966 2899 489 966 2900 482 967 2901 490 967 2902 491 967 2903 3 968 2904 260 968 2905 268 968 2906 484 969 2907 483 969 2908 491 969 2909 0 970 2910 257 970 2911 260 970 2912 477 971 2913 485 971 2914 486 971 2915 478 972 2916 486 972 2917 487 972 2918 491 973 2919 499 973 2920 500 973 2921 485 974 2922 493 974 2923 494 974 2924 486 975 2925 494 975 2926 495 975 2927 488 976 2928 487 976 2929 495 976 2930 488 977 2931 496 977 2932 497 977 2933 490 978 2934 489 978 2935 497 978 2936 490 979 2937 498 979 2938 499 979 2939 496 980 2940 495 980 2941 503 980 2942 496 981 2943 504 981 2944 505 981 2945 498 982 2946 497 982 2947 505 982 2948 498 983 2949 506 983 2950 507 983 2951 500 984 2952 499 984 2953 507 984 2954 493 985 2955 501 985 2956 502 985 2957 494 986 2958 502 986 2959 503 986 2960 507 987 2961 512 987 2962 513 987 2963 501 988 2964 257 988 2965 258 988 2966 502 989 2967 258 989 2968 509 989 2969 503 990 2970 509 990 2971 259 990 2972 504 991 2973 259 991 2974 510 991 2975 506 992 2976 505 992 2977 510 992 2978 506 993 2979 511 993 2980 512 993 2981 268 994 2982 276 994 2983 19 994 2984 19 995 2985 276 995 2986 284 995 2987 27 996 2988 284 996 2989 292 996 2990 35 997 2991 292 997 2992 300 997 2993 300 998 2994 308 998 2995 51 998 2996 51 999 2997 308 999 2998 316 999 2999 59 1000 3000 316 1000 3001 324 1000 3002 67 1001 3003 324 1001 3004 332 1001 3005 75 1002 3006 332 1002 3007 340 1002 3008 83 1003 3009 340 1003 3010 348 1003 3011 348 1004 3012 356 1004 3013 99 1004 3014 99 1005 3015 356 1005 3016 364 1005 3017 107 1006 3018 364 1006 3019 372 1006 3020 115 1007 3021 372 1007 3022 380 1007 3023 123 1008 3024 380 1008 3025 388 1008 3026 131 1009 3027 388 1009 3028 396 1009 3029 139 1010 3030 396 1010 3031 404 1010 3032 147 1011 3033 404 1011 3034 412 1011 3035 155 1012 3036 412 1012 3037 421 1012 3038 164 1013 3039 421 1013 3040 429 1013 3041 172 1014 3042 429 1014 3043 437 1014 3044 437 1015 3045 445 1015 3046 188 1015 3047 196 1016 3048 188 1016 3049 445 1016 3050 196 1017 3051 453 1017 3052 461 1017 3053 204 1018 3054 461 1018 3055 469 1018 3056 469 1019 3057 477 1019 3058 220 1019 3059 220 1020 3060 477 1020 3061 485 1020 3062 228 1021 3063 485 1021 3064 493 1021 3065 236 1022 3066 493 1022 3067 501 1022 3068 501 1023 3069 257 1023 3070 0 1023 3071</p>
        </triangles>
      </mesh>
    </geometry>
  </library_geometries>
  <library_visual_scenes>
    <visual_scene id="Scene" name="Scene">
      <node id="Spoon_Generic_Upright" name="Spoon Generic Upright" type="NODE">
        <matrix sid="transform">-0.03331166 0 0 -0.2023324 0 0.01319955 0 0 0 0 0.003188483 0.2841716 0 0 0 1</matrix>
        <instance_geometry url="#Cube_004-mesh" name="Spoon Generic Upright"/>
      </node>
      <node id="Spoon_Yellow" name="Spoon Yellow" type="NODE">
        <matrix sid="transform">-0.01988281 0 -0.002558235 -0.3270013 0 0.01319955 0 0 -0.02672715 0 0.001903118 0.02764022 0 0 0 1</matrix>
        <instance_geometry url="#Cube_005-mesh" name="Spoon Yellow">
          <bind_material>
            <technique_common>
              <instance_material symbol="Yellow-material" target="#Yellow-material">
                <bind_vertex_input semantic="UVMap" input_semantic="TEXCOORD" input_set="0"/>
              </instance_material>
            </technique_common>
          </bind_material>
        </instance_geometry>
      </node>
      <node id="Spoon_Pink" name="Spoon Pink" type="NODE">
        <matrix sid="transform">-0.01988281 0 -0.002558235 -0.3270013 0 0.01319955 0 0 -0.02672715 0 0.001903118 0.02764022 0 0 0 1</matrix>
        <instance_geometry url="#Cube_003-mesh" name="Spoon Pink">
          <bind_material>
            <technique_common>
              <instance_material symbol="Pink-material" target="#Pink-material">
                <bind_vertex_input semantic="UVMap" input_semantic="TEXCOORD" input_set="0"/>
              </instance_material>
            </technique_common>
          </bind_material>
        </instance_geometry>
      </node>
      <node id="Cube_001" name="Cube.001" type="NODE">
        <matrix sid="transform">-0.03331166 0 0 -0.2031636 0 0.01319955 0 0 0 0 0.003188483 0.2317574 0 0 0 1</matrix>
        <instance_geometry url="#Cube_002-mesh" name="Cube.001"/>
      </node>
      <node id="Cube" name="Cube" type="NODE">
        <matrix sid="transform">-0.063948 0 0.0028185 -0.1097891 0 0.01319955 0 0 0.1208999 0 0.001490799 0.1127646 0 0 0 1</matrix>
        <instance_geometry url="#Cube_001-mesh" name="Cube"/>
      </node>
      <node id="inner" name="inner" type="NODE">
        <matrix sid="transform">0.04571046 0 0 0 0 0.05142427 0 0 0 0 0.0512893 0 0 0 0 1</matrix>
        <instance_geometry url="#Sphere_001-mesh" name="inner"/>
      </node>
    </visual_scene>
  </library_visual_scenes>
  <scene>
    <instance_visual_scene url="#Scene"/>
  </scene>
</COLLADA>